Date_nifty_50,Open_nifty_50,High_nifty_50,Low_nifty_50,Close_nifty_50,Adj Close_nifty_50,Volume_nifty_50,oil_price.Close_crude_oil_price
1/2/2018,10477.54981,10495.2002,10404.65039,10442.2002,10442.2002,153400,60.37
1/3/2018,10482.65039,10503.59961,10429.54981,10443.2002,10443.2002,167300,61.63
1/4/2018,10469.40039,10513,10441.4502,10504.79981,10504.79981,174900,62.01
1/5/2018,10534.25,10566.09961,10520.09961,10558.84961,10558.84961,180900,61.44
1/8/2018,10591.7002,10631.2002,10588.54981,10623.59961,10623.59961,169000,61.73
1/9/2018,10645.09961,10659.15039,10603.59961,10637,10637,205000,62.96
1/10/2018,10652.04981,10655.5,10592.7002,10632.2002,10632.2002,176400,63.57
1/11/2018,10637.04981,10664.59961,10612.34961,10651.2002,10651.2002,153800,63.8
1/12/2018,10682.54981,10690.40039,10597.09961,10681.25,10681.25,175200,64.3
1/16/2018,10761.5,10762.34961,10687.84961,10700.4502,10700.4502,211000,63.73
1/17/2018,10702.4502,10803,10666.75,10788.54981,10788.54981,252700,63.97
1/18/2018,10873.40039,10887.5,10782.40039,10817,10817,312000,63.95
1/19/2018,10829.2002,10906.84961,10793.90039,10894.7002,10894.7002,207600,63.37
1/22/2018,10883.2002,10975.09961,10881.40039,10966.2002,10966.2002,231600,63.49
1/23/2018,10997.40039,11092.90039,10994.54981,11083.7002,11083.7002,284600,64.47
1/24/2018,11069.34961,11110.09961,11046.15039,11086,11086,283400,65.61
1/25/2018,11095.59961,11095.59961,11009.2002,11069.65039,11069.65039,330300,65.51
1/29/2018,11079.34961,11171.54981,11075.9502,11130.40039,11130.40039,241700,65.56
1/30/2018,11120.84961,11121.09961,11033.90039,11049.65039,11049.65039,228000,64.5
1/31/2018,11018.79981,11058.5,10979.29981,11027.7002,11027.7002,245900,64.73
2/1/2018,11044.54981,11117.34961,10878.79981,11016.90039,11016.90039,306200,65.8
2/2/2018,10938.2002,10954.9502,10736.09961,10760.59961,10760.59961,282700,65.45
2/5/2018,10604.29981,10702.75,10586.79981,10666.54981,10666.54981,240100,64.15
2/6/2018,10295.15039,10594.15039,10276.29981,10498.25,10498.25,266500,63.39
2/7/2018,10607.2002,10614,10446.40039,10476.7002,10476.7002,250400,61.79
2/8/2018,10518.5,10637.79981,10479.54981,10576.84961,10576.84961,232200,61.15
2/9/2018,10416.5,10480.2002,10398.2002,10454.9502,10454.9502,191600,59.2
2/12/2018,10518.2002,10555.5,10485.40039,10539.75,10539.75,217400,59.29
2/14/2018,10585.75,10590.54981,10456.65039,10500.90039,10500.90039,229200,60.6
2/15/2018,10537.90039,10618.09961,10511.04981,10545.5,10545.5,210600,61.34
2/16/2018,10596.2002,10612.90039,10434.04981,10452.29981,10452.29981,184300,61.68
2/20/2018,10391,10429.34961,10347.65039,10360.40039,10360.40039,187700,61.9
2/21/2018,10426,10426.09961,10349.59961,10397.4502,10397.4502,234100,61.68
2/22/2018,10354.34961,10397.54981,10340.65039,10382.7002,10382.7002,313600,62.77
2/23/2018,10408.09961,10499.09961,10396.65039,10491.04981,10491.04981,210600,63.55
2/26/2018,10526.54981,10592.9502,10520.2002,10582.59961,10582.59961,171900,63.91
2/27/2018,10615.2002,10631.65039,10537.25,10554.29981,10554.29981,187500,63.01
2/28/2018,10488.9502,10535.5,10461.54981,10492.84961,10492.84961,286000,61.64
3/1/2018,10479.9502,10525.5,10447.15039,10458.34961,10458.34961,176000,60.99
3/5/2018,10428.29981,10428.7002,10323.90039,10358.84961,10358.84961,194000,62.57
3/6/2018,10420.5,10441.34961,10215.90039,10249.25,10249.25,222900,62.6
3/7/2018,10232.9502,10243.34961,10141.54981,10154.2002,10154.2002,249500,61.15
3/8/2018,10216.25,10270.34961,10146.40039,10242.65039,10242.65039,226400,60.12
3/9/2018,10271.29981,10296.7002,10211.90039,10226.84961,10226.84961,186500,62.04
3/12/2018,10301.59961,10433.65039,10295.4502,10421.40039,10421.40039,216400,60.71
3/13/2018,10389.5,10478.59961,10377.84961,10426.84961,10426.84961,266700,60.96
3/14/2018,10393.04981,10420.34961,10336.29981,10410.90039,10410.90039,181400,61.19
3/15/2018,10405.4502,10420,10346.2002,10360.15039,10360.15039,173900,62.34
3/19/2018,10215.34961,10224.54981,10075.29981,10094.25,10094.25,210200,63.4
3/20/2018,10051.54981,10155.65039,10049.09961,10124.34961,10124.34961,203000,65.17
3/21/2018,10181.9502,10227.29981,10132.9502,10155.25,10155.25,204800,64.3
3/22/2018,10167.5,10207.84961,10105.40039,10114.75,10114.75,230500,65.88
3/26/2018,9989.150391,10143.5,9958.549805,10130.65039,10130.65039,262600,65.25
3/27/2018,10188,10207.90039,10139.65039,10184.15039,10184.15039,225700,64.38
3/28/2018,10143.59961,10158.34961,10096.90039,10113.7002,10113.7002,344400,64.94
4/2/2018,10151.65039,10220.09961,10127.75,10211.79981,10211.79981,225400,63.51
4/3/2018,10186.84961,10255.34961,10171.04981,10245,10245,205300,63.37
4/4/2018,10274.59961,10279.84961,10111.29981,10128.40039,10128.40039,231100,63.54
4/5/2018,10228.4502,10331.79981,10227.4502,10325.15039,10325.15039,236800,62.06
4/9/2018,10333.7002,10397.7002,10328.5,10379.34961,10379.34961,221600,65.51
4/10/2018,10412.90039,10424.84961,10381.5,10402.25,10402.25,251700,66.82
4/11/2018,10428.15039,10428.15039,10355.59961,10417.15039,10417.15039,250400,67.07
4/12/2018,10410.65039,10469.90039,10395.25,10458.65039,10458.65039,238600,67.39
4/16/2018,10398.29981,10540.15039,10396.34961,10528.34961,10528.34961,195000,66.52
4/17/2018,10557.29981,10560.4502,10495.65039,10548.7002,10548.7002,206100,68.47
4/18/2018,10578.90039,10594.2002,10509.7002,10526.2002,10526.2002,205400,68.29
4/19/2018,10563.65039,10572.2002,10546.2002,10565.29981,10565.29981,262600,68.38
4/23/2018,10592.79981,10638.34961,10514.9502,10584.7002,10584.7002,194200,67.7
4/24/2018,10578.09961,10636.79981,10569,10614.34961,10614.34961,219200,68.05
4/25/2018,10612.40039,10612.59961,10536.4502,10570.54981,10570.54981,189200,68.19
4/26/2018,10586.5,10628.40039,10559.65039,10617.79981,10617.79981,335100,68.1
4/30/2018,10705.75,10759,10704.59961,10739.34961,10739.34961,173800,67.25
5/2/2018,10783.84961,10784.65039,10689.79981,10718.04981,10718.04981,229700,68.43
5/3/2018,10720.15039,10720.59961,10647.4502,10679.65039,10679.65039,185200,69.72
5/7/2018,10653.15039,10725.65039,10635.65039,10715.5,10715.5,168400,69.06
5/8/2018,10757.90039,10758.54981,10689.40039,10717.79981,10717.79981,269800,71.14
5/9/2018,10693.34961,10766.25,10689.84961,10741.7002,10741.7002,215400,71.36
5/10/2018,10779.65039,10785.54981,10705,10716.54981,10716.54981,192100,70.7
5/14/2018,10815.15039,10834.84961,10774.75,10806.59961,10806.59961,171400,71.31
5/15/2018,10812.59961,10929.2002,10781.40039,10801.84961,10801.84961,254300,71.49
5/16/2018,10751.9502,10790.4502,10699.7002,10741.09961,10741.09961,231100,71.49
5/17/2018,10775.59961,10777.25,10664.5,10682.7002,10682.7002,214100,71.28
5/21/2018,10616.7002,10621.7002,10505.79981,10516.7002,10516.7002,0,72.13
5/22/2018,10518.4502,10558.59961,10490.54981,10536.7002,10536.7002,241700,71.84
5/23/2018,10521.09961,10533.54981,10417.79981,10430.34961,10430.34961,290900,70.71
5/24/2018,10464.84961,10535.15039,10419.79981,10513.84961,10513.84961,297600,67.88
5/28/2018,10648.34961,10709.79981,10640.54981,10688.65039,10688.65039,232600,66.73
5/29/2018,10689.40039,10717.25,10616.09961,10633.29981,10633.29981,225800,68.21
5/30/2018,10579,10648.7002,10558.4502,10614.34961,10614.34961,238700,67.04
5/31/2018,10670.09961,10763.79981,10620.40039,10736.15039,10736.15039,610300,65.81
6/4/2018,10765.9502,10770.29981,10618.34961,10628.5,10628.5,203800,65.52
6/5/2018,10630.7002,10633.15039,10550.90039,10593.15039,10593.15039,167700,64.73
6/6/2018,10603.4502,10698.34961,10587.5,10684.65039,10684.65039,189900,65.95
6/7/2018,10722.59961,10818,10722.59961,10768.34961,10768.34961,220900,65.74
6/11/2018,10781.84961,10850.54981,10777.04981,10786.9502,10786.9502,211400,66.36
6/12/2018,10816.15039,10856.54981,10789.40039,10842.84961,10842.84961,198300,66.64
6/13/2018,10887.5,10893.25,10842.65039,10856.7002,10856.7002,213400,66.89
6/14/2018,10832.90039,10833.7002,10773.54981,10808.04981,10808.04981,184300,65.06
6/18/2018,10830.2002,10830.2002,10787.34961,10799.84961,10799.84961,196600,65.07
6/19/2018,10789.4502,10789.4502,10701.2002,10710.4502,10710.4502,224500,66.22
6/20/2018,10734.65039,10781.79981,10724.04981,10772.04981,10772.04981,193500,65.54
6/21/2018,10808.4502,10809.59961,10725.90039,10741.09961,10741.09961,223600,68.58
6/25/2018,10822.90039,10831.04981,10753.04981,10762.4502,10762.4502,229600,70.53
6/26/2018,10742.7002,10805.25,10732.54981,10769.15039,10769.15039,220000,72.76
6/27/2018,10785.5,10785.5,10652.40039,10671.40039,10671.40039,246000,73.45
6/28/2018,10660.79981,10674.2002,10557.7002,10589.09961,10589.09961,352300,74.15
7/3/2018,10668.59961,10713.29981,10630.25,10699.90039,10699.90039,202100,74.14
7/4/2018,10715,10777.15039,10677.75,10769.90039,10769.90039,173900,72.94
7/5/2018,10786.04981,10786.04981,10726.25,10749.75,10749.75,220500,73.8
7/9/2018,10838.29981,10860.34961,10807.15039,10852.90039,10852.90039,183600,74.11
7/10/2018,10902.75,10956.90039,10876.65039,10947.25,10947.25,197000,70.38
7/11/2018,10956.40039,10976.65039,10923,10948.29981,10948.29981,222300,70.33
7/12/2018,11006.9502,11078.29981,10999.65039,11023.2002,11023.2002,248300,71.01
7/16/2018,11018.9502,11019.5,10926.25,10936.84961,10936.84961,210500,68.08
7/17/2018,10939.65039,11018.5,10925.59961,11008.04981,11008.04981,210600,68.76
7/18/2018,11060.2002,11076.2002,10956.29981,10980.4502,10980.4502,225500,69.46
7/19/2018,10999.5,11006.5,10935.4502,10957.09961,10957.09961,215400,70.46
7/23/2018,11019.84961,11093.40039,11010.9502,11084.75,11084.75,229100,68.52
7/24/2018,11109,11143.40039,11092.5,11134.29981,11134.29981,205800,69.3
7/25/2018,11148.40039,11157.15039,11113.25,11132,11132,205900,69.61
7/26/2018,11132.9502,11185.84961,11125.7002,11167.29981,11167.29981,365400,68.69
7/30/2018,11296.65039,11328.09961,11261.4502,11319.54981,11319.54981,278800,68.76
7/31/2018,11311.04981,11366,11267.75,11356.5,11356.5,256500,67.66
8/1/2018,11359.79981,11390.54981,11313.54981,11346.2002,11346.2002,269700,68.96
8/2/2018,11328.90039,11328.90039,11234.9502,11244.7002,11244.7002,210000,68.49
8/6/2018,11401.5,11427.65039,11370.59961,11387.09961,11387.09961,203700,69.17
8/7/2018,11423.15039,11428.9502,11359.7002,11389.4502,11389.4502,226400,66.94
8/8/2018,11412.5,11459.9502,11379.29981,11450,11450,210500,66.81
8/9/2018,11493.25,11495.2002,11454.09961,11470.7002,11470.7002,302200,67.63
8/13/2018,11369.59961,11406.29981,11340.29981,11355.75,11355.75,246900,67.04
8/14/2018,11381.7002,11452.4502,11370.79981,11435.09961,11435.09961,232600,65.01
8/16/2018,11397.15039,11449.84961,11366.25,11385.04981,11385.04981,290600,65.91
8/20/2018,11502.09961,11565.29981,11499.65039,11551.75,11551.75,232600,67.35
8/21/2018,11576.2002,11581.75,11539.59961,11570.90039,11570.90039,224200,67.86
8/23/2018,11620.7002,11620.7002,11546.7002,11582.75,11582.75,248500,68.72
8/27/2018,11605.84961,11700.9502,11595.59961,11691.9502,11691.9502,199500,68.53
8/28/2018,11731.9502,11760.2002,11710.5,11738.5,11738.5,241900,69.51
8/29/2018,11744.9502,11753.2002,11678.84961,11691.90039,11691.90039,251600,70.25
8/30/2018,11694.75,11698.79981,11639.7002,11676.79981,11676.79981,313800,69.8
9/3/2018,11751.79981,11751.79981,11567.40039,11582.34961,11582.34961,234400,69.87
9/4/2018,11598.75,11602.54981,11496.84961,11520.29981,11520.29981,254800,68.72
9/5/2018,11514.84961,11542.65039,11393.84961,11476.9502,11476.9502,246100,67.77
9/6/2018,11514.15039,11562.25,11436.04981,11536.90039,11536.90039,247900,67.75
9/10/2018,11570.25,11573,11427.29981,11438.09961,11438.09961,286700,69.25
9/11/2018,11476.84961,11479.40039,11274,11287.5,11287.5,0,70.37
9/12/2018,11340.09961,11380.75,11250.2002,11369.90039,11369.90039,268200,68.59
9/17/2018,11464.9502,11464.9502,11366.90039,11377.75,11377.75,201400,69.85
9/18/2018,11381.54981,11411.4502,11268.9502,11278.90039,11278.90039,240900,71.12
9/19/2018,11326.65039,11332.04981,11210.90039,11234.34961,11234.34961,250600,70.8
9/24/2018,11164.40039,11170.15039,10943.59961,10967.40039,10967.40039,0,72.28
9/25/2018,10969.9502,11080.59961,10882.84961,11067.4502,11067.4502,405000,71.57
9/26/2018,11145.54981,11145.54981,10993.04981,11053.79981,11053.79981,340500,72.12
9/27/2018,11079.79981,11089.4502,10953.34961,10977.54981,10977.54981,405700,73.25
10/1/2018,10930.90039,11035.65039,10821.54981,11008.29981,11008.29981,387000,75.23
10/3/2018,10982.7002,10989.04981,10843.75,10858.25,10858.25,386800,74.33
10/4/2018,10754.7002,10754.7002,10547.25,10599.25,10599.25,425100,74.34
10/8/2018,10310.15039,10398.34961,10198.40039,10348.04981,10348.04981,456200,74.96
10/9/2018,10390.29981,10397.59961,10279.34961,10301.04981,10301.04981,430500,73.17
10/10/2018,10331.84961,10482.34961,10318.25,10460.09961,10460.09961,0,70.97
10/11/2018,10169.79981,10335.9502,10138.59961,10234.65039,10234.65039,483500,71.34
10/15/2018,10524.2002,10526.29981,10410.15039,10512.5,10512.5,259500,71.92
10/16/2018,10550.15039,10604.90039,10525.29981,10584.75,10584.75,265200,69.75
10/17/2018,10688.7002,10710.15039,10436.4502,10453.04981,10453.04981,284800,68.65
10/22/2018,10405.84961,10408.54981,10224,10245.25,10245.25,297300,66.43
10/23/2018,10152.59961,10222.09961,10102.34961,10146.79981,10146.79981,302600,66.82
10/24/2018,10278.15039,10290.65039,10126.7002,10224.75,10224.75,351400,67.33
10/25/2018,10135.04981,10166.59961,10079.29981,10124.90039,10124.90039,0,67.59
10/29/2018,10078.09961,10275.29981,10020.34961,10250.84961,10250.84961,364400,66.18
10/30/2018,10239.40039,10285.09961,10175.34961,10198.40039,10198.40039,289800,65.31
10/31/2018,10209.54981,10396,10105.09961,10386.59961,10386.59961,375000,63.69
11/1/2018,10441.7002,10441.90039,10341.90039,10380.4502,10380.4502,348500,63.14
11/5/2018,10558.75,10558.79981,10477,10524,10524,301900,63.1
11/6/2018,10552,10600.25,10491.4502,10530,10530,0,62.21
11/7/2018,10614.4502,10616.4502,10582.29981,10598.40039,10598.40039,31200,61.67
11/9/2018,10614.7002,10619.54981,10544.84961,10585.2002,10585.2002,296600,60.19
11/12/2018,10607.79981,10645.5,10464.04981,10482.2002,10482.2002,259700,59.93
11/13/2018,10451.90039,10596.25,10440.54981,10582.5,10582.5,254600,55.69
11/14/2018,10634.90039,10651.59961,10532.7002,10576.29981,10576.29981,384500,56.25
11/15/2018,10580.59961,10646.5,10557.5,10616.7002,10616.7002,0,56.46
11/16/2018,10644,10695.15039,10631.15039,10682.2002,10682.2002,342800,56.46
11/19/2018,10731.25,10774.7002,10688.79981,10763.40039,10763.40039,272100,56.76
11/20/2018,10740.09961,10740.84961,10640.84961,10656.2002,10656.2002,295200,53.43
11/21/2018,10670.9502,10671.29981,10562.34961,10600.04981,10600.04981,300900,54.63
11/26/2018,10568.29981,10637.79981,10489.75,10628.59961,10628.59961,0,51.63
11/27/2018,10621.4502,10695.15039,10596.34961,10685.59961,10685.59961,0,51.56
11/28/2018,10708.75,10757.79981,10699.84961,10728.84961,10728.84961,424500,50.29
11/29/2018,10808.7002,10883.04981,10782.34961,10858.7002,10858.7002,691300,51.45
11/30/2018,10892.09961,10922.4502,10835.09961,10876.75,10876.75,453900,50.93
12/3/2018,10930.7002,10941.2002,10845.34961,10883.75,10883.75,409700,52.95
12/4/2018,10877.09961,10890.9502,10833.34961,10869.5,10869.5,322100,53.25
12/6/2018,10718.15039,10722.65039,10588.25,10601.15039,10601.15039,318500,51.49
12/7/2018,10644.79981,10704.54981,10599.34961,10693.7002,10693.7002,325800,52.61
12/10/2018,10508.7002,10558.84961,10474.9502,10488.4502,10488.4502,381300,51
12/11/2018,10350.04981,10567.15039,10333.84961,10549.15039,10549.15039,425500,51.65
12/12/2018,10591,10752.2002,10560.79981,10737.59961,10737.59961,360500,51.15
12/13/2018,10810.75,10838.59961,10749.5,10791.54981,10791.54981,376200,52.58
12/14/2018,10784.5,10815.75,10752.09961,10805.4502,10805.4502,340100,51.2
12/17/2018,10853.2002,10900.34961,10844.84961,10888.34961,10888.34961,296900,49.88
12/18/2018,10850.90039,10915.40039,10819.09961,10908.7002,10908.7002,286100,46.24
12/19/2018,10930.54981,10985.15039,10928,10967.29981,10967.29981,312100,47.2
12/20/2018,10885.2002,10962.54981,10880.04981,10951.7002,10951.7002,318900,45.88
12/21/2018,10944.25,10963.65039,10738.65039,10754,10754,377500,45.59
12/24/2018,10780.90039,10782.29981,10649.25,10663.5,10663.5,223400,42.53
12/26/2018,10635.4502,10747.5,10534.54981,10729.84961,10729.84961,263700,46.22
12/27/2018,10817.90039,10834.2002,10764.4502,10779.79981,10779.79981,456100,44.61
12/28/2018,10820.9502,10893.59961,10817.15039,10859.90039,10859.90039,245500,45.33
12/31/2018,10913.2002,10923.54981,10853.2002,10862.54981,10862.54981,180900,45.41
1/2/2019,10868.84961,10895.34961,10735.04981,10792.5,10792.5,309700,46.54
1/3/2019,10796.79981,10814.04981,10661.25,10672.25,10672.25,286200,47.09
1/4/2019,10699.7002,10741.04981,10628.65039,10727.34961,10727.34961,296600,47.96
1/7/2019,10804.84961,10835.9502,10750.15039,10771.79981,10771.79981,269400,48.52
1/8/2019,10786.25,10818.4502,10733.25,10802.15039,10802.15039,277700,49.78
1/9/2019,10862.40039,10870.40039,10749.40039,10855.15039,10855.15039,333000,52.36
1/10/2019,10859.34961,10859.34961,10801.79981,10821.59961,10821.59961,254400,52.59
1/11/2019,10834.75,10850.15039,10739.40039,10794.9502,10794.9502,260800,51.59
1/14/2019,10807,10808,10692.34961,10737.59961,10737.59961,298800,50.51
1/15/2019,10777.54981,10896.9502,10777.54981,10886.79981,10886.79981,310700,52.11
1/16/2019,10899.65039,10928.15039,10876.90039,10890.29981,10890.29981,276500,52.31
1/17/2019,10920.84961,10930.65039,10844.65039,10905.2002,10905.2002,271700,52.07
1/18/2019,10914.84961,10928.2002,10852.2002,10906.9502,10906.9502,323800,53.8
1/22/2019,10949.79981,10949.79981,10864.15039,10922.75,10922.75,300800,52.57
1/23/2019,10931.04981,10944.79981,10811.9502,10831.5,10831.5,298900,52.62
1/24/2019,10844.04981,10866.59961,10798.65039,10849.79981,10849.79981,361100,53.13
1/25/2019,10859.75,10931.7002,10756.4502,10780.54981,10780.54981,463400,53.69
1/28/2019,10792.4502,10804.4502,10630.9502,10661.54981,10661.54981,419700,51.99
1/29/2019,10653.7002,10690.34961,10583.65039,10652.2002,10652.2002,356900,53.31
1/30/2019,10702.25,10710.2002,10612.84961,10651.79981,10651.79981,410100,54.23
1/31/2019,10690.54981,10838.04981,10678.54981,10830.9502,10830.9502,604800,53.79
2/1/2019,10851.34961,10983.4502,10813.4502,10893.65039,10893.65039,482300,55.26
2/4/2019,10876.75,10927.90039,10814.15039,10912.25,10912.25,318300,54.56
2/5/2019,10908.65039,10956.7002,10886.7002,10934.34961,10934.34961,268100,53.66
2/6/2019,10965.09961,11072.59961,10962.7002,11062.4502,11062.4502,298500,54.01
2/7/2019,11070.4502,11118.09961,11043.59961,11069.40039,11069.40039,263500,52.64
2/8/2019,11023.5,11041.2002,10925.4502,10943.59961,10943.59961,352800,52.72
2/11/2019,10930.90039,10930.90039,10857.09961,10888.79981,10888.79981,286000,52.41
2/12/2019,10879.7002,10910.90039,10823.79981,10831.40039,10831.40039,292300,53.1
2/14/2019,10786.09961,10792.7002,10718.75,10746.04981,10746.04981,627000,54.41
2/15/2019,10780.25,10785.75,10620.40039,10724.40039,10724.40039,521900,55.59
2/19/2019,10636.7002,10722.84961,10585.65039,10604.34961,10604.34961,291500,56.09
2/20/2019,10655.4502,10752.7002,10646.40039,10735.4502,10735.4502,289200,56.92
2/21/2019,10744.09961,10808.84961,10721.5,10789.84961,10789.84961,279600,56.96
2/22/2019,10782.7002,10801.54981,10758.40039,10791.65039,10791.65039,396800,57.26
2/25/2019,10813.25,10887.09961,10788.04981,10880.09961,10880.09961,385900,55.48
2/26/2019,10775.29981,10888.75,10729.29981,10835.29981,10835.29981,415000,55.5
2/27/2019,10881.2002,10939.7002,10751.2002,10806.65039,10806.65039,381100,56.94
2/28/2019,10865.7002,10865.7002,10784.84961,10792.5,10792.5,644200,57.22
3/1/2019,10842.65039,10877.90039,10823.09961,10863.5,10863.5,308500,55.8
3/5/2019,10864.84961,10994.90039,10817,10987.4502,10987.4502,373200,56.56
3/6/2019,11024.84961,11062.29981,10998.84961,11053,11053,372600,56.22
3/7/2019,11077.9502,11089.04981,11027.09961,11058.2002,11058.2002,321200,56.66
3/8/2019,11038.84961,11049,11008.9502,11035.40039,11035.40039,326600,56.07
3/11/2019,11068.75,11180.90039,11059.84961,11168.04981,11168.04981,352200,56.87
3/12/2019,11231.34961,11320.40039,11227,11301.2002,11301.2002,391300,58.26
3/13/2019,11326.2002,11352.29981,11276.59961,11341.7002,11341.7002,383000,58.61
3/14/2019,11382.5,11383.4502,11313.75,11343.25,11343.25,294500,58.52
3/18/2019,11473.84961,11530.15039,11412.5,11462.2002,11462.2002,320300,59.03
3/19/2019,11500.29981,11543.84961,11451.25,11532.40039,11532.40039,326100,59.83
3/20/2019,11553.34961,11556.09961,11503.09961,11521.04981,11521.04981,366300,59.98
3/25/2019,11395.65039,11395.65039,11311.59961,11354.25,11354.25,294500,59.94
3/26/2019,11375.2002,11496.75,11352.4502,11483.25,11483.25,282600,59.41
3/27/2019,11531.4502,11546.2002,11413,11445.04981,11445.04981,350400,59.3
3/28/2019,11463.65039,11588.5,11452.4502,11570,11570,527700,60.14
4/1/2019,11665.2002,11738.09961,11644.75,11669.15039,11669.15039,379600,62.58
4/2/2019,11711.54981,11729.34961,11655.84961,11713.2002,11713.2002,386100,62.46
4/3/2019,11735.29981,11761,11629.15039,11643.9502,11643.9502,365800,62.1
4/4/2019,11660.2002,11662.54981,11559.2002,11598,11598,349000,63.08
4/8/2019,11704.34961,11710.29981,11549.09961,11604.5,11604.5,260900,63.98
4/9/2019,11612.04981,11683.90039,11569.7002,11671.9502,11671.9502,300500,64.61
4/10/2019,11646.84961,11680.04981,11571.75,11584.29981,11584.29981,359900,63.58
4/11/2019,11592.54981,11606.7002,11550.54981,11596.7002,11596.7002,279800,63.89
4/15/2019,11667,11704.59961,11648.25,11690.34961,11690.34961,290000,64.05
4/16/2019,11736.2002,11810.9502,11731.54981,11787.15039,11787.15039,354300,63.76
4/22/2019,11727.04981,11727.04981,11583.9502,11594.4502,11594.4502,260400,66.3
4/23/2019,11612.9502,11645.9502,11564.79981,11575.9502,11575.9502,272500,65.89
4/24/2019,11601.5,11740.84961,11578.84961,11726.15039,11726.15039,335200,65.21
4/25/2019,11735.7002,11796.75,11624.29981,11641.79981,11641.79981,604400,63.3
4/30/2019,11748.75,11756.25,11655.90039,11748.15039,11748.15039,532600,63.6
5/2/2019,11725.54981,11789.29981,11699.54981,11724.75,11724.75,380300,61.94
5/6/2019,11605.79981,11632.54981,11571.34961,11598.25,11598.25,299000,61.4
5/7/2019,11651.5,11657.04981,11484.4502,11497.90039,11497.90039,337500,62.12
5/8/2019,11478.7002,11479.09961,11346.9502,11359.4502,11359.4502,372800,61.7
5/9/2019,11322.40039,11357.59961,11255.04981,11301.79981,11301.79981,373000,61.66
5/13/2019,11258.7002,11300.2002,11125.59961,11148.2002,11148.2002,357600,61.78
5/14/2019,11151.65039,11294.75,11108.29981,11222.04981,11222.04981,398100,62.02
5/15/2019,11271.7002,11286.79981,11136.9502,11157,11157,414200,62.87
5/16/2019,11180.34961,11281.54981,11143.34961,11257.09961,11257.09961,350700,62.76
5/20/2019,11651.90039,11845.2002,11591.7002,11828.25,11828.25,452100,62.99
5/21/2019,11863.65039,11883.54981,11682.79981,11709.09961,11709.09961,381000,61.42
5/22/2019,11727.9502,11784.79981,11682.40039,11737.90039,11737.90039,355900,57.91
5/23/2019,11901.29981,12041.15039,11614.5,11657.04981,11657.04981,569000,58.63
5/27/2019,11855.5,11957.15039,11812.40039,11924.75,11924.75,348400,59.14
5/28/2019,11958.34961,11958.54981,11864.90039,11928.75,11928.75,598300,58.81
5/29/2019,11905.79981,11931.90039,11836.79981,11861.09961,11861.09961,318100,56.59
5/30/2019,11865.29981,11968.54981,11859.40039,11945.90039,11945.90039,421200,53.5
6/3/2019,11953.75,12103.04981,11920.09961,12088.54981,12088.54981,315300,53.48
6/4/2019,12052.65039,12095.2002,12005.84961,12021.65039,12021.65039,289200,51.68
6/6/2019,12039.79981,12039.79981,11830.25,11843.75,11843.75,415200,53.99
6/10/2019,11934.90039,11975.04981,11871.75,11922.7002,11922.7002,303300,53.27
6/11/2019,11959.84961,12000.34961,11904.34961,11965.59961,11965.59961,332200,51.14
6/12/2019,11962.4502,11962.4502,11866.34961,11906.2002,11906.2002,283700,52.28
6/13/2019,11873.90039,11931.34961,11817.04981,11914.04981,11914.04981,447900,52.51
6/17/2019,11844,11844.04981,11657.75,11672.15039,11672.15039,295500,53.9
6/18/2019,11677.04981,11727.2002,11641.15039,11691.5,11691.5,365500,53.76
6/19/2019,11744.4502,11802.5,11625.09961,11691.4502,11691.4502,446900,56.65
6/20/2019,11653.65039,11843.5,11635.04981,11831.75,11831.75,442000,57.43
6/24/2019,11725.79981,11754,11670.2002,11699.65039,11699.65039,277600,57.83
6/25/2019,11681,11814.40039,11651,11796.4502,11796.4502,300500,59.38
6/26/2019,11768.15039,11871.84961,11757.54981,11847.54981,11847.54981,327900,59.43
6/27/2019,11860.84961,11911.15039,11821.04981,11841.54981,11841.54981,480200,58.47
7/1/2019,11839.90039,11884.65039,11830.79981,11865.59961,11865.59961,278400,56.25
7/3/2019,11932.15039,11945.2002,11887.04981,11916.75,11916.75,340500,57.34
7/4/2019,11928.79981,11969.25,11923.65039,11946.75,11946.75,333600,57.51
7/8/2019,11770.40039,11771.90039,11523.29981,11558.59961,11558.59961,464000,57.83
7/9/2019,11531.59961,11582.54981,11461,11555.90039,11555.90039,442500,60.43
7/10/2019,11536.15039,11593.7002,11475.65039,11498.90039,11498.90039,337600,60.2
7/11/2019,11561.4502,11599,11519.5,11582.90039,11582.90039,317300,60.21
7/15/2019,11614.75,11618.40039,11532.29981,11588.34961,11588.34961,368800,57.62
7/16/2019,11596.65039,11670.04981,11573.9502,11662.59961,11662.59961,480200,56.78
7/17/2019,11670.75,11706.65039,11651.15039,11687.5,11687.5,464800,55.3
7/18/2019,11675.59961,11677.15039,11582.40039,11596.90039,11596.90039,498300,55.63
7/22/2019,11392.84961,11398.15039,11301.25,11346.2002,11346.2002,516000,56.77
7/23/2019,11372.25,11398.15039,11302.79981,11331.04981,11331.04981,458900,55.88
7/24/2019,11322.4502,11359.75,11229.79981,11271.29981,11271.29981,413200,56.02
7/25/2019,11290.40039,11361.40039,11239.34961,11252.15039,11252.15039,553700,56.2
7/29/2019,11307.5,11310.9502,11152.40039,11189.2002,11189.2002,482900,58.05
7/30/2019,11213.7002,11267.4502,11072.65039,11085.40039,11085.40039,479100,58.58
7/31/2019,11034.04981,11145.29981,10999.40039,11118,11118,536700,53.95
8/1/2019,11060.2002,11076.75,10881,10980,10980,499900,55.66
8/5/2019,10895.79981,10895.79981,10782.59961,10862.59961,10862.59961,506600,53.63
8/6/2019,10815.40039,11018.54981,10813.79981,10948.25,10948.25,517900,51.09
8/7/2019,10958.09961,10975.65039,10835.90039,10855.5,10855.5,548500,52.54
8/8/2019,10899.2002,11058.04981,10842.9502,11032.4502,11032.4502,482500,54.5
8/13/2019,11139.40039,11145.90039,10901.59961,10925.84961,10925.84961,624600,55.23
8/14/2019,11003.25,11078.15039,10935.59961,11029.40039,11029.40039,511500,54.47
8/19/2019,11094.79981,11146.90039,11037.84961,11053.90039,11053.90039,369500,56.34
8/20/2019,11063.90039,11076.29981,10985.29981,11017,11017,444700,55.68
8/21/2019,11018.15039,11034.2002,10906.65039,10918.7002,10918.7002,557900,55.35
8/22/2019,10905.29981,10908.25,10718.29981,10741.34961,10741.34961,668200,54.17
8/26/2019,11000.29981,11070.29981,10756.54981,11057.84961,11057.84961,684100,54.93
8/27/2019,11106.54981,11141.75,11049.5,11105.34961,11105.34961,685600,55.78
8/28/2019,11101.29981,11129.65039,10987.65039,11046.09961,11046.09961,550000,56.71
8/29/2019,10996.04981,11021.09961,10922.40039,10948.29981,10948.29981,649900,55.1
9/3/2019,10960.9502,10967.5,10772.7002,10797.90039,10797.90039,483000,56.26
9/4/2019,10790.40039,10858.75,10746.34961,10844.65039,10844.65039,508800,56.3
9/5/2019,10860.9502,10920.09961,10816,10847.90039,10847.90039,595700,56.52
9/9/2019,10936.7002,11028.84961,10889.79981,11003.04981,11003.04981,412500,57.4
9/11/2019,11028.5,11054.79981,11011.65039,11035.7002,11035.7002,687100,55.09
9/12/2019,11058.29981,11081.75,10964.9502,10982.79981,10982.79981,551400,54.85
9/16/2019,10994.84961,11052.7002,10968.2002,11003.5,11003.5,434500,59.34
9/17/2019,11000.09961,11000.09961,10796.5,10817.59961,10817.59961,482000,58.11
9/18/2019,10872.79981,10885.15039,10804.84961,10840.65039,10840.65039,519200,58.13
9/19/2019,10845.2002,10845.2002,10670.25,10704.79981,10704.79981,642600,58.09
9/23/2019,11542.7002,11694.84961,11471.34961,11600.2002,11600.2002,882800,57.29
9/24/2019,11590.7002,11655.04981,11539.2002,11588.2002,11588.2002,651700,56.49
9/25/2019,11564.84961,11564.9502,11416.09961,11440.2002,11440.2002,629100,56.41
9/26/2019,11469.84961,11610.84961,11466.34961,11571.2002,11571.2002,844500,55.91
9/30/2019,11491.15039,11508.25,11390.79981,11474.4502,11474.4502,756800,53.62
10/1/2019,11515.40039,11554.2002,11247.90039,11359.90039,11359.90039,1305400,52.64
10/3/2019,11322.25,11370.40039,11257.34961,11314,11314,1017500,52.81
10/7/2019,11196.2002,11233.84961,11112.65039,11126.40039,11126.40039,733200,52.63
10/9/2019,11152.9502,11321.59961,11090.15039,11313.29981,11313.29981,741100,53.55
10/10/2019,11280.5,11293.34961,11208.54981,11234.54981,11234.54981,562000,54.7
10/14/2019,11335.90039,11420.4502,11290.04981,11341.15039,11341.15039,587600,52.81
10/15/2019,11360.84961,11462.34961,11342.09961,11428.29981,11428.29981,527400,53.36
10/16/2019,11464.9502,11481.04981,11411.09961,11464,11464,533500,53.93
10/17/2019,11466.29981,11599.09961,11439.65039,11586.34961,11586.34961,797600,53.78
10/22/2019,11657.15039,11714.34961,11573.65039,11588.34961,11588.34961,867600,55.97
10/23/2019,11596.2002,11651.59961,11554.40039,11604.09961,11604.09961,664200,56.23
10/24/2019,11661.65039,11679.59961,11534.65039,11582.59961,11582.59961,700500,56.66
10/27/2019,,,,,,,55.81
10/29/2019,11643.9502,11809.40039,11627.34961,11786.84961,11786.84961,951700,55.06
10/30/2019,11883.90039,11883.9502,11784.4502,11844.09961,11844.09961,725200,54.18
10/31/2019,11890.4502,11945,11855.09961,11877.4502,11877.4502,1414800,56.2
11/4/2019,11928.90039,11989.15039,11905.34961,11941.29981,11941.29981,823100,56.54
11/5/2019,11974.59961,11978.9502,11861.90039,11917.2002,11917.2002,632000,57.23
11/6/2019,11911.5,12002.90039,11850.25,11966.04981,11966.04981,603400,56.35
11/7/2019,12021.09961,12021.40039,11946.84961,12012.04981,12012.04981,563000,57.15
11/8/2019,11987.15039,12034.15039,11888.75,11908.15039,11908.15039,789300,57.24
11/11/2019,11879.2002,11932.65039,11853.9502,11913.4502,11913.4502,549000,56.86
11/13/2019,11908.29981,11946.79981,11823.2002,11840.4502,11840.4502,659000,57.12
11/14/2019,11858.75,11895.65039,11802.65039,11872.09961,11872.09961,559500,56.77
11/15/2019,11904.2002,11973.65039,11879.25,11895.4502,11895.4502,580200,57.72
11/18/2019,11915.15039,11946.2002,11867.59961,11884.5,11884.5,514400,57.05
11/19/2019,11919.4502,11958.84961,11881.75,11940.09961,11940.09961,613900,55.21
11/20/2019,12004.75,12038.59961,11966.04981,11999.09961,11999.09961,646700,57.11
11/21/2019,12025.65039,12028.2002,11956.90039,11968.40039,11968.40039,557700,58.58
11/22/2019,11967.29981,11968.09961,11883.5,11914.40039,11914.40039,486800,57.77
11/25/2019,11922.4502,12084.5,11919.75,12073.75,12073.75,534300,58.01
11/26/2019,12110.2002,12132.4502,12006.34961,12037.7002,12037.7002,1201300,58.41
11/27/2019,12068.5,12114.90039,12055.15039,12100.7002,12100.7002,584200,58.11
11/29/2019,12146.2002,12147.40039,12017.40039,12056.04981,12056.04981,804400,55.17
12/2/2019,12137.04981,12137.15039,12023.7002,12048.2002,12048.2002,720900,55.96
12/3/2019,12067.65039,12068.59961,11956.40039,11994.2002,11994.2002,605800,56.1
12/4/2019,11969.9502,12054.7002,11935.29981,12043.2002,12043.2002,747200,58.43
12/5/2019,12071.25,12081.2002,11998.75,12018.40039,12018.40039,562200,58.43
12/6/2019,12047.34961,12057.04981,11888.84961,11921.5,11921.5,609200,59.2
12/9/2019,11939.09961,11981.9502,11888.04981,11937.5,11937.5,599100,59.02
12/10/2019,11950.5,11953.2002,11844.7002,11856.79981,11856.79981,650200,59.24
12/11/2019,11867.34961,11923.2002,11832.29981,11910.15039,11910.15039,997700,58.76
12/12/2019,11944.29981,12005.5,11934,11971.79981,11971.79981,752600,59.18
12/13/2019,12026.40039,12098.84961,12023.59961,12086.7002,12086.7002,597700,60.07
12/16/2019,12131.34961,12134.65039,12046.29981,12053.9502,12053.9502,437700,60.21
12/17/2019,12082.4502,12182.75,12070.34961,12165,12165,499600,60.94
12/18/2019,12197,12237.7002,12163.4502,12221.65039,12221.65039,518900,60.93
12/19/2019,12223.40039,12268.34961,12191.15039,12259.7002,12259.7002,623100,61.22
12/20/2019,12266.4502,12293.90039,12252.75,12271.79981,12271.79981,810700,60.44
12/23/2019,12235.4502,12287.15039,12213.25,12262.75,12262.75,604800,60.52
12/24/2019,12269.25,12283.7002,12202.09961,12214.54981,12214.54981,470300,61.11
12/26/2019,12211.84961,12221.54981,12118.84961,12126.54981,12126.54981,520300,61.68
12/27/2019,12172.90039,12258.4502,12157.90039,12245.79981,12245.79981,383800,61.72
12/30/2019,12274.90039,12286.4502,12213.79981,12255.84961,12255.84961,411100,61.68
12/31/2019,12247.09961,12247.09961,12151.79981,12168.4502,12168.4502,426900,61.06
1/2/2020,12198.54981,12289.90039,12195.25,12282.2002,12282.2002,407700,61.18
1/3/2020,12261.09961,12265.59961,12191.34961,12226.65039,12226.65039,428800,63.05
1/6/2020,12170.59961,12179.09961,11974.2002,11993.04981,11993.04981,396500,63.27
1/7/2020,12079.09961,12152.15039,12005.34961,12052.9502,12052.9502,447800,62.7
1/8/2020,11939.09961,12044.9502,11929.59961,12025.34961,12025.34961,446000,59.61
1/9/2020,12153.15039,12224.04981,12132.54981,12215.90039,12215.90039,477500,59.56
1/10/2020,12271,12311.2002,12213.2002,12256.79981,12256.79981,660600,59.04
1/13/2020,12296.7002,12337.75,12285.79981,12329.54981,12329.54981,501000,58.08
1/14/2020,12333.09961,12374.25,12308.7002,12362.29981,12362.29981,616300,58.23
1/15/2020,12349.40039,12355.15039,12278.75,12343.29981,12343.29981,684400,57.81
1/16/2020,12347.09961,12389.04981,12315.79981,12355.5,12355.5,395700,58.52
1/17/2020,12328.40039,12385.4502,12321.40039,12352.34961,12352.34961,502100,58.54
1/21/2020,12195.29981,12230.04981,12162.29981,12169.84961,12169.84961,400,58.34
1/22/2020,12218.34961,12225.04981,12087.90039,12106.90039,12106.90039,500,56.74
1/23/2020,12123.75,12189,12094.09961,12180.34961,12180.34961,867700,55.59
1/24/2020,12174.54981,12272.15039,12149.65039,12248.25,12248.25,593200,54.19
1/27/2020,12197.09961,12216.59961,12107,12119,12119,441200,53.14
1/28/2020,12148.09961,12163.54981,12024.5,12055.79981,12055.79981,478500,53.48
1/29/2020,12114.90039,12169.59961,12103.79981,12129.5,12129.5,514400,53.33
1/30/2020,12147.75,12150.29981,12010.59961,12035.79981,12035.79981,538100,52.14
1/31/2020,12100.40039,12103.54981,11945.84961,11962.09961,11962.09961,771300,51.56
2/3/2020,11627.4502,11749.84961,11614.5,11707.90039,11707.90039,669800,50.11
2/4/2020,11786.25,11986.15039,11783.40039,11979.65039,11979.65039,560400,49.61
2/5/2020,12005.84961,12098.15039,11953.34961,12089.15039,12089.15039,758000,50.75
2/6/2020,12120,12160.59961,12084.65039,12137.9502,12137.9502,565100,50.95
2/7/2020,12151.15039,12154.7002,12073.9502,12098.34961,12098.34961,473500,50.32
2/10/2020,12102.34961,12103.54981,11990.75,12031.5,12031.5,524700,49.57
2/11/2020,12108.40039,12172.29981,12099,12107.90039,12107.90039,480000,49.94
2/12/2020,12151,12231.75,12144.29981,12201.2002,12201.2002,411700,51.17
2/13/2020,12219.54981,12225.65039,12139.79981,12174.65039,12174.65039,501200,51.42
2/14/2020,12190.15039,12246.7002,12091.2002,12113.4502,12113.4502,622800,52.05
2/18/2020,12028.25,12030.75,11908.04981,11992.5,11992.5,676900,52.05
2/19/2020,12090.59961,12134.7002,12042.09961,12125.90039,12125.90039,513600,53.29
2/20/2020,12119,12152,12071.4502,12080.84961,12080.84961,502600,53.78
2/24/2020,12012.54981,12012.54981,11813.40039,11829.40039,11829.40039,490800,51.43
2/25/2020,11877.5,11883.04981,11779.90039,11797.90039,11797.90039,461000,49.9
2/26/2020,11738.54981,11783.25,11639.59961,11678.5,11678.5,567600,48.73
2/27/2020,11661.25,11663.84961,11536.7002,11633.29981,11633.29981,608600,47.09
2/28/2020,11382,11384.79981,11175.04981,11201.75,11201.75,809900,44.76
3/2/2020,11387.34961,11433,11036.25,11132.75,11132.75,680800,46.75
3/3/2020,11217.54981,11342.25,11152.54981,11303.29981,11303.29981,696500,47.18
3/4/2020,11351.34961,11356.59961,11082.15039,11251,11251,797700,46.78
3/5/2020,11306.04981,11389.5,11244.59961,11269,11269,1352500,45.9
3/6/2020,10942.65039,11035.09961,10827.40039,10989.4502,10989.4502,1811000,41.28
3/9/2020,10742.04981,10751.54981,10294.4502,10451.4502,10451.4502,1565500,34.36
3/11/2020,10334.29981,10545.09961,10334,10458.40039,10458.40039,1218500,31.5
3/12/2020,10039.9502,10040.75,9508,9590.150391,9590.150391,1343500,31.73
3/16/2020,9587.799805,9602.200195,9165.099609,9197.400391,9197.400391,897700,26.95
3/17/2020,9285.400391,9403.799805,8915.599609,8967.049805,8967.049805,935600,20.37
3/18/2020,9088.450195,9127.549805,8407.049805,8468.799805,8468.799805,1516600,25.22
3/19/2020,8063.299805,8575.450195,7832.549805,8263.450195,8263.450195,925700,22.43
3/23/2020,7945.700195,8159.25,7583.600098,7610.25,7610.25,653500,24.01
3/24/2020,7848.299805,8036.950195,7511.100098,7801.049805,7801.049805,738400,24.49
3/25/2020,7735.149902,8376.75,7714.75,8317.849609,8317.849609,736900,22.6
3/26/2020,8451,8749.049805,8304.900391,8641.450195,8641.450195,865600,21.51
3/30/2020,8385.950195,8576,8244,8281.099609,8281.099609,593300,20.48
3/31/2020,8529.349609,8678.299805,8358,8597.75,8597.75,712700,20.31
4/1/2020,8584.099609,8588.099609,8198.349609,8253.799805,8253.799805,506300,25.32
4/7/2020,8446.299805,8819.400391,8360.950195,8792.200195,8792.200195,814200,25.09
4/8/2020,8688.900391,9131.700195,8653.900391,8748.75,8748.75,896500,22.76
4/13/2020,9103.950195,9112.049805,8912.400391,8993.849609,8993.849609,644000,20.11
4/15/2020,9196.400391,9261.200195,8874.099609,8925.299805,8925.299805,879100,19.87
4/16/2020,8851.25,9053.75,8821.900391,8992.799805,8992.799805,719400,18.27
4/20/2020,9390.200195,9390.849609,9230.799805,9261.849609,9261.849609,726400,10.01
4/21/2020,9016.950195,9044.400391,8909.400391,8981.450195,8981.450195,655100,13.78
4/22/2020,9026.75,9209.75,8946.25,9187.299805,9187.299805,734400,16.5
4/23/2020,9232.349609,9343.599609,9170.150391,9313.900391,9313.900391,666700,16.94
4/27/2020,9259.700195,9377.099609,9250.349609,9282.299805,9282.299805,512800,12.34
4/28/2020,9389.799805,9404.400391,9260,9380.900391,9380.900391,614500,15.06
4/29/2020,9408.599609,9599.849609,9392.349609,9553.349609,9553.349609,653000,18.84
4/30/2020,9753.5,9889.049805,9731.5,9859.900391,9859.900391,931200,19.78
5/4/2020,9533.5,9533.5,9266.950195,9293.5,9293.5,687500,24.56
5/5/2020,9429.400391,9450.900391,9190.75,9205.599609,9205.599609,725200,23.99
5/6/2020,9226.799805,9346.900391,9116.5,9270.900391,9270.900391,722200,23.55
5/7/2020,9234.049805,9277.849609,9175.900391,9199.049805,9199.049805,708700,24.74
5/11/2020,9348.150391,9439.900391,9219.950195,9239.200195,9239.200195,704600,25.78
5/12/2020,9168.849609,9240.849609,9043.950195,9196.549805,9196.549805,805500,25.29
5/13/2020,9584.200195,9584.5,9351.099609,9383.549805,9383.549805,846400,27.56
5/14/2020,9213.950195,9281.099609,9119.75,9142.75,9142.75,602600,29.43
5/18/2020,9158.299805,9158.299805,8806.75,8823.25,8823.25,773000,32.5
5/19/2020,8961.700195,9030.349609,8855.299805,8879.099609,8879.099609,762200,33.49
5/20/2020,8889.150391,9093.799805,8875.349609,9066.549805,9066.549805,622300,33.92
5/21/2020,9079.450195,9178.549805,9056.099609,9106.25,9106.25,631500,33.25
5/26/2020,9099.75,9161.650391,8996.650391,9029.049805,9029.049805,655000,32.81
5/27/2020,9082.200195,9334,9004.25,9314.950195,9314.950195,763500,33.71
5/28/2020,9364.950195,9511.25,9336.5,9490.099609,9490.099609,837900,35.49
6/1/2020,9726.849609,9931.599609,9706.950195,9826.150391,9826.150391,794200,36.81
6/2/2020,9880.849609,9995.599609,9824.049805,9979.099609,9979.099609,770200,37.29
6/3/2020,10108.29981,10176.2002,10035.54981,10061.54981,10061.54981,794700,37.41
6/4/2020,10054.25,10123.84961,9944.25,10029.09961,10029.09961,775100,39.55
6/8/2020,10326.75,10328.5,10120.25,10167.4502,10167.4502,936500,38.94
6/9/2020,10181.15039,10291.15039,10021.4502,10046.65039,10046.65039,754200,39.6
6/10/2020,10072.59961,10148.75,10036.84961,10116.15039,10116.15039,632400,36.34
6/11/2020,10094.09961,10112.04981,9885.049805,9902,9902,715500,36.26
6/15/2020,9919.349609,9943.349609,9726.349609,9813.700195,9813.700195,716100,38.38
6/16/2020,10014.79981,10046.15039,9728.5,9914,9914,899900,37.96
6/17/2020,9876.700195,10003.59961,9833.799805,9881.150391,9881.150391,685400,38.84
6/18/2020,9863.25,10111.2002,9845.049805,10091.65039,10091.65039,622900,39.75
6/22/2020,10318.75,10393.65039,10277.59961,10311.2002,10311.2002,685400,40.37
6/23/2020,10347.9502,10484.7002,10301.75,10471,10471,669200,38.01
6/24/2020,10529.25,10553.15039,10281.9502,10305.29981,10305.29981,854800,38.72
6/25/2020,10235.54981,10361.79981,10194.5,10288.90039,10288.90039,994200,38.49
6/29/2020,10311.9502,10337.9502,10223.59961,10312.40039,10312.40039,574500,39.27
6/30/2020,10382.59961,10401.04981,10267.34961,10302.09961,10302.09961,556200,39.82
7/1/2020,10323.79981,10447.04981,10299.59961,10430.04981,10430.04981,573600,40.65
7/6/2020,10723.84961,10811.40039,10695.09961,10763.65039,10763.65039,571200,40.62
7/7/2020,10802.84961,10813.79981,10689.7002,10799.65039,10799.65039,636800,40.9
7/8/2020,10818.65039,10847.84961,10676.54981,10705.75,10705.75,767900,39.62
7/9/2020,10755.54981,10836.84961,10733,10813.4502,10813.4502,618700,40.55
7/13/2020,10851.84961,10894.04981,10756.04981,10802.7002,10802.7002,554100,40.29
7/14/2020,10750.84961,10755.65039,10562.90039,10607.34961,10607.34961,532400,41.2
7/15/2020,10701,10827.4502,10577.75,10618.2002,10618.2002,715900,40.75
7/16/2020,10706.2002,10755.29981,10595.2002,10739.9502,10739.9502,694400,40.59
7/20/2020,10999.4502,11037.90039,10953,11022.2002,11022.2002,554300,41.96
7/21/2020,11126.09961,11179.54981,11113.25,11162.25,11162.25,772000,41.9
7/22/2020,11231.2002,11238.09961,11056.54981,11132.59961,11132.59961,765100,41.07
7/23/2020,11135,11239.79981,11103.15039,11215.4502,11215.4502,621600,41.29
7/27/2020,11225,11225,11087.84961,11131.79981,11131.79981,588100,41.04
7/28/2020,11154.09961,11317.75,11151.40039,11300.54981,11300.54981,683900,41.27
7/29/2020,11276.90039,11341.40039,11149.75,11202.84961,11202.84961,600700,39.92
7/30/2020,11254.29981,11299.9502,11084.9502,11102.15039,11102.15039,677800,40.27
8/3/2020,11057.54981,11058.04981,10882.25,10891.59961,10891.59961,680900,41.7
8/4/2020,10946.65039,11112.25,10908.09961,11095.25,11095.25,625700,42.19
8/5/2020,11155.75,11225.65039,11064.04981,11101.65039,11101.65039,667600,41.95
8/6/2020,11185.7002,11256.79981,11127.29981,11200.15039,11200.15039,600400,41.22
8/10/2020,11270.25,11337.29981,11238,11270.15039,11270.15039,492000,41.61
8/11/2020,11322.25,11373.59961,11299.15039,11322.5,11322.5,586100,42.67
8/12/2020,11289,11322,11242.65039,11308.40039,11308.40039,609900,42.24
8/13/2020,11334.84961,11359.29981,11269.9502,11300.4502,11300.4502,562400,42.01
8/17/2020,11248.90039,11267.09961,11144.5,11247.09961,11247.09961,634000,42.89
8/18/2020,11259.79981,11401.7002,11253.15039,11385.34961,11385.34961,579200,42.93
8/19/2020,11452.15039,11460.34961,11394.09961,11408.40039,11408.40039,626200,42.58
8/20/2020,11317.4502,11361.4502,11289.79981,11312.2002,11312.2002,791600,42.34
8/24/2020,11412,11497.25,11410.65039,11466.4502,11466.4502,532900,43.35
8/25/2020,11513.09961,11525.90039,11423.34961,11472.25,11472.25,638200,43.39
8/26/2020,11512.84961,11561.75,11461.84961,11549.59961,11549.59961,743400,43.04
8/27/2020,11609.29981,11617.34961,11540.59961,11559.25,11559.25,719800,42.97
8/31/2020,11777.54981,11794.25,11325.84961,11387.5,11387.5,1371800,42.76
9/1/2020,11464.29981,11553.54981,11366.90039,11470.25,11470.25,783800,41.51
9/2/2020,11478.54981,11554.75,11430.40039,11535,11535,593500,41.37
9/3/2020,11566.2002,11584.9502,11507.65039,11527.4502,11527.4502,607100,39.77
9/7/2020,11359.59961,11381.15039,11251.7002,11355.04981,11355.04981,560300,36.76
9/8/2020,11378.54981,11437.25,11290.4502,11317.34961,11317.34961,572200,38.05
9/9/2020,11218.59961,11298.15039,11185.15039,11278,11278,728900,37.3
9/10/2020,11363.29981,11464.04981,11327.40039,11449.25,11449.25,679400,37.33
9/14/2020,11540.15039,11568.90039,11383.54981,11440.04981,11440.04981,642300,38.28
9/15/2020,11487.2002,11535.9502,11442.25,11521.79981,11521.79981,506700,40.16
9/16/2020,11538.4502,11618.09961,11516.75,11604.54981,11604.54981,527800,40.97
9/17/2020,11539.40039,11587.2002,11498.5,11516.09961,11516.09961,0,41.11
9/21/2020,11503.79981,11535.25,11218.5,11250.54981,11250.54981,602900,39.6
9/22/2020,11301.75,11302.2002,11084.65039,11153.65039,11153.65039,672200,39.93
9/23/2020,11258.75,11259.54981,11024.40039,11131.84961,11131.84961,714900,40.31
9/24/2020,11011,11015.29981,10790.2002,10805.54981,10805.54981,706100,40.25
9/28/2020,11140.84961,11239.34961,11099.84961,11227.54981,11227.54981,472800,39.29
9/29/2020,11288.59961,11305.40039,11181,11222.40039,11222.40039,498300,40.22
9/30/2020,11244.4502,11295.40039,11184.54981,11247.54981,11247.54981,499300,38.72
10/1/2020,11364.4502,11428.59961,11347.04981,11416.9502,11416.9502,447700,37.05
10/5/2020,11487.79981,11578.04981,11452.29981,11503.34961,11503.34961,530600,40.67
10/6/2020,11603.4502,11680.29981,11564.29981,11662.40039,11662.40039,561400,39.95
10/7/2020,11679.25,11763.04981,11629.34961,11738.84961,11738.84961,513400,41.19
10/8/2020,11835.40039,11905.7002,11791.15039,11834.59961,11834.59961,608800,40.6
10/12/2020,11973.54981,12022.04981,11867.2002,11930.9502,11930.9502,522600,40.2
10/13/2020,11934.65039,11988.2002,11888.90039,11934.5,11934.5,458300,41.04
10/14/2020,11917.40039,11997.2002,11822.15039,11971.04981,11971.04981,569200,40.96
10/15/2020,12023.4502,12025.4502,11661.29981,11680.34961,11680.34961,608900,40.88
10/19/2020,11879.2002,11898.25,11820.40039,11873.04981,11873.04981,541400,41.46
10/20/2020,11861,11949.25,11837.25,11896.79981,11896.79981,453600,40.03
10/21/2020,11958.54981,12018.65039,11775.75,11937.65039,11937.65039,623700,40.64
10/22/2020,11890,11939.54981,11823.4502,11896.4502,11896.4502,544900,39.85
10/26/2020,11937.40039,11942.84961,11711.7002,11767.75,11767.75,519800,39.57
10/27/2020,11807.09961,11899.04981,11723,11889.40039,11889.40039,616300,37.39
10/28/2020,11922.59961,11929.40039,11684.84961,11729.59961,11729.59961,704000,36.17
10/29/2020,11633.29981,11744.15039,11606.4502,11670.79981,11670.79981,555000,35.79
11/2/2020,11697.34961,11725.65039,11557.40039,11669.15039,11669.15039,568400,36.81
11/3/2020,11734.4502,11836.2002,11723.29981,11813.5,11813.5,674300,37.66
11/4/2020,11783.34961,11929.65039,11756.40039,11908.5,11908.5,667300,39.15
11/5/2020,12062.40039,12131.09961,12027.59961,12120.29981,12120.29981,632500,38.79
11/6/2020,12156.65039,12280.40039,12131.84961,12263.54981,12263.54981,576800,37.14
11/9/2020,12399.40039,12474.04981,12367.34961,12461.04981,12461.04981,553400,40.29
11/10/2020,12556.40039,12643.90039,12475.25,12631.09961,12631.09961,847500,41.36
11/11/2020,12680.59961,12769.75,12571.09961,12749.15039,12749.15039,880500,41.45
11/12/2020,12702.15039,12741.15039,12624.84961,12690.79981,12690.79981,622000,41.12
11/13/2020,12659.7002,12735.9502,12607.7002,12719.9502,12719.9502,513900,40.13
11/17/2020,12932.5,12934.04981,12797.09961,12874.2002,12874.2002,707700,41.43
11/18/2020,12860.09961,12948.84961,12819.34961,12938.25,12938.25,731300,41.82
11/19/2020,12839.5,12963,12745.75,12771.7002,12771.7002,768800,41.74
11/20/2020,12813.40039,12892.4502,12730.25,12859.04981,12859.04981,664000,42.15
11/23/2020,12960.29981,12968.84961,12825.7002,12926.4502,12926.4502,633100,43.06
11/24/2020,13002.59961,13079.09961,12978,13055.15039,13055.15039,571900,44.91
11/25/2020,13130,13145.84961,12833.65039,12858.40039,12858.40039,679000,45.71
11/27/2020,13012.04981,13035.29981,12914.29981,12968.9502,12968.9502,1162400,45.53
12/1/2020,13062.2002,13128.40039,12962.79981,13109.04981,13109.04981,583600,44.55
12/2/2020,13121.40039,13128.5,12983.54981,13113.75,13113.75,717700,45.28
12/3/2020,13215.29981,13216.59961,13107.90039,13133.90039,13133.90039,713700,45.64
12/4/2020,13177.40039,13280.04981,13152.84961,13258.54981,13258.54981,640500,46.26
12/7/2020,13264.84961,13366.65039,13241.9502,13355.75,13355.75,591700,45.76
12/8/2020,13393.84961,13435.4502,13311.04981,13392.9502,13392.9502,543200,45.6
12/9/2020,13458.09961,13548.90039,13449.59961,13529.09961,13529.09961,502600,45.52
12/10/2020,13488.5,13503.54981,13399.29981,13478.29981,13478.29981,553400,46.78
12/11/2020,13512.29981,13579.34961,13402.84961,13513.84961,13513.84961,787700,46.57
12/14/2020,13571.4502,13597.5,13472.4502,13558.15039,13558.15039,558400,46.99
12/15/2020,13547.2002,13589.65039,13447.04981,13567.84961,13567.84961,497600,47.62
12/16/2020,13663.09961,13692.34961,13606.4502,13682.7002,13682.7002,462200,47.82
12/17/2020,13713.54981,13773.25,13673.54981,13740.7002,13740.7002,416000,48.36
12/18/2020,13764.40039,13772.84961,13658.59961,13760.54981,13760.54981,519400,49.1
12/21/2020,13741.90039,13777.5,13131.4502,13328.40039,13328.40039,687300,47.74
12/22/2020,13373.65039,13492.04981,13192.90039,13466.29981,13466.29981,696200,47.02
12/23/2020,13473.5,13619.4502,13432.2002,13601.09961,13601.09961,458700,48.12
12/24/2020,13672.15039,13771.75,13626.90039,13749.25,13749.25,471400,48.23
12/28/2020,13815.15039,13885.29981,13811.54981,13873.2002,13873.2002,403600,47.62
12/29/2020,13910.34961,13967.59961,13859.90039,13932.59961,13932.59961,439600,48
12/30/2020,13980.90039,13997,13864.9502,13981.9502,13981.9502,380700,48.4
12/31/2020,13970,14024.84961,13936.4502,13981.75,13981.75,452400,48.52
1/4/2021,14104.34961,14147.9502,13953.75,14132.90039,14132.90039,495000,47.62
1/5/2021,14075.15039,14215.59961,14048.15039,14199.5,14199.5,492500,49.93
1/6/2021,14240.9502,14244.15039,14039.90039,14146.25,14146.25,632300,50.63
1/7/2021,14253.75,14256.25,14123.09961,14137.34961,14137.34961,559200,50.83
1/8/2021,14258.40039,14367.29981,14221.65039,14347.25,14347.25,613500,52.24
1/11/2021,14474.04981,14498.2002,14383.09961,14484.75,14484.75,672900,52.25
1/12/2021,14473.79981,14590.65039,14432.84961,14563.4502,14563.4502,929600,53.21
1/13/2021,14639.79981,14653.34961,14435.7002,14564.84961,14564.84961,874000,52.91
1/14/2021,14550.04981,14617.79981,14471.5,14595.59961,14595.59961,620200,53.57
1/15/2021,14594.34961,14617.4502,14357.84961,14433.7002,14433.7002,789600,52.36
1/19/2021,14371.65039,14546.04981,14350.84961,14521.15039,14521.15039,546100,52.98
1/20/2021,14538.29981,14666.4502,14517.54981,14644.7002,14644.7002,623100,53.24
1/21/2021,14730.9502,14753.54981,14517.25,14590.34961,14590.34961,704600,53.13
1/22/2021,14583.40039,14619.90039,14357.75,14371.90039,14371.90039,776800,52.27
1/25/2021,14477.79981,14491.09961,14218.59961,14238.90039,14238.90039,618600,52.77
1/27/2021,14237.9502,14237.9502,13929.29981,13967.5,13967.5,660700,52.85
1/28/2021,13810.40039,13898.25,13713.25,13817.54981,13817.54981,637900,52.34
1/29/2021,13946.59961,13966.84961,13596.75,13634.59961,13634.59961,753200,52.2
2/1/2021,13758.59961,14336.34961,13661.75,14281.2002,14281.2002,870500,53.55
2/2/2021,14481.09961,14731.7002,14469.15039,14647.84961,14647.84961,915000,54.76
2/3/2021,14754.90039,14868.84961,14574.15039,14789.9502,14789.9502,869500,55.69
2/4/2021,14789.04981,14913.7002,14714.75,14895.65039,14895.65039,884700,56.23
2/5/2021,14952.59961,15014.65039,14864.75,14924.25,14924.25,935600,56.85
2/8/2021,15064.29981,15159.90039,15041.04981,15115.79981,15115.79981,671200,57.97
2/9/2021,15164.15039,15257.09961,15064.29981,15109.29981,15109.29981,713300,58.36
2/10/2021,15119.04981,15168.25,14977.2002,15106.5,15106.5,624800,58.68
2/11/2021,15073.25,15188.5,15065.40039,15173.29981,15173.29981,500100,58.24
2/12/2021,15186.2002,15243.5,15081,15163.29981,15163.29981,571800,59.47
2/16/2021,15371.4502,15431.75,15242.2002,15313.4502,15313.4502,648500,60.05
2/17/2021,15279.90039,15314.29981,15170.75,15208.90039,15208.90039,504800,61.14
2/18/2021,15238.7002,15250.75,15078.04981,15118.9502,15118.9502,770600,60.52
2/19/2021,15074.79981,15144.04981,14898.2002,14981.75,14981.75,712200,59.24
2/22/2021,14999.04981,15010.09961,14635.04981,14675.7002,14675.7002,609900,61.49
2/23/2021,14782.25,14854.5,14651.84961,14707.79981,14707.79981,744100,61.67
2/24/2021,14729.15039,15008.79981,14504.5,14982,14982,403800,63.22
2/25/2021,15079.84961,15176.5,15065.34961,15097.34961,15097.34961,803900,63.53
2/26/2021,14888.59961,14919.4502,14467.75,14529.15039,14529.15039,1103600,61.5
3/1/2021,14702.5,14806.79981,14638.54981,14761.54981,14761.54981,507300,60.64
3/2/2021,14865.29981,14959.09961,14760.79981,14919.09961,14919.09961,621700,59.75
3/3/2021,15064.40039,15273.15039,14995.79981,15245.59961,15245.59961,544200,61.28
3/4/2021,15026.75,15202.34961,14980.2002,15080.75,15080.75,534900,63.83
3/5/2021,14977.9502,15092.34961,14862.09961,14938.09961,14938.09961,640700,66.09
3/8/2021,15002.4502,15111.15039,14919.90039,14956.2002,14956.2002,0,65.05
3/9/2021,15049.90039,15126.84961,14925.4502,15098.40039,15098.40039,675300,64.01
3/10/2021,15202.15039,15218.4502,15100.84961,15174.79981,15174.79981,404600,64.44
3/12/2021,15321.15039,15336.29981,14953.59961,15030.9502,15030.9502,493200,65.61
3/15/2021,15048.40039,15048.40039,14745.84961,14929.5,14929.5,467500,64.8
3/16/2021,14996.09961,15051.59961,14890.65039,14910.4502,14910.4502,100,64.6
3/17/2021,14946.54981,14956.54981,14696.04981,14721.29981,14721.29981,100,60
3/18/2021,14855.5,14875.2002,14478.59961,14557.84961,14557.84961,542200,61.42
3/22/2021,14736.29981,14763.90039,14597.84961,14736.40039,14736.40039,459000,57.76
3/23/2021,14768.54981,14878.59961,14707,14814.75,14814.75,474200,61.18
3/24/2021,14712.4502,14752.34961,14535,14549.40039,14549.40039,456400,58.56
3/25/2021,14570.90039,14575.59961,14264.40039,14324.90039,14324.90039,606800,60.97
3/30/2021,14628.5,14876.29981,14617.59961,14845.09961,14845.09961,594500,59.16
3/31/2021,14811.84961,14813.75,14670.25,14690.7002,14690.7002,463900,61.45
4/5/2021,14837.7002,14849.84961,14459.5,14637.79981,14637.79981,509700,59.33
4/6/2021,14737,14779.09961,14573.90039,14683.5,14683.5,475300,59.77
4/7/2021,14716.4502,14879.79981,14649.84961,14819.04981,14819.04981,0,59.6
4/8/2021,14875.65039,14984.15039,14821.09961,14873.79981,14873.79981,514800,59.32
4/12/2021,14644.65039,14652.5,14248.7002,14310.79981,14310.79981,650200,60.18
4/13/2021,14364.90039,14528.90039,14274.90039,14504.79981,14504.79981,605100,63.15
4/15/2021,14522.40039,14597.54981,14353.2002,14581.4502,14581.4502,568000,63.13
4/19/2021,14306.59961,14382.29981,14191.40039,14359.4502,14359.4502,512300,62.44
4/20/2021,14526.7002,14526.9502,14207.29981,14296.40039,14296.40039,467400,61.35
4/22/2021,14219.15039,14424.75,14151.40039,14406.15039,14406.15039,524600,62.14
4/26/2021,14449.4502,14557.5,14421.29981,14485,14485,452700,62.94
4/27/2021,14493.79981,14667.54981,14484.84961,14653.04981,14653.04981,451800,63.86
4/28/2021,14710.5,14890.25,14694.9502,14864.54981,14864.54981,457000,65.01
4/29/2021,14979,15044.34961,14814.4502,14894.90039,14894.90039,517500,63.58
5/3/2021,14481.04981,14673.84961,14416.25,14634.15039,14634.15039,448900,65.69
5/4/2021,14687.25,14723.40039,14461.5,14496.5,14496.5,503400,65.63
5/5/2021,14604.15039,14637.90039,14506.59961,14617.84961,14617.84961,455900,64.71
5/6/2021,14668.34961,14743.90039,14611.5,14724.79981,14724.79981,467800,64.9
5/10/2021,14928.25,14966.90039,14892.5,14942.34961,14942.34961,522000,65.28
5/11/2021,14789.7002,14900,14771.40039,14850.75,14850.75,647400,66.08
5/12/2021,14823.54981,14824.04981,14649.7002,14696.5,14696.5,643800,63.82
5/17/2021,14756.25,14938,14725.34961,14923.15039,14923.15039,546400,65.49
5/18/2021,15067.2002,15137.25,15043.7002,15108.09961,15108.09961,583900,63.36
5/19/2021,15058.59961,15133.40039,15008.84961,15030.15039,15030.15039,569100,62.05
5/20/2021,15042.59961,15069.79981,14884.90039,14906.04981,14906.04981,480300,63.58
5/24/2021,15211.34961,15256.25,15145.4502,15197.7002,15197.7002,579800,66.07
5/25/2021,15291.75,15293.84961,15163.40039,15208.4502,15208.4502,441500,66.21
5/26/2021,15257.04981,15319.90039,15194.9502,15301.4502,15301.4502,384000,66.85
5/27/2021,15323.9502,15384.54981,15272.5,15337.84961,15337.84961,0,66.32
5/31/2021,15437.75,15606.34961,15374,15582.79981,15582.79981,436000,67.72
6/1/2021,15629.65039,15660.75,15528.29981,15574.84961,15574.84961,409600,68.83
6/2/2021,15520.34961,15597.4502,15459.84961,15576.2002,15576.2002,428600,68.81
6/3/2021,15655.54981,15705.09961,15611,15690.34961,15690.34961,410200,69.62
6/7/2021,15725.09961,15773.4502,15678.09961,15751.65039,15751.65039,394000,70.05
6/8/2021,15773.90039,15778.79981,15680,15740.09961,15740.09961,378200,69.96
6/9/2021,15766.29981,15800.4502,15566.90039,15635.34961,15635.34961,457900,70.29
6/10/2021,15692.09961,15751.25,15648.5,15737.75,15737.75,298300,70.91
6/14/2021,15791.40039,15823.04981,15606.5,15811.84961,15811.84961,392900,72.12
6/15/2021,15866.9502,15901.59961,15842.40039,15869.25,15869.25,323300,72.15
6/16/2021,15847.5,15880.84961,15742.59961,15767.54981,15767.54981,340200,71.04
6/17/2021,15648.29981,15769.34961,15616.75,15691.40039,15691.40039,357600,71.64
6/21/2021,15525.84961,15765.15039,15505.65039,15746.5,15746.5,351500,73.06
6/22/2021,15840.5,15895.75,15752.09961,15772.75,15772.75,322200,73.08
6/23/2021,15862.79981,15862.9502,15673.9502,15686.9502,15686.9502,287500,73.3
6/24/2021,15737.29981,15821.40039,15702.7002,15790.4502,15790.4502,316700,74.05
6/28/2021,15915.34961,15915.65039,15792.15039,15814.7002,15814.7002,255100,72.98
6/29/2021,15807.5,15835.90039,15724.04981,15748.4502,15748.4502,360300,73.47
6/30/2021,15776.90039,15839.09961,15708.75,15721.5,15721.5,262400,75.23
7/1/2021,15755.04981,15755.54981,15667.04981,15680,15680,224900,75.16
7/5/2021,15793.40039,15845.9502,15762.04981,15834.34961,15834.34961,207000,73.37
7/6/2021,15813.75,15914.2002,15801,15818.25,15818.25,391400,72.2
7/7/2021,15819.59961,15893.54981,15779.7002,15879.65039,15879.65039,329300,72.94
7/8/2021,15855.40039,15885.75,15682.90039,15727.90039,15727.90039,307900,74.56
7/12/2021,15766.79981,15789.2002,15644.75,15692.59961,15692.59961,216300,75.25
7/13/2021,15794,15820.79981,15744.59961,15812.34961,15812.34961,246700,73.13
7/14/2021,15808.7002,15877.34961,15764.2002,15853.9502,15853.9502,0,71.65
7/15/2021,15872.15039,15952.34961,15855,15924.2002,15924.2002,284900,71.81
7/19/2021,15754.5,15836.90039,15707.5,15752.40039,15752.40039,242100,67.42
7/20/2021,15703.9502,15728.4502,15578.54981,15632.09961,15632.09961,274300,70.3
7/22/2021,15736.59961,15834.79981,15726.40039,15824.04981,15824.04981,265300,72.07
7/26/2021,15849.29981,15893.34961,15797,15824.4502,15824.4502,267100,71.65
7/27/2021,15860.5,15881.54981,15701,15746.4502,15746.4502,311000,72.39
7/28/2021,15761.54981,15767.5,15513.4502,15709.40039,15709.40039,318600,73.62
7/29/2021,15762.7002,15817.34961,15737.79981,15778.4502,15778.4502,401600,73.95
8/2/2021,15874.90039,15892.90039,15834.65039,15885.15039,15885.15039,244800,70.56
8/3/2021,15951.54981,16146.90039,15914.34961,16130.75,16130.75,341300,68.15
8/4/2021,16195.25,16290.2002,16176.15039,16258.79981,16258.79981,427300,69.09
8/5/2021,16288.9502,16349.4502,16210.29981,16294.59961,16294.59961,418200,68.28
8/9/2021,16281.34961,16320.75,16179.04981,16258.25,16258.25,240500,68.29
8/10/2021,16274.79981,16359.25,16202.25,16280.09961,16280.09961,288000,69.25
8/11/2021,16327.29981,16338.75,16162.54981,16282.25,16282.25,277900,69.09
8/12/2021,16303.65039,16375.5,16286.90039,16364.40039,16364.40039,280200,68.44
8/16/2021,16518.40039,16589.40039,16480.75,16563.05078,16563.05078,254000,66.59
8/17/2021,16545.25,16628.55078,16495.40039,16614.59961,16614.59961,297400,65.46
8/18/2021,16691.94922,16701.84961,16535.84961,16568.84961,16568.84961,251800,63.69
8/23/2021,16592.25,16592.5,16395.69922,16496.44922,16496.44922,275600,67.54
8/24/2021,16561.40039,16647.09961,16495.30078,16624.59961,16624.59961,275400,68.36
8/25/2021,16654,16712.44922,16617.5,16634.65039,16634.65039,265900,67.42
8/26/2021,16627.94922,16683.69922,16603.40039,16636.90039,16636.90039,253500,68.74
8/30/2021,16775.84961,16951.5,16764.84961,16931.05078,16931.05078,283500,68.5
8/31/2021,16947.5,17153.5,16915.84961,17132.19922,17132.19922,464400,68.59
9/1/2021,17185.59961,17225.75,17055.05078,17076.25,17076.25,301900,69.99
9/2/2021,17095.40039,17245.5,17059.69922,17234.15039,17234.15039,242400,69.29
9/6/2021,17399.34961,17429.55078,17345.55078,17377.80078,17377.80078,228000,68.35
9/7/2021,17401.55078,17436.5,17287,17362.09961,17362.09961,243400,69.3
9/8/2021,17375.75,17383.40039,17254.19922,17353.5,17353.5,252700,68.14
9/9/2021,17312.84961,17379.65039,17302.69922,17369.25,17369.25,241500,69.72
9/13/2021,17363.55078,17378.34961,17269.15039,17355.30078,17355.30078,241100,70.46
9/14/2021,17420.34961,17438.55078,17367.05078,17380,17380,230400,72.61
9/15/2021,17387.65039,17532.69922,17386.90039,17519.44922,17519.44922,388200,72.61
9/16/2021,17539.19922,17644.59961,17510.44922,17629.5,17629.5,503300,71.97
9/20/2021,17443.84961,17622.75,17361.80078,17396.90039,17396.90039,339100,70.56
9/21/2021,17450.5,17578.34961,17326.09961,17562,17562,363600,72.23
9/22/2021,17580.90039,17610.44922,17524,17546.65039,17546.65039,295200,73.3
9/23/2021,17670.84961,17843.90039,17646.55078,17822.94922,17822.94922,320500,73.98
9/27/2021,17932.19922,17943.5,17802.90039,17855.09961,17855.09961,295700,75.29
9/28/2021,17906.44922,17912.84961,17576.09961,17748.59961,17748.59961,398000,74.83
9/29/2021,17657.94922,17781.75,17608.15039,17711.30078,17711.30078,562200,75.03
9/30/2021,17718.90039,17742.15039,17585.34961,17618.15039,17618.15039,378600,75.88
10/4/2021,17615.55078,17750.90039,17581.34961,17691.25,17691.25,295800,78.93
10/5/2021,17661.34961,17833.44922,17640.90039,17822.30078,17822.30078,427000,77.43
10/6/2021,17861.5,17884.59961,17613.15039,17646,17646,395800,78.3
10/7/2021,17810.55078,17857.55078,17763.80078,17790.34961,17790.34961,419900,79.35
10/11/2021,17867.55078,18041.94922,17839.09961,17945.94922,17945.94922,375800,80.64
10/12/2021,17915.80078,18008.65039,17864.94922,17991.94922,17991.94922,355600,80.44
10/13/2021,18097.84961,18197.80078,18050.75,18161.75,18161.75,506700,81.31
10/14/2021,18272.84961,18350.75,18248.69922,18338.55078,18338.55078,538700,82.28
10/18/2021,18500.09961,18543.15039,18445.30078,18477.05078,18477.05078,469900,82.96
10/19/2021,18602.34961,18604.44922,18377.69922,18418.75,18418.75,368200,83.87
10/20/2021,18439.90039,18458.30078,18209.34961,18266.59961,18266.59961,371300,82.5
10/21/2021,18382.69922,18384.19922,18048,18178.09961,18178.09961,365900,83.76
10/25/2021,18229.5,18241.40039,17968.5,18125.40039,18125.40039,418700,84.65
10/26/2021,18154.5,18310.44922,18099.30078,18268.40039,18268.40039,341400,82.66
10/27/2021,18295.84961,18342.05078,18167.90039,18210.94922,18210.94922,335200,82.81
10/28/2021,18187.65039,18190.69922,17799.44922,17857.25,17857.25,374200,83.57
11/1/2021,17783.15039,17954.09961,17697.09961,17929.65039,17929.65039,281200,83.91
11/2/2021,17970.90039,18012.25,17847.59961,17888.94922,17888.94922,296400,80.86
11/3/2021,17947.94922,17988.75,17757.94922,17829.19922,17829.19922,331000,78.81
11/4/2021,17935.05078,17947.55078,17900.59961,17916.80078,17916.80078,48500,81.27
11/8/2021,18040.19922,18087.80078,17836.09961,18068.55078,18068.55078,338900,81.93
11/9/2021,18084.34961,18112.59961,17983.05078,18044.25,18044.25,270200,84.15
11/10/2021,17973.44922,18061.25,17915,18017.19922,18017.19922,261400,81.34
11/11/2021,17967.44922,17971.34961,17798.19922,17873.59961,17873.59961,232100,81.59
11/12/2021,17977.59961,18123,17905.90039,18102.75,18102.75,249100,80.79
11/15/2021,18140.94922,18210.15039,18071.30078,18109.44922,18109.44922,280400,80.88
11/16/2021,18127.05078,18132.65039,17958.80078,17999.19922,17999.19922,267400,80.76
11/17/2021,17939.34961,18022.65039,17879.25,17898.65039,17898.65039,295700,78.36
11/18/2021,17890.55078,17945.59961,17688.5,17764.80078,17764.80078,278400,79.01
11/22/2021,17796.25,17805.25,17280.44922,17416.55078,17416.55078,356400,76.75
11/23/2021,17281.75,17553.69922,17216.09961,17503.34961,17503.34961,308800,78.5
11/24/2021,17550.05078,17600.59961,17354,17415.05078,17415.05078,298100,78.39
11/25/2021,17417.30078,17564.34961,17351.69922,17536.25,17536.25,255900,78.03
11/26/2021,17338.75,17355.40039,16985.69922,17026.44922,17026.44922,356300,68.15
11/29/2021,17055.80078,17160.69922,16782.40039,17053.94922,17053.94922,348900,69.95
11/30/2021,17051.15039,17324.65039,16931.40039,16983.19922,16983.19922,498000,66.18
12/1/2021,17104.40039,17213.05078,17064.25,17166.90039,17166.90039,295500,65.57
12/2/2021,17183.19922,17420.34961,17149.30078,17401.65039,17401.65039,279900,66.5
12/3/2021,17424.90039,17489.80078,17180.80078,17196.69922,17196.69922,292500,66.26
12/6/2021,17209.05078,17216.75,16891.69922,16912.25,16912.25,231700,69.49
12/7/2021,17044.09961,17251.65039,16987.75,17176.69922,17176.69922,254100,72.05
12/8/2021,17315.25,17484.59961,17308.94922,17469.75,17469.75,257800,72.36
12/9/2021,17524.40039,17543.25,17379.59961,17516.84961,17516.84961,237200,70.94
12/10/2021,17476.05078,17534.34961,17405.25,17511.30078,17511.30078,204500,71.67
12/13/2021,17619.09961,17639.5,17355.94922,17368.25,17368.25,256600,71.29
12/14/2021,17283.19922,17376.19922,17225.80078,17324.90039,17324.90039,271000,70.73
12/15/2021,17323.65039,17351.19922,17192.19922,17221.40039,17221.40039,215000,70.87
12/16/2021,17373,17379.34961,17184.94922,17248.40039,17248.40039,219500,72.38
12/17/2021,17276,17298.15039,16966.44922,16985.19922,16985.19922,354600,70.86
12/20/2021,16824.25,16840.09961,16410.19922,16614.19922,16614.19922,330600,68.23
12/21/2021,16773.15039,16936.40039,16688.25,16770.84961,16770.84961,241000,71.12
12/22/2021,16865.55078,16971,16819.5,16955.44922,16955.44922,207900,72.76
12/23/2021,17066.80078,17118.65039,17015.55078,17072.59961,17072.59961,197000,73.79
12/27/2021,16937.75,17112.05078,16833.19922,17086.25,17086.25,144800,75.57
12/28/2021,17177.59961,17250.25,17161.15039,17233.25,17233.25,176000,75.98
12/29/2021,17220.09961,17285.94922,17176.65039,17213.59961,17213.59961,161700,76.56
12/30/2021,17201.44922,17264.05078,17146.34961,17203.94922,17203.94922,320800,76.99
12/31/2021,17244.5,17400.80078,17238.5,17354.05078,17354.05078,167000,75.21
1/3/2022,17387.15039,17646.65039,17383.30078,17625.69922,17625.69922,200500,76.08
1/4/2022,17681.40039,17827.59961,17593.55078,17805.25,17805.25,247400,76.99
1/5/2022,17820.09961,17944.69922,17748.84961,17925.25,17925.25,251500,77.85
1/6/2022,17768.5,17797.94922,17655.55078,17745.90039,17745.90039,236500,79.46
1/7/2022,17797.59961,17905,17704.55078,17812.69922,17812.69922,239300,78.9
1/10/2022,17913.30078,18017.44922,17879.15039,18003.30078,18003.30078,232400,78.23
1/11/2022,17997.75,18081.25,17964.40039,18055.75,18055.75,220200,81.22
1/12/2022,18170.40039,18227.94922,18128.80078,18212.34961,18212.34961,245000,82.64
1/13/2022,18257,18272.25,18163.80078,18257.80078,18257.80078,303700,82.12
1/14/2022,18185,18286.94922,18119.65039,18255.75,18255.75,229500,83.82
1/18/2022,18337.19922,18350.94922,18085.90039,18113.05078,18113.05078,227500,85.43
1/19/2022,18129.19922,18129.19922,17884.90039,17938.40039,17938.40039,276700,86.96
1/20/2022,17921,17943.69922,17648.44922,17757,17757,258100,86.9
1/21/2022,17613.69922,17707.59961,17485.84961,17617.15039,17617.15039,277600,85.14
1/24/2022,17575.15039,17599.40039,16997.84961,17149.09961,17149.09961,323800,83.31
1/25/2022,17001.55078,17309.15039,16836.80078,17277.94922,17277.94922,326500,85.6
1/27/2022,17062,17182.5,16866.75,17110.15039,17110.15039,395600,86.61
1/28/2022,17208.30078,17373.5,17077.09961,17101.94922,17101.94922,355300,86.82
1/31/2022,17301.05078,17410,17264.15039,17339.84961,17339.84961,321700,88.15
2/1/2022,17529.44922,17622.40039,17244.55078,17576.84961,17576.84961,386400,88.2
2/2/2022,17706.19922,17794.59961,17674.80078,17780,17780,271200,88.26
2/3/2022,17767.75,17781.15039,17511.15039,17560.19922,17560.19922,226600,90.27
2/4/2022,17590.19922,17617.80078,17462.55078,17516.30078,17516.30078,261400,92.31
2/7/2022,17456.30078,17536.75,17119.40039,17213.59961,17213.59961,265000,91.32
2/8/2022,17279.84961,17306.44922,17043.65039,17266.75,17266.75,268500,89.36
2/9/2022,17370.09961,17477.15039,17339,17463.80078,17463.80078,236400,89.66
2/10/2022,17554.09961,17639.44922,17427.15039,17605.84961,17605.84961,273600,89.88
2/11/2022,17451,17454.75,17303,17374.75,17374.75,253100,93.1
2/14/2022,17076.15039,17099.5,16809.65039,16842.80078,16842.80078,305500,95.46
2/15/2022,16933.25,17375,16839.25,17352.44922,17352.44922,298700,92.07
2/16/2022,17408.44922,17490.59961,17257.69922,17322.19922,17322.19922,244500,93.66
2/17/2022,17396.55078,17442.90039,17235.84961,17304.59961,17304.59961,232100,91.76
2/18/2022,17236.05078,17380.80078,17219.19922,17276.30078,17276.30078,189600,91.07
2/22/2022,16847.94922,17148.55078,16843.80078,17092.19922,17092.19922,300100,92.35
2/23/2022,17194.5,17220.69922,17027.84961,17063.25,17063.25,200200,92.1
2/24/2022,16548.90039,16705.25,16203.25,16247.9502,16247.9502,458000,92.81
2/25/2022,16515.65039,16748.80078,16478.30078,16658.40039,16658.40039,329800,91.59
2/28/2022,16481.59961,16815.90039,16356.29981,16793.90039,16793.90039,404200,95.72
3/2/2022,16593.09961,16678.5,16478.65039,16605.94922,16605.94922,517700,110.6
3/3/2022,16723.19922,16768.94922,16442.94922,16498.05078,16498.05078,442100,107.67
3/4/2022,16339.4502,16456,16133.79981,16245.34961,16245.34961,456100,115.68
3/7/2022,15867.9502,15944.59961,15711.4502,15863.15039,15863.15039,585400,119.4
3/8/2022,15747.75,16028.75,15671.4502,16013.4502,16013.4502,543600,123.7
3/9/2022,16078,16418.05078,15990,16345.34961,16345.34961,462200,108.7
3/10/2022,16757.09961,16757.30078,16447.90039,16594.90039,16594.90039,486400,106.02
3/11/2022,16528.80078,16694.40039,16470.90039,16630.44922,16630.44922,343700,109.33
3/14/2022,16633.69922,16887.94922,16606.5,16871.30078,16871.30078,314700,96.44
3/15/2022,16900.65039,16927.75,16555,16663,16663,381600,95.04
3/16/2022,16876.65039,16987.90039,16837.84961,16975.34961,16975.34961,260000,102.98
3/17/2022,17202.90039,17344.59961,17175.75,17287.05078,17287.05078,448300,104.7
3/21/2022,17329.5,17353.34961,17096.40039,17117.59961,17117.59961,285500,111.76
3/22/2022,17120.40039,17334.40039,17006.30078,17315.5,17315.5,338300,114.93
3/23/2022,17405.05078,17442.40039,17199.59961,17245.65039,17245.65039,292100,112.34
3/24/2022,17094.94922,17291.75,17091.15039,17222.75,17222.75,290300,113.9
3/28/2022,17181.84961,17235.09961,17003.90039,17222,17222,253200,104.24
3/29/2022,17297.19922,17343.65039,17235.69922,17325.30078,17325.30078,235100,107.82
3/30/2022,17468.15039,17522.5,17387.19922,17498.25,17498.25,505000,100.28
3/31/2022,17519.19922,17559.80078,17435.19922,17464.75,17464.75,281100,99.27
4/4/2022,17809.09961,18114.65039,17791.40039,18053.40039,18053.40039,345500,101.96
4/5/2022,18080.59961,18095.44922,17921.55078,17957.40039,17957.40039,283500,96.23
4/6/2022,17842.75,17901,17779.84961,17807.65039,17807.65039,328800,96.03
4/7/2022,17723.30078,17787.5,17623.69922,17639.55078,17639.55078,308800,98.26
4/11/2022,17740.90039,17779.05078,17650.94922,17674.94922,17674.94922,251700,100.6
4/12/2022,17584.84961,17595.30078,17442.34961,17530.30078,17530.30078,266000,104.25
4/13/2022,17599.90039,17663.65039,17457.40039,17475.65039,17475.65039,245100,106.95
4/18/2022,17183.44922,17237.75,17067.84961,17173.65039,17173.65039,376100,102.56
4/19/2022,17258.94922,17275.65039,16824.69922,16958.65039,16958.65039,401400,102.75
4/20/2022,17045.25,17186.90039,16978.94922,17136.55078,17136.55078,286100,103.79
4/21/2022,17234.59961,17414.69922,17215.5,17392.59961,17392.59961,285200,102.07
4/25/2022,17009.05078,17054.30078,16888.69922,16953.94922,16953.94922,275700,101.7
4/26/2022,17121.30078,17223.84961,17064.44922,17200.80078,17200.80078,261100,102.02
4/27/2022,17073.34961,17110.69922,16958.44922,17038.40039,17038.40039,265100,105.36
4/28/2022,17189.5,17322.5,17071.05078,17245.05078,17245.05078,312900,104.69
5/2/2022,16924.44922,17092.25,16917.25,17069.09961,17069.09961,278200,102.41
5/4/2022,17096.59961,17132.84961,16623.94922,16677.59961,16677.59961,310600,108.26
5/5/2022,16854.75,16945.69922,16651.84961,16682.65039,16682.65039,265800,109.77
5/9/2022,16227.7002,16403.69922,16142.09961,16301.84961,16301.84961,288400,99.76
5/10/2022,16248.90039,16404.55078,16197.29981,16240.04981,16240.04981,283100,105.71
5/11/2022,16270.04981,16318.75,15992.59961,16167.09961,16167.09961,284300,106.13
5/12/2022,16021.09961,16041.9502,15735.75,15808,15808,314900,110.49
5/16/2022,15845.09961,15977.9502,15739.65039,15842.29981,15842.29981,217600,112.4
5/17/2022,15912.59961,16284.25,15900.79981,16259.29981,16259.29981,295700,109.59
5/18/2022,16318.15039,16399.80078,16211.2002,16240.29981,16240.29981,290400,112.21
5/19/2022,15917.40039,15984.75,15775.2002,15809.40039,15809.40039,313900,113.23
5/23/2022,16290.9502,16414.69922,16185.75,16214.7002,16214.7002,293800,109.77
5/24/2022,16225.54981,16262.79981,16078.59961,16125.15039,16125.15039,249800,110.33
5/25/2022,16196.34961,16223.34961,16006.9502,16025.79981,16025.79981,243300,114.09
5/26/2022,16105,16204.4502,15903.7002,16170.15039,16170.15039,314300,115.07
5/30/2022,16527.90039,16695.5,16506.15039,16661.40039,16661.40039,251400,114.67
5/31/2022,16578.44922,16690.75,16521.90039,16584.55078,16584.55078,651600,115.26
6/1/2022,16594.40039,16649.19922,16438.84961,16522.75,16522.75,249600,116.87
6/2/2022,16481.65039,16646.40039,16443.05078,16628,16628,236000,118.87
6/6/2022,16530.69922,16610.94922,16444.55078,16569.55078,16569.55078,233600,119.41
6/7/2022,16469.59961,16487.25,16347.09961,16416.34961,16416.34961,233800,122.11
6/8/2022,16474.94922,16514.30078,16293.34961,16356.25,16356.25,243500,121.51
6/9/2022,16263.84961,16492.80078,16243.84961,16478.09961,16478.09961,205000,120.67
6/13/2022,15877.54981,15886.15039,15684,15774.40039,15774.40039,225500,118.93
6/14/2022,15674.25,15858,15659.4502,15732.09961,15732.09961,225400,115.31
6/15/2022,15729.25,15783.65039,15678.90039,15692.15039,15692.15039,183000,117.59
6/16/2022,15832.25,15863.15039,15335.09961,15360.59961,15360.59961,264700,109.56
6/20/2022,15334.5,15382.5,15191.09961,15350.15039,15350.15039,260000,110.65
6/21/2022,15455.9502,15707.25,15419.84961,15638.79981,15638.79981,262800,106.19
6/22/2022,15545.65039,15565.40039,15385.9502,15413.29981,15413.29981,220900,104.27
6/23/2022,15451.54981,15628.4502,15367.5,15556.65039,15556.65039,259200,107.62
6/27/2022,15926.2002,15927.4502,15815.5,15832.04981,15832.04981,210900,111.76
6/28/2022,15757.4502,15892.09961,15710.15039,15850.2002,15850.2002,251900,109.78
6/29/2022,15701.7002,15861.59961,15687.79981,15799.09961,15799.09961,444900,105.76
6/30/2022,15774.5,15890,15728.84961,15780.25,15780.25,306000,108.43
7/4/2022,15710.5,15852.34961,15661.79981,15835.34961,15835.34961,304300,99.5
7/5/2022,15909.15039,16025.75,15785.4502,15810.84961,15810.84961,254200,98.53
7/6/2022,15818.2002,16011.34961,15800.90039,15989.79981,15989.79981,288400,102.73
7/7/2022,16113.75,16150.5,16045.9502,16132.90039,16132.90039,264600,104.79
7/11/2022,16136.15039,16248.54981,16115.5,16216,16216,255900,95.84
7/12/2022,16126.2002,16158.75,16031.15039,16058.29981,16058.29981,208600,96.3
7/13/2022,16128.2002,16140,15950.15039,15966.65039,15966.65039,233300,95.78
7/14/2022,16018.84961,16070.84961,15858.2002,15938.65039,15938.65039,228600,97.59
7/18/2022,16151.40039,16287.9502,16142.2002,16278.5,16278.5,227700,104.22
7/19/2022,16187.04981,16359.5,16187.04981,16340.54981,16340.54981,222600,102.26
7/20/2022,16562.80078,16588,16490.94922,16520.84961,16520.84961,284400,96.35
7/21/2022,16523.55078,16626.94922,16483.90039,16605.25,16605.25,243600,94.7
7/25/2022,16662.55078,16706.05078,16564.25,16631,16631,211400,94.98
7/26/2022,16632.90039,16636.09961,16463.30078,16483.84961,16483.84961,208200,97.26
7/27/2022,16475.34961,16653.44922,16438.75,16641.80078,16641.80078,185200,96.42
7/28/2022,16774.84961,16947.65039,16746.25,16929.59961,16929.59961,376300,98.62
8/1/2022,17243.19922,17356.25,17154.80078,17340.05078,17340.05078,381500,94.42
8/2/2022,17310.15039,17390.15039,17215.84961,17345.44922,17345.44922,333600,90.66
8/3/2022,17349.25,17407.5,17225.84961,17388.15039,17388.15039,285400,88.54
8/4/2022,17463.09961,17490.69922,17161.25,17382,17382,325000,89.01
8/8/2022,17401.5,17548.80078,17359.75,17525.09961,17525.09961,257000,90.5
8/10/2022,17566.09961,17566.09961,17442.80078,17534.75,17534.75,312700,94.34
8/11/2022,17711.65039,17719.30078,17631.94922,17659,17659,311200,92.09
8/16/2022,17797.19922,17839.09961,17764.05078,17825.25,17825.25,0,88.11
8/17/2022,17868.15039,17965.94922,17833.34961,17944.25,17944.25,262800,90.5
8/18/2022,17898.65039,17968.44922,17852.05078,17956.5,17956.5,263900,90.77
8/22/2022,17682.90039,17690.05078,17467.34961,17490.69922,17490.69922,287600,93.74
8/23/2022,17357.34961,17625.55078,17345.19922,17577.5,17577.5,285600,94.89
8/24/2022,17525.44922,17623.65039,17499.25,17604.94922,17604.94922,262000,92.52
8/25/2022,17679,17726.5,17487.44922,17522.44922,17522.44922,230200,93.06
8/29/2022,17188.65039,17380.15039,17166.19922,17312.90039,17312.90039,244900,91.64
8/30/2022,17414.94922,17777.65039,17401.5,17759.30078,17759.30078,324700,89.55
9/1/2022,17485.69922,17695.59961,17468.44922,17542.80078,17542.80078,308500,86.87
9/5/2022,17546.44922,17683.15039,17540.34961,17665.80078,17665.80078,230300,86.88
9/6/2022,17695.69922,17764.65039,17587.65039,17655.59961,17655.59961,251200,81.94
9/7/2022,17519.40039,17650.75,17484.30078,17624.40039,17624.40039,354100,83.54
9/8/2022,17748.15039,17807.65039,17691.94922,17798.75,17798.75,279800,86.79
9/12/2022,17890.84961,17980.55078,17889.15039,17936.34961,17936.34961,228200,87.31
9/13/2022,18044.44922,18088.30078,18015.44922,18070.05078,18070.05078,259900,88.48
9/14/2022,17771.15039,18091.55078,17771.15039,18003.75,18003.75,365900,85.1
9/15/2022,18046.34961,18096.15039,17861.5,17877.40039,17877.40039,289600,85.11
9/19/2022,17540.65039,17667.19922,17429.69922,17622.25,17622.25,258300,84.45
9/20/2022,17770.40039,17919.30078,17744.40039,17816.25,17816.25,263100,82.94
9/21/2022,17766.34961,17838.69922,17663.59961,17718.34961,17718.34961,245500,83.49
9/22/2022,17609.65039,17722.75,17532.44922,17629.80078,17629.80078,284100,78.74
9/26/2022,17156.30078,17196.40039,16978.30078,17016.30078,17016.30078,492000,78.5
9/27/2022,17110.90039,17176.44922,16942.34961,17007.40039,17007.40039,359900,82.15
9/28/2022,16870.55078,17037.59961,16820.40039,16858.59961,16858.59961,323900,81.23
9/29/2022,16993.59961,17026.05078,16788.59961,16818.09961,16818.09961,340000,79.49
10/3/2022,17102.09961,17114.65039,16855.55078,16887.34961,16887.34961,278400,86.52
10/4/2022,17147.44922,17287.30078,17117.30078,17274.30078,17274.30078,226000,87.76
10/6/2022,17379.25,17428.80078,17315.65039,17331.80078,17331.80078,265500,92.64
10/10/2022,17094.34961,17280.15039,17064.69922,17241,17241,234000,89.35
10/11/2022,17256.05078,17261.80078,16950.30078,16983.55078,16983.55078,282600,87.27
10/12/2022,17025.55078,17142.34961,16960.05078,17123.59961,17123.59961,256000,89.11
10/13/2022,17087.34961,17112.34961,16956.94922,17014.34961,17014.34961,266400,85.61
10/17/2022,17144.80078,17328.55078,17098.55078,17311.80078,17311.80078,212200,82.82
10/18/2022,17438.75,17527.80078,17434.05078,17486.94922,17486.94922,239500,85.55
10/19/2022,17568.15039,17607.59961,17472.84961,17512.25,17512.25,210500,85.98
10/20/2022,17423.09961,17584.15039,17421,17563.94922,17563.94922,249600,85.05
10/24/2022,17736.34961,17777.55078,17707.40039,17730.75,17730.75,45000,85.32
10/25/2022,17808.30078,17811.5,17637,17656.34961,17656.34961,251400,87.91
10/27/2022,17771.40039,17783.90039,17654.5,17736.94922,17736.94922,324600,87.9
10/31/2022,17910.19922,18022.80078,17899.90039,18012.19922,18012.19922,227200,88.37
11/1/2022,18130.69922,18175.80078,18060.15039,18145.40039,18145.40039,349900,90
11/2/2022,18177.90039,18178.75,18048.65039,18082.84961,18082.84961,270900,88.17
11/3/2022,17968.34961,18106.30078,17959.19922,18052.69922,18052.69922,213000,92.61
11/7/2022,18211.75,18255.5,18064.75,18202.80078,18202.80078,314800,91.79
11/9/2022,18288.25,18296.40039,18117.5,18157,18157,307200,85.83
11/10/2022,18044.34961,18103.09961,17969.40039,18028.19922,18028.19922,256500,86.47
11/11/2022,18272.34961,18362.30078,18259.34961,18349.69922,18349.69922,378500,88.96
11/14/2022,18376.40039,18399.44922,18311.40039,18329.15039,18329.15039,301400,85.87
11/15/2022,18362.75,18427.94922,18282,18403.40039,18403.40039,250900,86.92
11/16/2022,18398.25,18442.15039,18344.15039,18409.65039,18409.65039,219300,85.59
11/17/2022,18358.69922,18417.59961,18312.94922,18343.90039,18343.90039,200500,81.64
11/18/2022,18382.94922,18394.59961,18209.80078,18307.65039,18307.65039,198800,80.08
11/21/2022,18246.40039,18262.30078,18133.34961,18159.94922,18159.94922,213800,79.73
11/22/2017,10350.79981,10368.7002,10309.54981,10342.29981,10342.29981,157600,
11/23/2017,10358.4502,10374.29981,10307.29981,10348.75,10348.75,153000,
11/24/2017,10366.79981,10404.5,10362.25,10389.7002,10389.7002,129200,
11/27/2017,10361.04981,10407.15039,10340.2002,10399.54981,10399.54981,141900,
11/28/2017,10387.90039,10409.54981,10355.2002,10370.25,10370.25,196000,
11/29/2017,10376.65039,10392.9502,10345.90039,10361.29981,10361.29981,152500,
11/30/2017,10332.7002,10332.7002,10211.25,10226.54981,10226.54981,342500,
12/1/2017,10263.7002,10272.7002,10108.54981,10121.79981,10121.79981,143400,
12/4/2017,10175.04981,10179.2002,10095.7002,10127.75,10127.75,148600,
12/5/2017,10118.25,10147.9502,10069.09961,10118.25,10118.25,155500,
12/6/2017,10088.79981,10104.2002,10033.34961,10044.09961,10044.09961,166100,
12/7/2017,10063.4502,10182.65039,10061.90039,10166.7002,10166.7002,166200,
12/8/2017,10198.4502,10270.84961,10195.25,10265.65039,10265.65039,200000,
12/11/2017,10310.5,10329.2002,10282.04981,10322.25,10322.25,147400,
12/12/2017,10324.90039,10326.09961,10230.2002,10240.15039,10240.15039,175100,
12/13/2017,10236.59961,10296.54981,10169.84961,10192.9502,10192.9502,181600,
12/14/2017,10229.29981,10276.09961,10141.54981,10252.09961,10252.09961,154300,
12/15/2017,10345.65039,10373.09961,10319.65039,10333.25,10333.25,255100,
12/18/2017,10263.09961,10443.54981,10074.79981,10388.75,10388.75,230400,
12/19/2017,10414.79981,10472.2002,10406,10463.2002,10463.2002,169100,
12/20/2017,10494.40039,10494.4502,10437.15039,10444.2002,10444.2002,175200,
12/21/2017,10473.9502,10473.9502,10426.90039,10440.29981,10440.29981,151900,
12/22/2017,10457.29981,10501.09961,10448.25,10493,10493,138800,
12/26/2017,10512.29981,10545.4502,10477.9502,10531.5,10531.5,155600,
12/27/2017,10531.04981,10552.40039,10469.25,10490.75,10490.75,165200,
12/28/2017,10498.2002,10534.54981,10460.4502,10477.90039,10477.90039,272900,
12/29/2017,10492.34961,10538.7002,10488.65039,10530.7002,10530.7002,152000,
1/1/2018,,,,,,,
1/15/2018,10718.5,10782.65039,10713.79981,10741.54981,10741.54981,175900,
2/19/2018,10488.90039,10489.34961,10302.75,10378.40039,10378.40039,187300,
3/16/2018,10345.15039,10346.29981,10180.25,10195.15039,10195.15039,328500,
3/23/2018,9968.799805,10027.7002,9951.900391,9998.049805,9998.049805,285700,
4/6/2018,10322.75,10350.4502,10290.84961,10331.59961,10331.59961,200200,
4/13/2018,10495.29981,10519.90039,10451.4502,10480.59961,10480.59961,213100,
4/20/2018,10560.34961,10582.34961,10527.4502,10564.04981,10564.04981,244600,
4/27/2018,10651.65039,10719.79981,10647.54981,10692.29981,10692.29981,0,
5/4/2018,10700.4502,10700.4502,10601.59961,10618.25,10618.25,186500,
5/11/2018,10741.9502,10812.04981,10724.4502,10806.5,10806.5,203100,
5/18/2018,10671.84961,10674.9502,10589.09961,10596.40039,10596.40039,223000,
5/25/2018,10533.04981,10628.04981,10524,10605.15039,10605.15039,260800,
6/1/2018,10738.4502,10764.75,10681.5,10696.2002,10696.2002,220600,
6/8/2018,10736.40039,10779.4502,10709.04981,10767.65039,10767.65039,209400,
6/15/2018,10808.65039,10834,10755.40039,10817.7002,10817.7002,305400,
6/22/2018,10742.7002,10837,10710.4502,10821.84961,10821.84961,229800,
6/29/2018,10612.84961,10723.04981,10612.34961,10714.29981,10714.29981,242800,
7/2/2018,10732.34961,10736.15039,10604.65039,10657.29981,10657.29981,295400,
7/6/2018,10744.15039,10816.34961,10735.04981,10772.65039,10772.65039,0,
7/13/2018,11056.90039,11071.34961,10999.75,11018.90039,11018.90039,0,
7/20/2018,10963.5,11030.25,10946.2002,11010.2002,11010.2002,187300,
7/27/2018,11232.75,11283.40039,11210.25,11278.34961,11278.34961,314600,
8/3/2018,11297.79981,11368,11294.54981,11360.79981,11360.79981,218300,
8/10/2018,11474.9502,11478.75,11419.65039,11429.5,11429.5,0,
8/17/2018,11437.15039,11486.4502,11431.79981,11470.75,11470.75,234700,
8/24/2018,11566.59961,11604.59961,11532,11557.09961,11557.09961,218800,
8/31/2018,11675.84961,11727.65039,11640.09961,11680.5,11680.5,346500,
9/7/2018,11558.25,11603,11484.40039,11589.09961,11589.09961,295900,
9/14/2018,11443.5,11523.25,11430.54981,11515.2002,11515.2002,276600,
9/21/2018,11271.29981,11346.79981,10866.4502,11143.09961,11143.09961,719000,
9/28/2018,11008.09961,11034.09961,10850.29981,10930.4502,10930.4502,478100,
10/5/2018,10514.09961,10540.65039,10261.90039,10316.4502,10316.4502,606400,
10/12/2018,10331.54981,10492.4502,10322.15039,10472.5,10472.5,343500,
10/19/2018,10339.7002,10380.09961,10249.59961,10303.54981,10303.54981,357500,
10/26/2018,10122.34961,10128.84961,10004.54981,10030,10030,364300,
11/2/2018,10462.29981,10606.9502,10457.7002,10553,10553,421200,
11/22/2018,10612.65039,10646.25,10512,10526.75,10526.75,239500,
12/5/2018,10820.4502,10821.04981,10747.9502,10782.90039,10782.90039,312300,
1/1/2019,,,,,,,
1/21/2019,10919.34961,10987.4502,10885.75,10961.84961,10961.84961,288800,
2/18/2019,10738.65039,10759.90039,10628.40039,10640.9502,10640.9502,345400,
3/15/2019,11376.84961,11487,11370.79981,11426.84961,11426.84961,463700,
3/22/2019,11549.2002,11572.79981,11434.54981,11456.90039,11456.90039,386200,
4/5/2019,11638.40039,11689.65039,11609.5,11665.9502,11665.9502,266700,
4/12/2019,11612.84961,11657.34961,11578.79981,11643.4502,11643.4502,246000,
4/18/2019,11856.15039,11856.15039,11738.5,11752.79981,11752.79981,339700,
4/26/2019,11683.75,11762.90039,11661.75,11754.65039,11754.65039,333500,
5/3/2019,11722.59961,11770.90039,11699.34961,11712.25,11712.25,305500,
5/10/2019,11314.15039,11345.79981,11251.04981,11278.90039,11278.90039,387300,
5/17/2019,11261.90039,11426.15039,11259.84961,11407.15039,11407.15039,412100,
5/24/2019,11748,11859,11658.09961,11844.09961,11844.09961,374600,
5/31/2019,11999.79981,12039.25,11829.4502,11922.79981,11922.79981,438900,
6/7/2019,11865.2002,11897.5,11769.5,11870.65039,11870.65039,302500,
6/14/2019,11910.09961,11911.84961,11797.7002,11823.29981,11823.29981,390300,
6/21/2019,11827.59961,11827.9502,11705.09961,11724.09961,11724.09961,468400,
6/28/2019,11861.15039,11871.7002,11775.5,11788.84961,11788.84961,303900,
7/2/2019,11890.29981,11917.4502,11814.7002,11910.29981,11910.29981,363200,
7/5/2019,11964.75,11981.75,11797.90039,11811.15039,11811.15039,530700,
7/12/2019,11601.15039,11639.54981,11538.59961,11552.5,11552.5,359400,
7/19/2019,11627.9502,11640.34961,11399.29981,11419.25,11419.25,446000,
7/26/2019,11247.4502,11307.59961,11210.04981,11284.29981,11284.29981,522700,
8/2/2019,10930.29981,11080.15039,10848.9502,10997.34961,10997.34961,547400,
8/9/2019,11087.90039,11181.4502,11062.79981,11109.65039,11109.65039,538100,
8/16/2019,11043.65039,11068.65039,10924.29981,11047.79981,11047.79981,470900,
8/23/2019,10699.59961,10862.54981,10637.15039,10829.34961,10829.34961,667100,
8/30/2019,10987.79981,11042.59961,10874.79981,11023.25,11023.25,628200,
9/6/2019,10883.79981,10957.04981,10867.4502,10946.2002,10946.2002,497200,
9/13/2019,10986.79981,11084.4502,10945.75,11075.90039,11075.90039,624300,
9/20/2019,10746.79981,11381.90039,10691,11274.2002,11274.2002,1356800,
9/27/2019,11556.34961,11593.59961,11499.75,11512.40039,11512.40039,650000,
10/4/2019,11388.4502,11400.29981,11158.34961,11174.75,11174.75,928500,
10/11/2019,11257.7002,11362.90039,11189.40039,11305.04981,11305.04981,737800,
10/18/2019,11580.29981,11684.7002,11553.15039,11661.84961,11661.84961,853400,
10/25/2019,11646.15039,11646.90039,11490.75,11583.90039,11583.90039,812000,
11/1/2019,11886.59961,11918.29981,11843.34961,11890.59961,11890.59961,855300,
11/28/2019,12132.09961,12158.79981,12099.9502,12151.15039,12151.15039,620500,
1/1/2020,12202.15039,12222.2002,12165.29981,12182.5,12182.5,304100,
1/20/2020,12430.5,12430.5,12216.90039,12224.54981,12224.54981,491600,
2/17/2020,12131.79981,12159.59961,12037,12045.79981,12045.79981,0,
3/13/2020,9107.599609,10159.40039,8555.150391,9955.200195,9955.200195,1388000,
3/20/2020,8284.450195,8883,8178.200195,8745.450195,8745.450195,1071500,
3/27/2020,8949.099609,9038.900391,8522.900391,8660.25,8660.25,801500,
4/3/2020,8356.549805,8356.549805,8055.799805,8083.799805,8083.799805,697000,
4/9/2020,8973.049805,9128.349609,8904.549805,9111.900391,9111.900391,742100,
4/17/2020,9323.450195,9324,9091.349609,9266.75,9266.75,684200,
4/24/2020,9163.900391,9296.900391,9141.299805,9154.400391,9154.400391,659400,
5/8/2020,9376.950195,9382.650391,9238.200195,9251.5,9251.5,609100,
5/15/2020,9182.400391,9182.400391,9050,9136.849609,9136.849609,575900,
5/22/2020,9067.900391,9149.599609,8968.549805,9039.25,9039.25,675800,
5/29/2020,9422.200195,9598.849609,9376.900391,9580.299805,9580.299805,967000,
6/5/2020,10093.79981,10177.79981,10040.75,10142.15039,10142.15039,987100,
6/12/2020,9544.950195,9996.049805,9544.349609,9972.900391,9972.900391,796300,
6/19/2020,10119,10272.40039,10072.65039,10244.40039,10244.40039,892100,
6/26/2020,10378.90039,10409.84961,10311.25,10383,10383,671900,
7/2/2020,10493.04981,10598.2002,10485.54981,10551.7002,10551.7002,597400,
7/3/2020,10614.9502,10631.29981,10562.65039,10607.34961,10607.34961,525200,
7/10/2020,10764.09961,10819.40039,10713,10768.04981,10768.04981,590700,
7/17/2020,10752,10933.4502,10749.65039,10901.7002,10901.7002,676900,
7/24/2020,11149.9502,11225.40039,11090.29981,11194.15039,11194.15039,678900,
7/31/2020,11139.5,11150.40039,11026.65039,11073.4502,11073.4502,642600,
8/7/2020,11186.65039,11231.90039,11142.04981,11214.04981,11214.04981,452600,
8/14/2020,11353.29981,11366.25,11111.4502,11178.40039,11178.40039,645100,
8/21/2020,11409.65039,11418.5,11362.2002,11371.59961,11371.59961,668700,
8/28/2020,11602.9502,11686.04981,11589.40039,11647.59961,11647.59961,807000,
9/4/2020,11354.40039,11452.04981,11303.65039,11333.84961,11333.84961,681300,
9/11/2020,11447.79981,11493.5,11419.90039,11464.4502,11464.4502,554800,
9/18/2020,11584.09961,11584.09961,11446.09961,11504.9502,11504.9502,764200,
9/25/2020,10910.40039,11072.59961,10854.84961,11050.25,11050.25,559600,
10/9/2020,11852.04981,11938.59961,11805.2002,11914.2002,11914.2002,611100,
10/16/2020,11727.40039,11789.75,11667.84961,11762.4502,11762.4502,555800,
10/23/2020,11957.90039,11974.54981,11908.75,11930.34961,11930.34961,502300,
10/30/2020,11678.4502,11748.9502,11535.4502,11642.40039,11642.40039,553700,
11/14/2020,,,,,,,
11/26/2020,12906.4502,13018,12790.40039,12987,12987,549800,
1/1/2021,13996.09961,14049.84961,13991.34961,14018.5,14018.5,358100,
1/18/2021,14453.29981,14459.15039,14222.79981,14281.29981,14281.29981,762000,
2/15/2021,15270.29981,15340.15039,15243.40039,15314.7002,15314.7002,456000,
3/19/2021,14471.15039,14788.25,14350.09961,14744,14744,919200,
3/26/2021,14506.29981,14572.90039,14414.25,14507.29981,14507.29981,481000,
4/1/2021,14798.40039,14883.2002,14692.4502,14867.34961,14867.34961,445000,
4/9/2021,14882.65039,14918.4502,14785.65039,14834.84961,14834.84961,504100,
4/16/2021,14599.59961,14697.7002,14559,14617.84961,14617.84961,577200,
4/23/2021,14326.34961,14461.15039,14273.29981,14341.34961,14341.34961,498100,
4/30/2021,14747.34961,14855.4502,14601.7002,14631.09961,14631.09961,613900,
5/7/2021,14816.84961,14863.04981,14765.5,14823.15039,14823.15039,488000,
5/14/2021,14749.40039,14749.65039,14591.90039,14677.79981,14677.79981,620700,
5/21/2021,14987.79981,15190,14985.84961,15175.29981,15175.29981,572900,
5/28/2021,15421.2002,15469.65039,15394.75,15435.65039,15435.65039,468100,
6/4/2021,15712.5,15733.59961,15622.34961,15670.25,15670.25,414200,
6/11/2021,15796.4502,15835.54981,15749.79981,15799.34961,15799.34961,363000,
6/18/2021,15756.5,15761.5,15450.90039,15683.34961,15683.34961,640800,
6/25/2021,15839.34961,15870.79981,15772.29981,15860.34961,15860.34961,314600,
7/2/2021,15705.84961,15738.34961,15635.9502,15722.2002,15722.2002,254800,
7/9/2021,15688.25,15730.84961,15632.75,15689.79981,15689.79981,243200,
7/16/2021,15958.34961,15962.25,15882.59961,15923.40039,15923.40039,276300,
7/23/2021,15856.79981,15899.79981,15768.40039,15856.04981,15856.04981,294100,
7/30/2021,15800.59961,15862.79981,15744.84961,15763.04981,15763.04981,400000,
8/6/2021,16304.40039,16336.75,16223.29981,16238.2002,16238.2002,320100,
8/13/2021,16385.69922,16543.59961,16376.29981,16529.09961,16529.09961,321900,
8/20/2021,16382.5,16509.55078,16376.04981,16450.5,16450.5,350800,
8/27/2021,16642.55078,16722.05078,16565.59961,16705.19922,16705.19922,217400,
9/3/2021,17262.44922,17340.09961,17212.19922,17323.59961,17323.59961,261400,
9/17/2021,17709.65039,17792.94922,17537.65039,17585.15039,17585.15039,508300,
9/24/2021,17897.44922,17947.65039,17819.40039,17853.19922,17853.19922,360100,
10/1/2021,17531.90039,17557.15039,17452.90039,17532.05078,17532.05078,305800,
10/8/2021,17886.84961,17941.84961,17840.34961,17895.19922,17895.19922,324100,
10/22/2021,18230.69922,18314.25,18034.34961,18114.90039,18114.90039,324700,
10/29/2021,17833.05078,17915.84961,17613.09961,17671.65039,17671.65039,336500,
12/24/2021,17149.5,17155.59961,16909.59961,17003.75,17003.75,182600,
1/17/2022,18235.65039,18321.55078,18228.75,18308.09961,18308.09961,266700,
2/21/2022,17192.25,17351.05078,17070.69922,17206.65039,17206.65039,215200,
3/25/2022,17289,17294.90039,17076.55078,17153,17153,237100,
4/1/2022,17436.90039,17703.69922,17422.69922,17670.44922,17670.44922,291800,
4/8/2022,17698.15039,17842.75,17600.55078,17784.34961,17784.34961,274400,
4/22/2022,17242.75,17315.30078,17149.19922,17171.94922,17171.94922,262700,
4/29/2022,17329.25,17377.65039,17053.25,17102.55078,17102.55078,336200,
5/6/2022,16415.55078,16484.19922,16340.90039,16411.25,16411.25,300500,
5/13/2022,15977,16083.59961,15740.84961,15782.15039,15782.15039,369100,
5/20/2022,16043.79981,16283.04981,16003.84961,16266.15039,16266.15039,252400,
5/27/2022,16296.59961,16370.59961,16221.9502,16352.4502,16352.4502,274100,
6/3/2022,16761.65039,16793.84961,16567.90039,16584.30078,16584.30078,245500,
6/10/2022,16283.9502,16324.7002,16172.59961,16201.79981,16201.79981,189700,
6/17/2022,15272.65039,15400.40039,15183.40039,15293.5,15293.5,342600,
6/24/2022,15657.40039,15749.25,15619.4502,15699.25,15699.25,219600,
7/1/2022,15703.7002,15793.9502,15511.04981,15752.04981,15752.04981,364100,
7/8/2022,16273.65039,16275.5,16157.90039,16220.59961,16220.59961,281100,
7/15/2022,16010.79981,16066.9502,15927.29981,16049.2002,16049.2002,205800,
7/22/2022,16661.25,16752.25,16610.90039,16719.44922,16719.44922,190900,
7/29/2022,17079.5,17172.80078,17018.15039,17158.25,17158.25,436100,
8/5/2022,17423.65039,17474.40039,17348.75,17397.5,17397.5,355300,
8/12/2022,17659.65039,17724.65039,17597.84961,17698.15039,17698.15039,303900,
8/19/2022,17966.55078,17992.19922,17710.75,17758.44922,17758.44922,295600,
8/26/2022,17619.30078,17685.84961,17519.34961,17558.90039,17558.90039,266600,
9/2/2022,17598.40039,17643.84961,17476.44922,17539.44922,17539.44922,256300,
9/9/2022,17923.34961,17925.94922,17786,17833.34961,17833.34961,270300,
9/16/2022,17796.80078,17820.05078,17497.25,17530.84961,17530.84961,468500,
9/23/2022,17593.84961,17642.15039,17291.65039,17327.34961,17327.34961,390800,
9/30/2022,16798.05078,17187.09961,16747.69922,17094.34961,17094.34961,376100,
10/7/2022,17287.19922,17337.34961,17216.94922,17314.65039,17314.65039,216300,
10/14/2022,17322.30078,17348.55078,17169.75,17185.69922,17185.69922,227000,
10/21/2022,17622.84961,17670.15039,17520.75,17576.30078,17576.30078,277700,
10/28/2022,17756.40039,17838.90039,17723.69922,17786.80078,17786.80078,250000,
11/4/2022,18053.40039,18135.09961,18017.15039,18117.15039,18117.15039,267900,
