Date,Open_crude_oil_price,High_crude_oil_price,Low_crude_oil_price,Close_crude_oil_price,Adj Close_crude_oil_price,Volume_crude_oil_price
2-Jan-18,60.2,60.74,60.1,60.37,60.37,"510,313"
3-Jan-18,60.39,61.97,60.28,61.63,61.63,"673,859"
4-Jan-18,61.96,62.21,61.59,62.01,62.01,"654,363"
5-Jan-18,61.9,62.04,61.09,61.44,61.44,"563,036"
8-Jan-18,61.61,61.97,61.34,61.73,61.73,"616,474"
9-Jan-18,61.92,63.48,61.8,62.96,62.96,"844,720"
10-Jan-18,63.41,63.67,63.09,63.57,63.57,"697,844"
11-Jan-18,63.5,64.77,63.43,63.8,63.8,"876,642"
12-Jan-18,63.57,64.5,63.06,64.3,64.3,"678,727"
16-Jan-18,64.43,64.89,63.39,63.73,63.73,"867,771"
17-Jan-18,63.89,64.17,63.31,63.97,63.97,"444,384"
18-Jan-18,64.07,64.35,63.47,63.95,63.95,"204,504"
19-Jan-18,63.74,63.77,62.85,63.37,63.37,"142,711"
22-Jan-18,63.61,64.14,63.17,63.49,63.49,"625,662"
23-Jan-18,63.88,64.88,63.7,64.47,64.47,"662,456"
24-Jan-18,64.42,66.05,64.34,65.61,65.61,"887,018"
25-Jan-18,65.88,66.66,65.08,65.51,65.51,"771,758"
26-Jan-18,65.25,66.35,64.91,66.14,66.14,"678,186"
29-Jan-18,66.18,66.46,64.98,65.56,65.56,"656,168"
30-Jan-18,65.53,65.56,63.89,64.5,64.5,"688,380"
31-Jan-18,64.03,64.94,63.67,64.73,64.73,"613,258"
1-Feb-18,64.76,66.25,64.63,65.8,65.8,"685,750"
2-Feb-18,65.99,66.3,64.47,65.45,65.45,"857,572"
5-Feb-18,65.1,65.4,63.42,64.15,64.15,"891,063"
6-Feb-18,63.43,64.29,63.12,63.39,63.39,"797,814"
7-Feb-18,63.92,64.18,61.25,61.79,61.79,"1,029,408"
8-Feb-18,61.7,62.09,60.27,61.15,61.15,"929,578"
9-Feb-18,60.43,60.77,58.07,59.2,59.2,"933,307"
12-Feb-18,59.12,60.83,59.1,59.29,59.29,"736,917"
13-Feb-18,59.35,59.73,58.39,59.19,59.19,"580,600"
14-Feb-18,58.98,60.9,58.2,60.6,60.6,"650,324"
15-Feb-18,60.71,61.64,59.72,61.34,61.34,"340,401"
16-Feb-18,61.45,61.99,60.88,61.68,61.68,"181,179"
20-Feb-18,61.63,62.74,61.58,61.9,61.9,"794,481"
21-Feb-18,61.63,61.86,60.92,61.68,61.68,"466,924"
22-Feb-18,61.34,63.09,60.75,62.77,62.77,"592,603"
23-Feb-18,62.6,63.73,62.33,63.55,63.55,"460,597"
26-Feb-18,63.6,64.24,63.06,63.91,63.91,"469,853"
27-Feb-18,64.06,64.08,62.64,63.01,63.01,"562,670"
28-Feb-18,62.79,63.44,61.36,61.64,61.64,"768,409"
1-Mar-18,61.55,61.83,60.18,60.99,60.99,"812,505"
2-Mar-18,61.34,61.6,60.13,61.25,61.25,"613,514"
5-Mar-18,61.55,62.79,61.1,62.57,62.57,"599,266"
6-Mar-18,62.58,63.28,62.17,62.6,62.6,"634,953"
7-Mar-18,62.3,62.58,60.58,61.15,61.15,"879,119"
8-Mar-18,61.33,61.4,59.95,60.12,60.12,"720,510"
9-Mar-18,60.27,62.18,60.14,62.04,62.04,"659,722"
11-Mar-18,62.1,62.33,60.67,61.36,61.36,"537,990"
12-Mar-18,61.37,61.97,60.27,60.71,60.71,"747,738"
13-Mar-18,60.87,61.33,60.11,60.96,60.96,"665,017"
14-Mar-18,60.95,61.54,60.82,61.19,61.19,"430,201"
15-Mar-18,61.19,62.54,61.08,62.34,62.34,"202,493"
18-Mar-18,62.23,62.35,61.36,62.06,62.06,"115,962"
19-Mar-18,62.1,63.81,62.08,63.4,63.4,"717,709"
20-Mar-18,63.72,65.55,63.58,65.17,65.17,"763,768"
21-Mar-18,65.5,65.74,64.14,64.3,64.3,"689,172"
22-Mar-18,64.28,66,64.11,65.88,65.88,"752,994"
25-Mar-18,65.9,66.55,65.08,65.55,65.55,"585,899"
26-Mar-18,65.53,66.41,64.53,65.25,65.25,"670,811"
27-Mar-18,64.7,65.13,63.72,64.38,64.38,"697,678"
28-Mar-18,64.69,65.26,64.16,64.94,64.94,"562,819"
1-Apr-18,64.91,65.42,62.8,63.01,63.01,"582,742"
2-Apr-18,62.89,63.86,62.86,63.51,63.51,"527,289"
3-Apr-18,63.59,63.64,62.06,63.37,63.37,"760,596"
4-Apr-18,63.6,64.12,63.07,63.54,63.54,"588,597"
5-Apr-18,63.7,63.79,61.81,62.06,62.06,"753,262"
8-Apr-18,62,63.61,61.93,63.42,63.42,"655,831"
9-Apr-18,63.3,65.86,63.2,65.51,65.51,"840,280"
10-Apr-18,65.59,67.45,65.15,66.82,66.82,"963,017"
11-Apr-18,66.75,67.33,66,67.07,67.07,"687,468"
12-Apr-18,67.18,67.76,66.7,67.39,67.39,"624,203"
15-Apr-18,67.24,67.74,66.13,66.22,66.22,"560,076"
16-Apr-18,66.42,66.75,65.56,66.52,66.52,"486,076"
17-Apr-18,66.68,68.91,66.56,68.47,68.47,"221,664"
18-Apr-18,68.75,69.56,67.98,68.29,68.29,"125,993"
19-Apr-18,68.26,68.62,67.5,68.38,68.38,"724,906"
22-Apr-18,68.22,69.03,67.14,68.64,68.64,"740,941"
23-Apr-18,68.95,69.38,67.54,67.7,67.7,"832,296"
24-Apr-18,67.75,68.18,67.11,68.05,68.05,"764,049"
25-Apr-18,68.03,68.78,67.71,68.19,68.19,"660,549"
26-Apr-18,68.21,68.36,67.64,68.1,68.1,"542,549"
29-Apr-18,68.15,69.34,67.17,68.57,68.57,"755,186"
30-Apr-18,68.56,68.9,66.85,67.25,67.25,"694,771"
1-May-18,67.49,68.14,66.92,67.93,67.93,"789,367"
2-May-18,67.68,68.6,67.21,68.43,68.43,"691,219"
3-May-18,68.5,69.97,68.12,69.72,69.72,"690,876"
6-May-18,69.85,70.84,69.51,70.73,70.73,"758,916"
7-May-18,70.03,70.4,67.63,69.06,69.06,"1,253,566"
8-May-18,70.05,71.36,69.85,71.14,71.14,"863,386"
9-May-18,71.23,71.89,70.56,71.36,71.36,"749,808"
10-May-18,71.45,71.63,70.45,70.7,70.7,"634,145"
13-May-18,70.54,71.26,70.26,70.96,70.96,"592,826"
14-May-18,71.15,71.92,70.42,71.31,71.31,"815,289"
15-May-18,71.02,71.59,70.66,71.49,71.49,"574,279"
16-May-18,71.56,72.3,71.09,71.49,71.49,"562,639"
17-May-18,71.6,71.75,70.99,71.28,71.28,"211,785"
20-May-18,71.47,72.59,71.25,72.24,72.24,"119,892"
21-May-18,72.53,72.83,71.9,72.13,72.13,"723,458"
22-May-18,72.11,72.26,71.19,71.84,71.84,"702,791"
23-May-18,71.83,72,70.52,70.71,70.71,"640,725"
24-May-18,70.65,70.8,67.42,67.88,67.88,"955,354"
28-May-18,66.49,67.35,65.92,66.73,66.73,"1,059,750"
29-May-18,66.85,68.67,66.35,68.21,68.21,"726,886"
30-May-18,68.24,68.3,66.56,67.04,67.04,"917,563"
31-May-18,67.07,67.34,65.51,65.81,65.81,"781,103"
3-Jun-18,65.71,66.04,64.57,64.75,64.75,"696,050"
4-Jun-18,64.94,65.57,64.22,65.52,65.52,"714,674"
5-Jun-18,65.51,65.96,64.27,64.73,64.73,"708,829"
6-Jun-18,65.07,66.07,64.81,65.95,65.95,"675,041"
7-Jun-18,65.98,66.24,65.15,65.74,65.74,"571,224"
10-Jun-18,65.56,66.35,64.85,66.1,66.1,"558,281"
11-Jun-18,66.05,66.7,65.87,66.36,66.36,"524,411"
12-Jun-18,66.01,66.89,65.52,66.64,66.64,"626,398"
13-Jun-18,66.62,67.16,66.36,66.89,66.89,"460,168"
14-Jun-18,66.62,67.16,64.29,65.06,65.06,"512,591"
17-Jun-18,64.4,65.98,63.59,65.85,65.85,"218,933"
18-Jun-18,65.82,65.9,64.39,65.07,65.07,"122,646"
19-Jun-18,65.11,66.53,65.01,66.22,66.22,"801,625"
20-Jun-18,65.34,66.22,64.34,65.54,65.54,"760,719"
21-Jun-18,65.93,69.38,65.71,68.58,68.58,"1,136,232"
24-Jun-18,68.75,69.44,67.78,68.08,68.08,"816,207"
25-Jun-18,68.21,70.91,67.72,70.53,70.53,"848,537"
26-Jun-18,70.68,73.06,70.56,72.76,72.76,"775,155"
27-Jun-18,72.27,74.03,72.2,73.45,73.45,"717,347"
28-Jun-18,73.33,74.46,72.93,74.15,74.15,"602,399"
1-Jul-18,73.62,74.35,72.51,73.94,73.94,"652,167"
3-Jul-18,74.08,75.27,72.73,74.14,74.14,"667,235"
4-Jul-18,74.35,74.8,72.53,72.94,72.94,"841,632"
5-Jul-18,73.16,74.01,72.14,73.8,73.8,"611,419"
8-Jul-18,73.87,74.28,72.99,73.85,73.85,"533,003"
9-Jul-18,74.04,74.7,73.65,74.11,74.11,"586,829"
10-Jul-18,74.2,74.26,70.02,70.38,70.38,"861,726"
11-Jul-18,70.6,71.24,69.23,70.33,70.33,"707,887"
12-Jul-18,70.38,71.66,69.84,71.01,71.01,"530,277"
15-Jul-18,70.52,70.87,67.58,68.06,68.06,"530,480"
16-Jul-18,68.03,68.44,67.03,68.08,68.08,"440,727"
17-Jul-18,67.61,69.06,67.04,68.76,68.76,"187,313"
18-Jul-18,69,70.17,67.8,69.46,69.46,"103,220"
19-Jul-18,69.39,71.1,69.37,70.46,70.46,"500,967"
22-Jul-18,68.17,69.31,67.6,67.89,67.89,"555,915"
23-Jul-18,67.8,69.05,67.56,68.52,68.52,"524,591"
24-Jul-18,68.77,69.7,68.2,69.3,69.3,"622,913"
25-Jul-18,69.38,69.92,68.92,69.61,69.61,"489,059"
26-Jul-18,69.58,69.77,68.26,68.69,68.69,"460,450"
29-Jul-18,69.01,70.43,68.8,70.13,70.13,"463,011"
30-Jul-18,70.05,70.22,67.98,68.76,68.76,"519,070"
31-Jul-18,68.43,68.52,67.31,67.66,67.66,"576,561"
1-Aug-18,67.86,69.36,66.92,68.96,68.96,"531,071"
2-Aug-18,68.99,69.24,67.87,68.49,68.49,"476,615"
5-Aug-18,68.65,69.92,68.5,69.01,69.01,"495,605"
6-Aug-18,68.9,69.83,68.81,69.17,69.17,"485,027"
7-Aug-18,69.09,69.37,66.32,66.94,66.94,"760,313"
8-Aug-18,66.79,67.41,66.49,66.81,66.81,"509,401"
9-Aug-18,66.74,67.87,66.14,67.63,67.63,"524,490"
12-Aug-18,67.78,67.95,65.71,67.2,67.2,"578,219"
13-Aug-18,67.42,68.37,66.58,67.04,67.04,"538,484"
14-Aug-18,66.62,66.9,64.51,65.01,65.01,"573,473"
15-Aug-18,64.95,65.52,64.43,65.46,65.46,"383,380"
16-Aug-18,65.47,66.39,65.3,65.91,65.91,"171,403"
19-Aug-18,65.91,66.68,65.59,66.43,66.43,"112,709"
20-Aug-18,66.62,68.1,66.52,67.35,67.35,"437,164"
21-Aug-18,66.08,68.15,65.98,67.86,67.86,"581,899"
22-Aug-18,68.07,68.12,67.32,67.83,67.83,"450,690"
23-Aug-18,67.9,69.31,67.78,68.72,68.72,"517,796"
26-Aug-18,68.57,68.97,68.34,68.87,68.87,"332,612"
27-Aug-18,68.93,69.2,68.21,68.53,68.53,"426,833"
28-Aug-18,68.54,69.76,68.37,69.51,69.51,"497,095"
29-Aug-18,69.71,70.5,69.55,70.25,70.25,"445,584"
30-Aug-18,70.06,70.36,69.64,69.8,69.8,"419,739"
3-Sep-18,70.12,71.4,69.08,69.87,69.87,"785,981"
4-Sep-18,69.43,69.59,68.56,68.72,68.72,"542,104"
5-Sep-18,68.64,69.02,67,67.77,67.77,"633,824"
6-Sep-18,67.88,68.08,66.86,67.75,67.75,"530,895"
9-Sep-18,67.82,68.52,67.33,67.54,67.54,"571,174"
10-Sep-18,67.53,70.01,67.48,69.25,69.25,"676,869"
11-Sep-18,69.89,71.26,69.5,70.37,70.37,"800,543"
12-Sep-18,70.24,70.28,68.35,68.59,68.59,"684,937"
13-Sep-18,68.79,69.91,67.94,68.99,68.99,"611,075"
16-Sep-18,68.93,69.72,68.53,68.91,68.91,"422,294"
17-Sep-18,68.8,70.42,68.53,69.85,69.85,"234,202"
18-Sep-18,69.71,71.5,69.65,71.12,71.12,"125,208"
19-Sep-18,71.39,71.81,70.73,70.8,70.8,"607,520"
20-Sep-18,70.2,71.8,69.98,70.78,70.78,"855,943"
23-Sep-18,71.14,72.74,71.14,72.08,72.08,"576,894"
24-Sep-18,72.25,72.78,71.89,72.28,72.28,"551,280"
25-Sep-18,72.09,72.38,71.47,71.57,71.57,"464,463"
26-Sep-18,72.01,72.6,71.71,72.12,72.12,"454,549"
27-Sep-18,72.18,73.73,71.88,73.25,73.25,"544,047"
30-Sep-18,73.29,75.77,72.95,75.3,75.3,"601,451"
1-Oct-18,75.42,75.91,74.93,75.23,75.23,"463,615"
2-Oct-18,75.12,76.9,74.3,76.41,76.41,"698,817"
3-Oct-18,76.18,76.47,73.88,74.33,74.33,"687,949"
4-Oct-18,74.67,75.22,73.84,74.34,74.34,"613,218"
7-Oct-18,74.4,74.58,73.07,74.29,74.29,"554,938"
8-Oct-18,74.21,75.28,74,74.96,74.96,"623,537"
9-Oct-18,74.66,75.08,72.38,73.17,73.17,"652,737"
10-Oct-18,72.68,72.76,70.51,70.97,70.97,"783,962"
11-Oct-18,70.99,72.01,70.64,71.34,71.34,"626,668"
14-Oct-18,71.85,72.7,70.85,71.78,71.78,"568,610"
15-Oct-18,71.72,72.29,71.02,71.92,71.92,"535,003"
16-Oct-18,72.17,72.43,69.43,69.75,69.75,"651,584"
17-Oct-18,70.03,70.03,68.47,68.65,68.65,"215,337"
18-Oct-18,68.68,69.77,68.56,69.12,69.12,"108,311"
21-Oct-18,69.41,69.65,68.27,69.17,69.17,"513,770"
22-Oct-18,69.55,69.66,65.74,66.43,66.43,"853,265"
23-Oct-18,66.17,67.72,66.05,66.82,66.82,"775,963"
24-Oct-18,66.36,67.65,65.99,67.33,67.33,"573,096"
25-Oct-18,66.95,67.88,66.2,67.59,67.59,"595,211"
28-Oct-18,67.55,67.95,66.29,67.04,67.04,"477,487"
29-Oct-18,66.68,67.26,65.33,66.18,66.18,"680,441"
30-Oct-18,66.32,67,64.81,65.31,65.31,"666,487"
31-Oct-18,64.88,65.39,63.11,63.69,63.69,"790,286"
1-Nov-18,63.5,63.95,62.63,63.14,63.14,"708,906"
5-Nov-18,62.99,64.14,62.52,63.1,63.1,"609,129"
6-Nov-18,62.7,63.32,61.31,62.21,62.21,"761,240"
7-Nov-18,61.74,63.18,61.2,61.67,61.67,"866,628"
8-Nov-18,61.64,62.42,60.4,60.67,60.67,"764,546"
9-Nov-18,60.75,60.79,59.26,60.19,60.19,"821,729"
12-Nov-18,60.7,61.28,58.68,59.93,59.93,"806,219"
13-Nov-18,58.88,59.35,54.75,55.69,55.69,"1,095,643"
14-Nov-18,55.27,57.37,55.13,56.25,56.25,"844,696"
15-Nov-18,56.02,57.26,55.59,56.46,56.46,"256,499"
16-Nov-18,56.58,57.96,55.89,56.46,56.46,"159,001"
19-Nov-18,56.72,57.33,55.08,56.76,56.76,"699,684"
20-Nov-18,57.39,57.44,52.77,53.43,53.43,"983,120"
21-Nov-18,53.39,55.86,53.39,54.63,54.63,"734,277"
23-Nov-18,53.87,54.12,50.15,50.42,50.42,"1,014,667"
26-Nov-18,50.62,52.25,50.1,51.63,51.63,"663,108"
27-Nov-18,51.54,52.38,50.3,51.56,51.56,"764,010"
28-Nov-18,52.09,52.56,50.06,50.29,50.29,"831,688"
29-Nov-18,50.31,52.2,49.41,51.45,51.45,"812,721"
30-Nov-18,51.27,51.79,49.65,50.93,50.93,"796,714"
3-Dec-18,52.45,53.85,52.03,52.95,52.95,"758,010"
4-Dec-18,53.13,54.55,52.43,53.25,53.25,"738,130"
6-Dec-18,52.93,53.3,50.08,51.49,51.49,"987,266"
7-Dec-18,51.76,54.22,50.6,52.61,52.61,"987,717"
10-Dec-18,52.03,52.81,50.53,51,51,"733,225"
11-Dec-18,50.89,52.43,50.7,51.65,51.65,"665,262"
12-Dec-18,51.95,52.88,50.94,51.15,51.15,"730,810"
13-Dec-18,51.2,53.27,50.35,52.58,52.58,"733,627"
14-Dec-18,52.83,52.95,50.84,51.2,51.2,"526,839"
17-Dec-18,51.25,51.87,49.01,49.88,49.88,"211,257"
18-Dec-18,49.16,49.59,45.79,46.24,46.24,"120,101"
19-Dec-18,45.93,48,45.93,47.2,47.2,"817,721"
20-Dec-18,47.39,47.51,45.67,45.88,45.88,"794,130"
21-Dec-18,46.25,46.77,45.13,45.59,45.59,"694,003"
24-Dec-18,45.45,46.24,42.36,42.53,42.53,"415,859"
26-Dec-18,42.85,47,42.52,46.22,46.22,"698,408"
27-Dec-18,46.58,46.7,44.37,44.61,44.61,"665,590"
28-Dec-18,45.44,46.22,44.42,45.33,45.33,"564,385"
31-Dec-18,45.22,46.53,44.73,45.41,45.41,"476,970"
2-Jan-19,45.8,47.78,44.35,46.54,46.54,"850,480"
3-Jan-19,46.26,47.49,45.35,47.09,47.09,"788,718"
4-Jan-19,46.9,49.22,46.65,47.96,47.96,"817,277"
7-Jan-19,48.3,49.79,48.11,48.52,48.52,"819,939"
8-Jan-19,48.73,49.95,48.31,49.78,49.78,"765,981"
9-Jan-19,49.8,52.58,49.71,52.36,52.36,"891,922"
10-Jan-19,52.18,52.78,51.37,52.59,52.59,"821,782"
11-Jan-19,52.28,53.31,51.18,51.59,51.59,"812,339"
14-Jan-19,51.73,52.11,50.38,50.51,50.51,"791,527"
15-Jan-19,50.78,52.3,50.64,52.11,52.11,"664,183"
16-Jan-19,52,52.52,51.26,52.31,52.31,"694,182"
17-Jan-19,52.3,52.58,50.98,52.07,52.07,"288,560"
18-Jan-19,52.23,53.92,52.09,53.8,53.8,"193,099"
22-Jan-19,53.73,54.24,51.8,52.57,52.57,"951,158"
23-Jan-19,52.95,53.64,51.86,52.62,52.62,"702,866"
24-Jan-19,52.45,53.47,52.07,53.13,53.13,"714,415"
25-Jan-19,53.17,53.94,52.91,53.69,53.69,"593,385"
28-Jan-19,53.56,53.64,51.33,51.99,51.99,"650,667"
29-Jan-19,52.12,53.93,51.84,53.31,53.31,"660,527"
30-Jan-19,53.24,54.93,53.09,54.23,54.23,"731,312"
31-Jan-19,54.28,55.37,53.62,53.79,53.79,"718,650"
1-Feb-19,54.01,55.66,53.37,55.26,55.26,"689,566"
4-Feb-19,55.32,55.75,53.29,54.56,54.56,"622,472"
5-Feb-19,54.86,55.21,53.47,53.66,53.66,"609,756"
6-Feb-19,53.73,54.3,52.86,54.01,54.01,"606,720"
7-Feb-19,53.94,54.21,51.8,52.64,52.64,"749,010"
8-Feb-19,52.59,52.99,52.08,52.72,52.72,"621,003"
11-Feb-19,52.66,52.78,51.23,52.41,52.41,"750,242"
12-Feb-19,52.47,54.05,52.29,53.1,53.1,"708,312"
13-Feb-19,53.35,54.6,53.27,53.9,53.9,"706,552"
14-Feb-19,53.96,54.68,53.08,54.41,54.41,"623,546"
15-Feb-19,54.48,55.87,54.24,55.59,55.59,"276,907"
19-Feb-19,55.78,56.33,55.29,56.09,56.09,"153,728"
20-Feb-19,55.94,57.55,55.48,56.92,56.92,"685,111"
21-Feb-19,57.24,57.61,56.64,56.96,56.96,"546,202"
22-Feb-19,56.84,57.81,56.71,57.26,57.26,"513,439"
25-Feb-19,57.17,57.53,55.08,55.48,55.48,"723,012"
26-Feb-19,55.46,56.08,55.02,55.5,55.5,"538,919"
27-Feb-19,55.95,57.39,55.72,56.94,56.94,"577,227"
28-Feb-19,57,57.43,56.43,57.22,57.22,"496,678"
1-Mar-19,57.22,57.88,55.57,55.8,55.8,"684,186"
4-Mar-19,55.83,57,55.81,56.59,56.59,"549,396"
5-Mar-19,56.45,57.19,56.09,56.56,56.56,"538,399"
6-Mar-19,56.28,56.4,55.42,56.22,56.22,"637,677"
7-Mar-19,56.2,56.99,56.08,56.66,56.66,"628,824"
8-Mar-19,56.43,56.51,54.52,56.07,56.07,"747,358"
10-Mar-19,56.07,57.01,55.96,56.79,56.79,"597,156"
11-Mar-19,56.76,57.55,56.74,56.87,56.87,"652,798"
12-Mar-19,57.09,58.48,57.01,58.26,58.26,"610,616"
13-Mar-19,58.35,58.74,58,58.61,58.61,"567,604"
14-Mar-19,58.51,58.95,57.74,58.52,58.52,"507,393"
17-Mar-19,58.45,59.23,58.05,59.09,59.09,"157,241"
18-Mar-19,59.01,59.57,58.62,59.03,59.03,"114,822"
19-Mar-19,59.02,60.12,58.39,59.83,59.83,"786,342"
20-Mar-19,59.99,60.39,59.66,59.98,59.98,"655,380"
21-Mar-19,59.87,60.07,58.28,59.04,59.04,"738,840"
24-Mar-19,58.98,59.35,58.17,58.82,58.82,"705,399"
25-Mar-19,59.12,60.38,59.04,59.94,59.94,"685,988"
26-Mar-19,60.03,60.22,58.81,59.41,59.41,"732,150"
27-Mar-19,59.4,59.56,58.2,59.3,59.3,"712,209"
28-Mar-19,59.53,60.73,59.41,60.14,60.14,"705,559"
31-Mar-19,60.24,61.8,60.13,61.59,61.59,"670,808"
1-Apr-19,61.81,62.75,61.6,62.58,62.58,"793,227"
2-Apr-19,62.64,62.99,62.05,62.46,62.46,"799,672"
3-Apr-19,62.5,62.77,61.89,62.1,62.1,"684,973"
4-Apr-19,62.18,63.34,61.82,63.08,63.08,"686,862"
7-Apr-19,63.33,64.48,63.13,64.4,64.4,"895,767"
8-Apr-19,64.4,64.79,63.68,63.98,63.98,"790,677"
9-Apr-19,64.22,64.7,64.05,64.61,64.61,"722,216"
10-Apr-19,64.48,64.49,63.31,63.58,63.58,"760,504"
11-Apr-19,63.71,64.65,63.66,63.89,63.89,"625,588"
14-Apr-19,63.76,63.84,63.03,63.4,63.4,"555,858"
15-Apr-19,63.57,64.37,62.99,64.05,64.05,"547,469"
16-Apr-19,64.32,64.61,63.66,63.76,63.76,"235,376"
17-Apr-19,63.75,64.16,63.46,64,64,"148,238"
21-Apr-19,64,65.92,64,65.7,65.7,"763,527"
22-Apr-19,65.75,66.6,65.58,66.3,66.3,"700,598"
23-Apr-19,66.17,66.43,65.66,65.89,65.89,"678,386"
24-Apr-19,65.81,66.28,64.9,65.21,65.21,"603,001"
25-Apr-19,65.13,65.18,62.28,63.3,63.3,"1,000,836"
28-Apr-19,62.95,63.69,62.46,63.5,63.5,"654,076"
29-Apr-19,63.58,64.75,63.3,63.91,63.91,"750,494"
30-Apr-19,63.4,63.93,62.77,63.6,63.6,"676,872"
1-May-19,63.61,63.68,60.95,61.81,61.81,"914,661"
2-May-19,61.55,62.52,61.3,61.94,61.94,"646,866"
5-May-19,61.43,62.95,60.04,62.25,62.25,"768,810"
6-May-19,62.17,62.49,60.66,61.4,61.4,"842,810"
7-May-19,61.44,62.37,61.07,62.12,62.12,"791,769"
8-May-19,62.02,62.21,60.92,61.7,61.7,"769,583"
9-May-19,61.64,62.49,61.42,61.66,61.66,"786,494"
12-May-19,61.65,63.33,60.64,61.04,61.04,"1,003,106"
13-May-19,60.86,62.11,60.69,61.78,61.78,"751,668"
14-May-19,61.37,62.34,60.85,62.02,62.02,"723,001"
15-May-19,62.12,63.48,62.08,62.87,62.87,"545,679"
16-May-19,63.12,63.64,62.52,62.76,62.76,"215,802"
19-May-19,63.53,63.81,62.45,63.1,63.1,"131,888"
20-May-19,63.28,63.6,62.75,62.99,62.99,"641,680"
21-May-19,62.64,62.78,61.03,61.42,61.42,"766,728"
22-May-19,61.27,61.29,57.33,57.91,57.91,"1,108,052"
23-May-19,58.21,59.1,57.5,58.63,58.63,"758,099"
27-May-19,58.94,59.57,58.13,59.14,59.14,"1,020,323"
28-May-19,59.07,59.14,56.88,58.81,58.81,"1,124,959"
29-May-19,59.12,59.7,56.33,56.59,56.59,"842,281"
30-May-19,56.46,56.61,53.05,53.5,53.5,"1,031,488"
2-Jun-19,53.42,54.63,52.11,53.25,53.25,"984,308"
3-Jun-19,52.89,53.78,52.43,53.48,53.48,"831,625"
4-Jun-19,52.86,53.41,50.6,51.68,51.68,"943,186"
5-Jun-19,51.66,53.3,51.17,52.59,52.59,"790,067"
6-Jun-19,53.1,54.32,52.62,53.99,53.99,"828,133"
9-Jun-19,54.24,54.84,53.05,53.26,53.26,"687,146"
10-Jun-19,53.43,54.04,52.91,53.27,53.27,"642,940"
11-Jun-19,53.04,53.05,50.72,51.14,51.14,"786,105"
12-Jun-19,51.07,53.45,50.92,52.28,52.28,"945,024"
13-Jun-19,52.18,52.98,51.7,52.51,52.51,"574,229"
16-Jun-19,52.5,52.74,51.58,51.93,51.93,"397,868"
17-Jun-19,51.95,54.31,51.5,53.9,53.9,"181,640"
18-Jun-19,54.09,54.42,53.28,53.76,53.76,"122,838"
19-Jun-19,54.12,57.02,54.11,56.65,56.65,"854,514"
20-Jun-19,57.26,57.98,56.66,57.43,57.43,"676,047"
23-Jun-19,57.72,58.22,56.75,57.9,57.9,"597,164"
24-Jun-19,57.74,58.84,57.2,57.83,57.83,"673,140"
25-Jun-19,58.84,59.93,58.65,59.38,59.38,"686,817"
26-Jun-19,59.27,59.73,58.61,59.43,59.43,"531,405"
27-Jun-19,59.22,59.8,57.75,58.47,58.47,"556,101"
30-Jun-19,59.27,60.28,58.34,59.09,59.09,"674,887"
1-Jul-19,59.14,59.43,56.09,56.25,56.25,"878,938"
3-Jul-19,56.49,57.48,56.04,57.34,57.34,"600,131"
4-Jul-19,57.38,57.82,56.29,57.51,57.51,"698,015"
7-Jul-19,57.77,58.46,57.3,57.66,57.66,"540,861"
8-Jul-19,57.56,59.1,57.29,57.83,57.83,"551,872"
9-Jul-19,58.4,60.53,58.35,60.43,60.43,"690,656"
10-Jul-19,60.44,60.94,60.14,60.2,60.2,"573,019"
11-Jul-19,60.46,60.74,59.93,60.21,60.21,"469,029"
14-Jul-19,60.25,60.92,59.2,59.58,59.58,"566,818"
15-Jul-19,59.26,60.06,57.07,57.62,57.62,"712,540"
16-Jul-19,57.52,58.36,56.21,56.78,56.78,"504,432"
17-Jul-19,56.6,57.32,54.72,55.3,55.3,"215,361"
18-Jul-19,55.72,56.36,54.99,55.63,55.63,"105,217"
21-Jul-19,56.22,56.84,55.72,56.22,56.22,"619,483"
22-Jul-19,56.17,57.47,55.74,56.77,56.77,"521,876"
23-Jul-19,57.23,57.64,55.33,55.88,55.88,"745,248"
24-Jul-19,55.9,56.99,55.81,56.02,56.02,"559,282"
25-Jul-19,55.93,56.57,55.68,56.2,56.2,"476,785"
28-Jul-19,56.2,57.1,55.81,56.87,56.87,"529,742"
29-Jul-19,57.07,58.47,56.96,58.05,58.05,"547,401"
30-Jul-19,58.34,58.82,57.81,58.58,58.58,"614,001"
31-Jul-19,57.85,57.99,53.59,53.95,53.95,"886,748"
1-Aug-19,54.54,56.05,54.15,55.66,55.66,"739,810"
4-Aug-19,55.38,55.61,54.22,54.69,54.69,"823,844"
5-Aug-19,54.95,55.42,53.29,53.63,53.63,"682,794"
6-Aug-19,53.42,53.77,50.52,51.09,51.09,"1,063,214"
7-Aug-19,52.33,53.06,51.94,52.54,52.54,"724,762"
8-Aug-19,52.88,54.92,52.37,54.5,54.5,"726,386"
11-Aug-19,54.32,55.18,53.54,54.93,54.93,"611,027"
12-Aug-19,54.73,57.47,54.21,57.1,57.1,"783,486"
13-Aug-19,56.74,56.85,53.97,55.23,55.23,"718,293"
14-Aug-19,54.9,55.33,53.77,54.47,54.47,"527,866"
15-Aug-19,54.74,55.67,54.26,54.87,54.87,"168,345"
18-Aug-19,54.96,56.41,54.84,56.21,56.21,"113,571"
19-Aug-19,56.1,56.6,55.28,56.34,56.34,"659,258"
20-Aug-19,56.05,57.13,55.55,55.68,55.68,"704,035"
21-Aug-19,55.94,56.46,54.85,55.35,55.35,"621,573"
22-Aug-19,55.35,55.6,53.24,54.17,54.17,"807,151"
25-Aug-19,53.25,55.26,52.96,53.64,53.64,"679,022"
26-Aug-19,53.76,55.72,53.69,54.93,54.93,"596,624"
27-Aug-19,55.71,56.75,55.34,55.78,55.78,"674,048"
28-Aug-19,55.88,56.89,55.43,56.71,56.71,"630,760"
29-Aug-19,56.63,56.72,54.55,55.1,55.1,"708,268"
2-Sep-19,55,55.24,52.84,53.94,53.94,"970,804"
3-Sep-19,53.92,56.58,53.84,56.26,56.26,"682,298"
4-Sep-19,55.95,57.76,55.75,56.3,56.3,"712,466"
5-Sep-19,56.19,56.95,54.83,56.52,56.52,"714,294"
8-Sep-19,56.8,58.16,56.58,57.85,57.85,"646,993"
9-Sep-19,58.03,58.76,57.2,57.4,57.4,"755,472"
10-Sep-19,57.89,58.3,55.61,55.75,55.75,"858,772"
11-Sep-19,55.93,56.34,54,55.09,55.09,"845,977"
12-Sep-19,55.15,55.68,54.44,54.85,54.85,"599,470"
15-Sep-19,61.48,63.38,58.77,62.9,62.9,"1,404,916"
16-Sep-19,61.96,62.59,58.46,59.34,59.34,"993,237"
17-Sep-19,58.81,59.43,57.67,58.11,58.11,"216,961"
18-Sep-19,58.2,59.54,58.01,58.13,58.13,"112,327"
19-Sep-19,58.65,59.1,57.79,58.09,58.09,"576,019"
22-Sep-19,59.25,59.39,57.37,58.64,58.64,"526,785"
23-Sep-19,58.44,58.49,56.69,57.29,57.29,"591,529"
24-Sep-19,56.7,57.02,55.55,56.49,56.49,"563,550"
25-Sep-19,56.69,56.84,55.41,56.41,56.41,"599,653"
26-Sep-19,56.51,56.76,54.75,55.91,55.91,"712,966"
29-Sep-19,56.54,56.57,53.98,54.07,54.07,"532,522"
30-Sep-19,54.28,54.84,53.05,53.62,53.62,"589,176"
1-Oct-19,54,54.42,52.17,52.64,52.64,"590,306"
2-Oct-19,52.47,52.91,50.99,52.45,52.45,"642,466"
3-Oct-19,52.29,53.35,52.04,52.81,52.81,"541,104"
6-Oct-19,52.69,54.06,52.59,52.75,52.75,"549,019"
7-Oct-19,52.81,53.27,51.81,52.63,52.63,"658,324"
8-Oct-19,52.57,53.74,52.31,52.59,52.59,"632,666"
9-Oct-19,52.69,53.97,51.38,53.55,53.55,"613,944"
10-Oct-19,53.88,54.93,53.64,54.7,54.7,"467,643"
13-Oct-19,54.9,54.9,52.77,53.59,53.59,"467,643"
14-Oct-19,53.51,53.79,52.39,52.81,52.81,"511,249"
15-Oct-19,52.92,53.74,52.52,53.36,53.36,"451,643"
16-Oct-19,52.99,54.16,52.62,53.93,53.93,"418,422"
17-Oct-19,54.09,54.62,53.35,53.78,53.78,"174,477"
20-Oct-19,53.71,54.03,52.71,53.31,53.31,"95,979"
21-Oct-19,53.39,54.62,53.1,54.16,54.16,"506,573"
22-Oct-19,54.3,56.07,53.62,55.97,55.97,"620,202"
23-Oct-19,55.9,56.51,55.41,56.23,56.23,"480,764"
24-Oct-19,56.07,56.74,55.6,56.66,56.66,"445,020"
27-Oct-19,56.65,56.92,55.58,55.81,55.81,"437,020"
28-Oct-19,55.8,55.91,54.61,55.54,55.54,"521,457"
29-Oct-19,55.53,55.73,54.42,55.06,55.06,"659,328"
30-Oct-19,54.9,55.59,53.71,54.18,54.18,"677,419"
31-Oct-19,54.15,56.33,54.07,56.2,56.2,"538,117"
4-Nov-19,56.41,57.43,55.83,56.54,56.54,"580,350"
5-Nov-19,56.56,57.5,56.3,57.23,57.23,"435,319"
6-Nov-19,57.26,57.85,56.11,56.35,56.35,"623,258"
7-Nov-19,56.35,57.88,56.27,57.15,57.15,"678,165"
8-Nov-19,57.08,57.48,55.76,57.24,57.24,"636,941"
11-Nov-19,57.4,57.4,56.25,56.86,56.86,"498,981"
12-Nov-19,56.89,57.55,56.54,56.8,56.8,"586,568"
13-Nov-19,56.79,57.53,56.2,57.12,57.12,"547,635"
14-Nov-19,57.39,57.79,56.63,56.77,56.77,"516,832"
15-Nov-19,56.91,57.97,56.43,57.72,57.72,"375,993"
18-Nov-19,57.88,58.09,56.55,57.05,57.05,"159,328"
19-Nov-19,56.9,57.11,55.04,55.21,55.21,"121,214"
20-Nov-19,55.16,57.25,54.76,57.11,57.11,"674,891"
21-Nov-19,57,58.67,56.6,58.58,58.58,"593,533"
22-Nov-19,58.31,58.74,57.5,57.77,57.77,"508,244"
25-Nov-19,57.92,58.15,57.21,58.01,58.01,"420,642"
26-Nov-19,57.92,58.56,57.76,58.41,58.41,"443,816"
27-Nov-19,58.27,58.68,57.51,58.11,58.11,"454,256"
29-Nov-19,58.13,58.3,55.02,55.17,55.17,"718,724"
2-Dec-19,55.47,56.67,55.42,55.96,55.96,"616,423"
3-Dec-19,55.96,56.8,55.35,56.1,56.1,"560,554"
4-Dec-19,56.43,58.66,56.28,58.43,58.43,"760,541"
5-Dec-19,58.36,59.12,58.1,58.43,58.43,"649,461"
6-Dec-19,58.32,59.85,57.7,59.2,59.2,"679,609"
9-Dec-19,59.11,59.25,58.23,59.02,59.02,"511,561"
10-Dec-19,58.92,59.52,58.52,59.24,59.24,"566,822"
11-Dec-19,59.06,59.22,58.11,58.76,58.76,"589,650"
12-Dec-19,58.88,59.72,58.75,59.18,59.18,"530,851"
13-Dec-19,59.36,60.48,59.27,60.07,60.07,"512,288"
16-Dec-19,59.87,60.34,59.71,60.21,60.21,"347,395"
17-Dec-19,60.23,61.06,60.03,60.94,60.94,"163,744"
18-Dec-19,60.55,61.18,60.32,60.93,60.93,"131,071"
19-Dec-19,60.86,61.47,60.79,61.22,61.22,"426,341"
20-Dec-19,61.11,61.2,60.02,60.44,60.44,"552,517"
23-Dec-19,60.41,60.77,60.1,60.52,60.52,"314,711"
24-Dec-19,60.63,61.16,60.47,61.11,61.11,"204,535"
26-Dec-19,61.2,61.83,61.06,61.68,61.68,"265,091"
27-Dec-19,61.73,61.97,61.24,61.72,61.72,"351,899"
30-Dec-19,61.71,62.34,61.09,61.68,61.68,"427,149"
31-Dec-19,61.68,61.88,60.63,61.06,61.06,"494,535"
2-Jan-20,61.6,61.6,60.64,61.18,61.18,"486,873"
3-Jan-20,61.18,64.09,61.13,63.05,63.05,"885,861"
6-Jan-20,63.71,64.72,62.64,63.27,63.27,"724,236"
7-Jan-20,62.91,63.15,62.11,62.7,62.7,"582,649"
8-Jan-20,62.84,65.65,59.15,59.61,59.61,"1,205,710"
9-Jan-20,59.99,60.31,58.66,59.56,59.56,"750,933"
10-Jan-20,59.61,59.78,58.85,59.04,59.04,"596,186"
13-Jan-20,59.04,59.27,57.91,58.08,58.08,"584,002"
14-Jan-20,58.03,58.72,57.72,58.23,58.23,"507,714"
15-Jan-20,58.2,58.36,57.36,57.81,57.81,"433,169"
16-Jan-20,58.1,58.87,57.56,58.52,58.52,"182,871"
17-Jan-20,58.59,58.98,58.27,58.54,58.54,"122,561"
21-Jan-20,59.17,59.73,57.68,58.34,58.34,"648,335"
22-Jan-20,58.26,58.38,56.03,56.74,56.74,"620,119"
23-Jan-20,56.11,56.27,54.77,55.59,55.59,"703,995"
24-Jan-20,55.69,55.95,53.85,54.19,54.19,"586,195"
27-Jan-20,53.7,53.71,52.13,53.14,53.14,"712,880"
28-Jan-20,52.77,54.06,52.68,53.48,53.48,"633,963"
29-Jan-20,53.97,54.37,52.81,53.33,53.33,"624,979"
30-Jan-20,53.09,53.2,51.66,52.14,52.14,"720,123"
31-Jan-20,52.92,53.36,50.97,51.56,51.56,"827,907"
3-Feb-20,51.01,51.97,49.8,50.11,50.11,"876,044"
4-Feb-20,49.94,51.55,49.31,49.61,49.61,"859,357"
5-Feb-20,49.51,51.88,49.47,50.75,50.75,"887,946"
6-Feb-20,51.17,52.2,50.24,50.95,50.95,"750,659"
7-Feb-20,51.11,51.48,50.09,50.32,50.32,"768,345"
10-Feb-20,50.12,50.49,49.42,49.57,49.57,"715,894"
11-Feb-20,49.61,50.69,49.58,49.94,49.94,"725,733"
12-Feb-20,49.96,51.73,49.95,51.17,51.17,"795,256"
13-Feb-20,51.72,51.96,50.6,51.42,51.42,"745,400"
14-Feb-20,51.51,52.34,51.32,52.05,52.05,"607,343"
18-Feb-20,52.23,52.41,50.88,52.05,52.05,"221,774"
19-Feb-20,52.12,53.66,51.93,53.29,53.29,"113,683"
20-Feb-20,53.5,54.5,53.22,53.78,53.78,"676,179"
21-Feb-20,53.74,53.86,52.55,53.38,53.38,"707,555"
24-Feb-20,52.6,52.64,50.45,51.43,51.43,"765,515"
25-Feb-20,51.37,52.02,49.69,49.9,49.9,"764,989"
26-Feb-20,50.08,50.44,48.3,48.73,48.73,"884,482"
27-Feb-20,48.63,48.78,45.88,47.09,47.09,"1,011,915"
28-Feb-20,46.49,47.03,43.85,44.76,44.76,"1,101,659"
2-Mar-20,43.7,47.56,43.32,46.75,46.75,"949,471"
3-Mar-20,47.72,48.66,46.47,47.18,47.18,"1,011,933"
4-Mar-20,46.94,48.41,46.65,46.78,46.78,"745,856"
5-Mar-20,47.13,47.57,45.65,45.9,45.9,"704,591"
6-Mar-20,46.09,46.38,41.05,41.28,41.28,"1,276,180"
8-Mar-20,32.87,34.88,27.34,31.13,31.13,"1,774,383"
9-Mar-20,30.37,35.02,30.2,34.36,34.36,"1,064,632"
10-Mar-20,34.62,36.35,32.56,32.98,32.98,"874,646"
11-Mar-20,33.07,33.63,30.02,31.5,31.5,"1,025,036"
12-Mar-20,30.77,33.87,30.33,31.73,31.73,"743,129"
15-Mar-20,33.75,33.75,28.1,28.7,28.7,"698,829"
16-Mar-20,28.69,30.3,26.63,26.95,26.95,"545,820"
17-Mar-20,26.94,27.22,20.06,20.37,20.37,"309,481"
18-Mar-20,22.3,27.71,21.36,25.22,25.22,"136,722"
19-Mar-20,24.73,27.89,19.46,22.43,22.43,"1,133,808"
22-Mar-20,22.52,24.07,20.8,23.36,23.36,"852,951"
23-Mar-20,23.87,25.16,23.09,24.01,24.01,"659,697"
24-Mar-20,24.37,25.24,22.91,24.49,24.49,"618,725"
25-Mar-20,24.25,24.65,22.38,22.6,22.6,"633,877"
26-Mar-20,23.29,23.44,20.88,21.51,21.51,"603,124"
29-Mar-20,20.93,20.93,19.27,20.09,20.09,"758,711"
30-Mar-20,20.23,21.89,20.01,20.48,20.48,"660,082"
31-Mar-20,20.1,21.55,19.9,20.31,20.31,"703,286"
1-Apr-20,21.22,27.39,20.76,25.32,25.32,"1,095,972"
2-Apr-20,24.81,29.13,23.52,28.34,28.34,"1,007,577"
5-Apr-20,26.09,28.24,25.28,26.08,26.08,"752,710"
6-Apr-20,26.34,27.24,23.54,23.63,23.63,"797,707"
7-Apr-20,24.3,26.45,23.74,25.09,25.09,"823,554"
8-Apr-20,26.28,28.36,22.57,22.76,22.76,"1,122,149"
12-Apr-20,24.6,24.74,22.03,22.41,22.41,"775,120"
13-Apr-20,22.36,23.08,19.95,20.11,20.11,"785,478"
14-Apr-20,20.72,20.89,19.2,19.87,19.87,"544,797"
15-Apr-20,20.15,20.53,19.42,19.87,19.87,"350,942"
16-Apr-20,20,20.22,17.31,18.27,18.27,"240,628"
19-Apr-20,17.73,17.85,-40.32,-37.63,-37.63,"247,947"
20-Apr-20,-14,13.86,-16.74,10.01,10.01,"2,288,230"
21-Apr-20,13.12,16.18,10.26,13.78,13.78,"1,235,218"
22-Apr-20,14.2,18.26,13.35,16.5,16.5,"833,584"
23-Apr-20,16.78,17.97,15.64,16.94,16.94,"600,220"
26-Apr-20,16.84,16.98,11.88,12.78,12.78,"623,201"
27-Apr-20,12.96,13.69,10.07,12.34,12.34,"897,087"
28-Apr-20,13.35,16.78,12.67,15.06,15.06,"554,134"
29-Apr-20,15.64,19.44,15.45,18.84,18.84,"545,344"
30-Apr-20,19.04,20.48,18.07,19.78,19.78,"403,201"
3-May-20,19.11,21.42,18.05,20.39,20.39,"311,488"
4-May-20,21.24,25.49,21.13,24.56,24.56,"387,240"
5-May-20,25.52,26.08,22.58,23.99,23.99,"381,165"
6-May-20,24.09,26.74,22.94,23.55,23.55,"310,261"
7-May-20,23.35,24.99,23.26,24.74,24.74,"205,181"
10-May-20,24.49,25.58,23.67,24.14,24.14,"179,591"
11-May-20,24.49,26.23,24.22,25.78,25.78,"212,335"
12-May-20,25.3,26.45,24.79,25.29,25.29,"150,864"
13-May-20,25.56,27.96,25.18,27.56,27.56,"160,507"
14-May-20,27.64,29.92,27.24,29.43,29.43,"108,016"
17-May-20,29.53,33.32,29.53,31.82,31.82,"89,376"
18-May-20,32.83,33.44,31.34,32.5,32.5,"430,823"
19-May-20,31.89,33.78,31.56,33.49,33.49,"406,431"
20-May-20,33.53,34.66,33.26,33.92,33.92,"372,814"
21-May-20,33.95,34,30.72,33.25,33.25,"429,036"
25-May-20,33.3,34.81,32.48,34.35,34.35,"466,737"
26-May-20,34.14,34.32,31.75,32.81,32.81,"415,246"
27-May-20,32.1,34.21,31.14,33.71,33.71,"440,168"
28-May-20,33.68,35.77,32.36,35.49,35.49,"443,647"
31-May-20,35.21,35.9,34.27,35.44,35.44,"385,710"
1-Jun-20,35.56,37.06,35.28,36.81,36.81,"343,483"
2-Jun-20,36.86,38.18,35.88,37.29,37.29,"494,253"
3-Jun-20,36.76,37.62,36.38,37.41,37.41,"307,612"
4-Jun-20,37.33,39.68,37.05,39.55,39.55,"396,856"
7-Jun-20,39.41,40.44,37.96,38.19,38.19,"416,639"
8-Jun-20,38.22,39.1,37.07,38.94,38.94,"396,033"
9-Jun-20,38.5,39.91,37.73,39.6,39.6,"385,868"
10-Jun-20,39.09,39.09,35.41,36.34,36.34,"513,912"
11-Jun-20,36.26,36.99,34.48,36.26,36.26,"406,508"
14-Jun-20,36.03,37.26,34.36,37.12,37.12,"387,546"
15-Jun-20,37.05,39.06,36.38,38.38,38.38,"366,323"
16-Jun-20,37.93,38.75,37.21,37.96,37.96,"239,516"
17-Jun-20,37.74,38.97,37.11,38.84,38.84,"113,384"
18-Jun-20,38.85,40.49,38.4,39.75,39.75,"64,113"
21-Jun-20,39.18,40.7,39.12,40.46,40.46,"315,264"
22-Jun-20,40.68,41.63,39.76,40.37,40.37,"368,730"
23-Jun-20,39.99,40.54,37.31,38.01,38.01,"499,490"
24-Jun-20,38.05,39.23,37.08,38.72,38.72,"451,640"
25-Jun-20,39.09,39.35,37.79,38.49,38.49,"356,712"
28-Jun-20,37.96,39.89,37.5,39.7,39.7,"343,913"
29-Jun-20,39.64,40.08,38.85,39.27,39.27,"370,059"
30-Jun-20,39.84,40.58,39.05,39.82,39.82,"407,170"
1-Jul-20,39.78,40.74,39.46,40.65,40.65,"347,096"
5-Jul-20,40.38,41.08,39.84,40.63,40.63,"373,236"
6-Jul-20,40.68,40.95,39.9,40.62,40.62,"256,596"
7-Jul-20,40.48,41.08,40.3,40.9,40.9,"286,740"
8-Jul-20,40.87,40.99,39.27,39.62,39.62,"367,386"
9-Jul-20,39.58,40.77,38.54,40.55,40.55,"393,149"
12-Jul-20,40.35,40.72,39.47,40.1,40.1,"370,715"
13-Jul-20,39.6,40.57,39.07,40.29,40.29,"426,971"
14-Jul-20,40.55,41.26,40.08,41.2,41.2,"352,542"
15-Jul-20,40.97,41.18,40.52,40.75,40.75,"200,101"
16-Jul-20,40.72,40.9,40.02,40.59,40.59,"88,220"
19-Jul-20,40.64,40.91,39.83,40.81,40.81,"60,179"
20-Jul-20,40.65,42.4,40.64,41.96,41.96,"389,117"
21-Jul-20,41.54,42.03,41.14,41.9,41.9,"333,647"
22-Jul-20,41.95,42.36,40.83,41.07,41.07,"389,412"
23-Jul-20,41.06,41.67,40.66,41.29,41.29,"353,159"
26-Jul-20,41.26,41.82,40.48,41.6,41.6,"377,714"
27-Jul-20,41.65,41.93,40.85,41.04,41.04,"276,804"
28-Jul-20,41.13,41.57,40.93,41.27,41.27,"295,855"
29-Jul-20,41.32,41.39,38.72,39.92,39.92,"487,325"
30-Jul-20,40.34,40.55,39.66,40.27,40.27,"318,788"
2-Aug-20,40.39,41.24,39.58,41.01,41.01,"338,326"
3-Aug-20,40.78,42.08,40.14,41.7,41.7,"451,575"
4-Aug-20,41.56,43.52,41.47,42.19,42.19,"491,268"
5-Aug-20,42.19,42.65,41.61,41.95,41.95,"359,610"
6-Aug-20,41.97,42.22,41.06,41.22,41.22,"398,997"
9-Aug-20,41.5,42.33,41.17,41.94,41.94,"367,796"
10-Aug-20,41.98,42.94,41.48,41.61,41.61,"432,843"
11-Aug-20,41.62,42.9,41.53,42.67,42.67,"397,831"
12-Aug-20,42.57,42.84,42.09,42.24,42.24,"329,507"
13-Aug-20,42.33,42.57,41.62,42.01,42.01,"310,866"
16-Aug-20,42.24,42.97,41.8,42.89,42.89,"208,429"
17-Aug-20,42.79,42.99,42.11,42.89,42.89,"111,628"
18-Aug-20,42.6,43.03,42.36,42.93,42.93,"81,299"
19-Aug-20,42.74,42.79,41.5,42.58,42.58,"377,070"
20-Aug-20,42.75,42.96,41.46,42.34,42.34,"345,368"
23-Aug-20,42.48,42.89,42.23,42.62,42.62,"294,731"
24-Aug-20,42.36,43.57,42.31,43.35,43.35,"330,800"
25-Aug-20,43.39,43.78,43,43.39,43.39,"262,243"
26-Aug-20,43.45,43.5,42.36,43.04,43.04,"320,968"
27-Aug-20,42.98,43.42,42.69,42.97,42.97,"272,800"
30-Aug-20,42.91,43.57,42.56,42.61,42.61,"236,877"
31-Aug-20,42.83,43.43,42.72,42.76,42.76,"285,146"
1-Sep-20,43.02,43.21,41.23,41.51,41.51,"421,771"
2-Sep-20,41.63,41.79,40.22,41.37,41.37,"417,634"
3-Sep-20,41.25,41.87,39.35,39.77,39.77,"444,184"
7-Sep-20,39.48,39.59,36.13,36.76,36.76,"720,975"
8-Sep-20,36.79,38.45,36.16,38.05,38.05,"455,356"
9-Sep-20,37.8,38.18,36.93,37.3,37.3,"367,555"
10-Sep-20,37.01,37.82,36.67,37.33,37.33,"363,787"
13-Sep-20,37.32,37.68,36.82,37.26,37.26,"347,563"
14-Sep-20,37.28,38.57,37.06,38.28,38.28,"348,861"
15-Sep-20,38.35,40.34,38.35,40.16,40.16,"367,612"
16-Sep-20,40.19,41.22,39.42,40.97,40.97,"280,669"
17-Sep-20,40.97,41.49,40.3,41.11,41.11,"85,906"
20-Sep-20,40.98,41.27,38.66,39.31,39.31,"66,195"
21-Sep-20,39.63,40.02,39,39.6,39.6,"287,807"
22-Sep-20,39.76,40.75,39.26,39.93,39.93,"318,754"
23-Sep-20,39.6,40.37,39.12,40.31,40.31,"269,992"
24-Sep-20,40.15,40.64,39.71,40.25,40.25,"229,025"
27-Sep-20,40.07,40.8,39.78,40.6,40.6,"226,425"
28-Sep-20,40.58,40.7,38.41,39.29,39.29,"379,599"
29-Sep-20,39.16,40.37,38.68,40.22,40.22,"340,294"
30-Sep-20,39.9,40.47,37.61,38.72,38.72,"443,442"
1-Oct-20,38.6,38.65,36.63,37.05,37.05,"391,428"
4-Oct-20,37,39.72,37,39.22,39.22,"378,579"
5-Oct-20,39.35,40.86,39.1,40.67,40.67,"400,531"
6-Oct-20,39.83,40.35,39.28,39.95,39.95,"433,065"
7-Oct-20,39.99,41.33,39.76,41.19,41.19,"409,787"
8-Oct-20,41.31,41.47,40.38,40.6,40.6,"331,703"
11-Oct-20,40.4,40.45,39.04,39.43,39.43,"322,035"
12-Oct-20,39.53,40.53,39.35,40.2,40.2,"375,470"
13-Oct-20,40.19,41.16,39.82,41.04,41.04,"328,295"
14-Oct-20,41.13,41.29,39.22,40.96,40.96,"248,251"
15-Oct-20,40.88,41.05,40.08,40.88,40.88,"96,488"
18-Oct-20,40.69,41.22,40.54,40.83,40.83,"75,335"
19-Oct-20,40.65,41.7,40.25,41.46,41.46,"360,574"
20-Oct-20,41.22,41.59,39.78,40.03,40.03,"366,899"
21-Oct-20,40.04,41.02,39.71,40.64,40.64,"307,494"
22-Oct-20,40.61,40.92,39.57,39.85,39.85,"268,931"
25-Oct-20,39.69,39.74,38.28,38.56,38.56,"360,184"
26-Oct-20,38.59,39.83,38.51,39.57,39.57,"339,535"
27-Oct-20,38.97,39.01,36.97,37.39,37.39,"489,954"
28-Oct-20,37.39,37.76,34.92,36.17,36.17,"568,816"
29-Oct-20,36.07,36.6,35.21,35.79,35.79,"388,971"
2-Nov-20,35.24,37.15,33.64,36.81,36.81,"489,204"
3-Nov-20,37.03,38.32,36.57,37.66,37.66,"410,611"
4-Nov-20,38.15,39.25,37.26,39.15,39.15,"437,000"
5-Nov-20,39.17,39.35,38.27,38.79,38.79,"298,366"
6-Nov-20,38.54,38.61,37.06,37.14,37.14,"411,026"
9-Nov-20,37.34,41.33,37.16,40.29,40.29,"622,921"
10-Nov-20,39.91,41.84,39.41,41.36,41.36,"457,045"
11-Nov-20,41.79,43.06,41.32,41.45,41.45,"443,772"
12-Nov-20,41.47,42.19,40.87,41.12,41.12,"401,031"
13-Nov-20,40.94,40.94,40.06,40.13,40.13,"338,187"
16-Nov-20,40.17,42.09,40.15,41.34,41.34,"378,785"
17-Nov-20,41.44,41.69,40.57,41.43,41.43,"243,677"
18-Nov-20,41.35,42.46,41.08,41.82,41.82,"107,013"
19-Nov-20,41.61,41.98,41.08,41.74,41.74,"88,144"
20-Nov-20,41.7,42.32,41.51,42.15,42.15,"276,340"
23-Nov-20,42.46,43.36,42.29,43.06,43.06,"300,717"
24-Nov-20,42.84,45.2,42.82,44.91,44.91,"418,527"
25-Nov-20,44.82,46.26,44.73,45.71,45.71,"417,182"
27-Nov-20,45.9,46.09,44.55,45.53,45.53,"365,128"
30-Nov-20,45.34,45.8,44.42,45.34,45.34,"370,755"
1-Dec-20,45.08,45.7,44.12,44.55,44.55,"314,919"
2-Dec-20,44.38,45.92,43.92,45.28,45.28,"368,854"
3-Dec-20,44.99,45.84,44.66,45.64,45.64,"350,768"
4-Dec-20,45.64,46.68,45.61,46.26,46.26,"335,453"
7-Dec-20,46.15,46.54,45.36,45.76,45.76,"348,871"
8-Dec-20,45.66,45.93,45.14,45.6,45.6,"332,641"
9-Dec-20,45.6,46.24,44.95,45.52,45.52,"434,976"
10-Dec-20,45.69,47.74,45.52,46.78,46.78,"447,529"
11-Dec-20,46.97,47.29,46.34,46.57,46.57,"367,305"
14-Dec-20,46.73,47.44,45.69,46.99,46.99,"403,543"
15-Dec-20,46.99,47.73,46.54,47.62,47.62,"311,169"
16-Dec-20,47.6,47.94,47.17,47.82,47.82,"275,331"
17-Dec-20,47.85,48.59,47.81,48.36,48.36,"96,536"
18-Dec-20,48.43,49.28,48.1,49.1,49.1,"83,711"
21-Dec-20,48.54,48.61,46.18,47.74,47.74,"478,098"
22-Dec-20,47.93,47.96,46.6,47.02,47.02,"295,737"
23-Dec-20,46.79,48.5,46.16,48.12,48.12,"344,306"
24-Dec-20,48.09,48.62,47.56,48.23,48.23,"167,390"
28-Dec-20,48.23,48.96,47.5,47.62,47.62,"238,462"
29-Dec-20,47.72,48.35,47.68,48,48,"213,778"
30-Dec-20,48.13,48.66,47.61,48.4,48.4,"266,957"
31-Dec-20,48.35,48.58,47.77,48.52,48.52,"181,894"
4-Jan-21,48.4,49.83,47.18,47.62,47.62,"528,525"
5-Jan-21,47.38,50.2,47.24,49.93,49.93,"643,191"
6-Jan-21,49.82,50.94,49.48,50.63,50.63,"509,365"
7-Jan-21,50.53,51.28,50.39,50.83,50.83,"369,292"
8-Jan-21,50.93,52.75,50.81,52.24,52.24,"499,416"
11-Jan-21,52.58,52.7,51.5,52.25,52.25,"394,822"
12-Jan-21,52.18,53.45,52.07,53.21,53.21,"400,200"
13-Jan-21,53.31,53.93,52.58,52.91,52.91,"429,898"
14-Jan-21,52.84,53.75,52.24,53.57,53.57,"390,087"
15-Jan-21,53.8,53.83,51.83,52.36,52.36,"165,668"
19-Jan-21,52,53.13,51.76,52.98,52.98,"125,964"
20-Jan-21,53.13,53.79,53.05,53.24,53.24,"400,301"
21-Jan-21,52.93,53.41,52.75,53.13,53.13,"352,397"
22-Jan-21,53.1,53.16,51.44,52.27,52.27,"437,484"
25-Jan-21,52.17,52.95,51.82,52.77,52.77,"349,076"
26-Jan-21,52.91,53.25,52.29,52.61,52.61,"314,538"
27-Jan-21,52.76,53.3,51.85,52.85,52.85,"442,376"
28-Jan-21,52.65,53.58,52.04,52.34,52.34,"411,406"
29-Jan-21,52.15,53.25,51.93,52.2,52.2,"410,914"
1-Feb-21,51.99,53.74,51.64,53.55,53.55,"416,067"
2-Feb-21,53.48,55.26,53.45,54.76,54.76,"463,718"
3-Feb-21,55.05,56.33,54.81,55.69,55.69,"448,693"
4-Feb-21,55.96,56.58,55.3,56.23,56.23,"381,404"
5-Feb-21,56.46,57.29,56.43,56.85,56.85,"400,833"
8-Feb-21,57.06,58.14,57,57.97,57.97,"399,724"
9-Feb-21,58.11,58.62,57.27,58.36,58.36,"514,698"
10-Feb-21,58.45,58.91,58.08,58.68,58.68,"457,535"
11-Feb-21,58.4,58.71,57.84,58.24,58.24,"380,445"
12-Feb-21,57.94,59.82,57.41,59.47,59.47,"480,822"
16-Feb-21,59.98,60.95,59.33,60.05,60.05,"602,332"
17-Feb-21,60.24,61.73,59.43,61.14,61.14,"335,419"
18-Feb-21,61.68,62.26,59.79,60.52,60.52,"132,035"
19-Feb-21,60.2,60.29,58.59,59.24,59.24,"102,427"
22-Feb-21,58.88,61.84,58.82,61.49,61.49,"505,773"
23-Feb-21,62.16,63,60.67,61.67,61.67,"570,677"
24-Feb-21,61.29,63.51,60.97,63.22,63.22,"489,933"
25-Feb-21,63.39,63.81,62.65,63.53,63.53,"510,357"
26-Feb-21,63.46,63.57,61.34,61.5,61.5,"472,723"
1-Mar-21,61.95,62.92,59.96,60.64,60.64,"456,679"
2-Mar-21,60.23,61.21,59.38,59.75,59.75,"464,133"
3-Mar-21,59.55,61.99,59.24,61.28,61.28,"465,311"
4-Mar-21,61.08,64.86,60.52,63.83,63.83,"694,628"
5-Mar-21,64.16,66.42,63.82,66.09,66.09,"573,168"
8-Mar-21,66.68,67.98,64.57,65.05,65.05,"533,376"
9-Mar-21,64.73,65.98,63.63,64.01,64.01,"554,564"
10-Mar-21,63.84,64.96,63.13,64.44,64.44,"498,488"
11-Mar-21,64.7,66.21,64.54,66.02,66.02,"441,063"
12-Mar-21,65.96,66.24,65.41,65.61,65.61,"321,714"
14-Mar-21,65.56,66.4,64.13,65.39,65.39,"378,009"
15-Mar-21,65.33,65.43,63.8,64.8,64.8,"317,537"
16-Mar-21,64.75,65.34,63.6,64.6,64.6,"254,724"
17-Mar-21,64.42,64.82,58.2,60,60,"143,597"
18-Mar-21,59.56,61.72,58.94,61.42,61.42,"84,171"
21-Mar-21,61.55,61.9,60.39,61.55,61.55,"404,370"
22-Mar-21,61.28,61.35,57.25,57.76,57.76,"712,317"
23-Mar-21,57.4,61.34,57.29,61.18,61.18,"566,291"
24-Mar-21,60.8,60.86,57.44,58.56,58.56,"580,105"
25-Mar-21,58.48,61.36,58.32,60.97,60.97,"471,996"
28-Mar-21,60.93,61.77,59.41,61.56,61.56,"449,360"
29-Mar-21,61.96,62.27,59.94,60.55,60.55,"388,188"
30-Mar-21,60.45,61.17,58.85,59.16,59.16,"414,162"
31-Mar-21,59.49,61.75,58.86,61.45,61.45,"605,567"
4-Apr-21,61.5,61.5,57.63,58.65,58.65,"438,864"
5-Apr-21,58.8,60.9,58.62,59.33,59.33,"457,348"
6-Apr-21,59.26,60.04,58.12,59.77,59.77,"475,537"
7-Apr-21,59.52,59.93,58.82,59.6,59.6,"419,913"
8-Apr-21,59.76,59.95,59.1,59.32,59.32,"351,436"
11-Apr-21,59.35,60.77,58.73,59.7,59.7,"410,218"
12-Apr-21,59.64,60.59,59.64,60.18,60.18,"349,733"
13-Apr-21,60.44,63.44,60.38,63.15,63.15,"419,813"
14-Apr-21,62.83,63.57,62.53,63.46,63.46,"243,370"
15-Apr-21,63.32,63.88,62.83,63.13,63.13,"87,795"
18-Apr-21,62.98,63.63,62.63,63.38,63.38,"74,384"
19-Apr-21,63.47,64.25,61.5,62.44,62.44,"476,046"
20-Apr-21,62.39,62.56,60.86,61.35,61.35,"431,486"
21-Apr-21,61.11,61.87,60.61,61.43,61.43,"344,700"
22-Apr-21,61.65,62.43,61.25,62.14,62.14,"345,407"
25-Apr-21,62.06,62.31,60.66,61.91,61.91,"366,865"
26-Apr-21,61.97,63.3,61.91,62.94,62.94,"361,536"
27-Apr-21,63.04,64.53,62.67,63.86,63.86,"387,683"
28-Apr-21,63.7,65.47,63.65,65.01,65.01,"384,489"
29-Apr-21,64.88,64.95,63.08,63.58,63.58,"400,515"
2-May-21,63.64,64.68,62.91,64.49,64.49,"285,969"
3-May-21,64.53,66.19,64.29,65.69,65.69,"370,208"
4-May-21,66.45,66.76,64.92,65.63,65.63,"460,066"
5-May-21,65.27,65.98,64.5,64.71,64.71,"389,214"
6-May-21,64.9,65.24,63.9,64.9,64.9,"431,417"
9-May-21,65.57,65.75,63.95,64.92,64.92,"448,337"
10-May-21,64.9,65.5,63.68,65.28,65.28,"514,949"
11-May-21,65.46,66.63,64.97,66.08,66.08,"508,519"
12-May-21,65.75,65.81,63.09,63.82,63.82,"547,691"
13-May-21,63.83,65.62,63.33,65.37,65.37,"383,749"
16-May-21,65.5,66.43,64.83,66.27,66.27,"268,476"
17-May-21,66.33,67.01,64.11,65.49,65.49,"167,348"
18-May-21,65.28,65.35,61.95,63.36,63.36,"101,902"
19-May-21,63.39,63.96,61.89,62.05,62.05,"524,168"
20-May-21,61.89,64.07,61.56,63.58,63.58,"530,831"
23-May-21,63.87,66.14,63.63,66.05,66.05,"466,647"
24-May-21,66.02,66.51,65.41,66.07,66.07,"497,394"
25-May-21,66.04,66.43,65.25,66.21,66.21,"376,207"
26-May-21,66.16,66.92,65.47,66.85,66.85,"337,542"
27-May-21,66.95,67.52,66.17,66.32,66.32,"390,461"
31-May-21,66.68,68.87,66.41,67.72,67.72,"570,985"
1-Jun-21,67.99,69,67.78,68.83,68.83,"332,995"
2-Jun-21,68.76,69.4,68.19,68.81,68.81,"351,367"
3-Jun-21,68.91,69.76,68.33,69.62,69.62,"326,250"
6-Jun-21,69.52,70,68.93,69.23,69.23,"365,621"
7-Jun-21,69.29,70.27,68.47,70.05,70.05,"441,302"
8-Jun-21,70.01,70.62,69.46,69.96,69.96,"410,820"
9-Jun-21,69.76,70.65,68.68,70.29,70.29,"492,464"
10-Jun-21,70.1,71.24,69.68,70.91,70.91,"563,575"
13-Jun-21,70.65,71.78,70.65,70.88,70.88,"319,639"
14-Jun-21,71.16,72.49,70.81,72.12,72.12,"336,035"
15-Jun-21,72.45,72.99,71.61,72.15,72.15,"426,775"
16-Jun-21,71.65,72.3,69.77,71.04,71.04,"373,780"
17-Jun-21,71.1,72.17,70.16,71.64,71.64,"139,584"
20-Jun-21,71.52,73.96,71.15,73.66,73.66,"123,662"
21-Jun-21,73.41,73.95,72.94,73.06,73.06,"498,555"
22-Jun-21,72.91,74.25,72.82,73.08,73.08,"429,207"
23-Jun-21,73.28,73.61,72.32,73.3,73.3,"334,833"
24-Jun-21,73.32,74.18,72.85,74.05,74.05,"364,721"
27-Jun-21,73.99,74.45,72.62,72.91,72.91,"354,701"
28-Jun-21,72.78,73.81,71.97,72.98,72.98,"321,448"
29-Jun-21,73.47,74.14,72.82,73.47,73.47,"383,626"
30-Jun-21,73.5,76.22,73.39,75.23,75.23,"615,678"
1-Jul-21,75.02,75.62,74.41,75.16,75.16,"377,531"
5-Jul-21,75.35,76.98,72.94,73.37,73.37,"714,044"
6-Jul-21,73.85,74.86,71.07,72.2,72.2,"607,971"
7-Jul-21,72.17,73.26,70.76,72.94,72.94,"529,690"
8-Jul-21,73.26,74.76,72.72,74.56,74.56,"422,154"
11-Jul-21,74.74,74.93,73.16,74.1,74.1,"397,931"
12-Jul-21,74.18,75.52,73.68,75.25,75.25,"444,078"
13-Jul-21,75.17,75.44,72.21,73.13,73.13,"528,360"
14-Jul-21,72.96,72.96,71.4,71.65,71.65,"368,679"
15-Jul-21,71.48,72.3,70.41,71.81,71.81,"133,926"
18-Jul-21,71.49,71.67,65.63,66.42,66.42,"82,565"
19-Jul-21,66.6,67.65,65.21,67.42,67.42,"561,629"
20-Jul-21,66.45,70.51,66.44,70.3,70.3,"503,030"
21-Jul-21,70.22,72.03,69.86,71.91,71.91,"435,181"
22-Jul-21,71.71,72.21,71.39,72.07,72.07,"274,778"
25-Jul-21,72.18,72.43,70.56,71.91,71.91,"395,743"
26-Jul-21,72.22,72.33,71.08,71.65,71.65,"333,123"
27-Jul-21,71.9,72.6,71.7,72.39,72.39,"318,911"
28-Jul-21,72.4,73.68,72.26,73.62,73.62,"294,462"
29-Jul-21,73.41,74.23,72.93,73.95,73.95,"303,700"
1-Aug-21,73.91,73.95,70.55,71.26,71.26,"448,200"
2-Aug-21,71.52,71.96,69.19,70.56,70.56,"509,938"
3-Aug-21,70.32,70.81,67.85,68.15,68.15,"582,924"
4-Aug-21,68.06,69.35,67.61,69.09,69.09,"416,331"
5-Aug-21,69.14,70.18,67.8,68.28,68.28,"537,136"
8-Aug-21,67.88,67.9,65.15,66.48,66.48,"598,381"
9-Aug-21,66.85,68.9,66.56,68.29,68.29,"452,126"
10-Aug-21,68.51,69.45,66.67,69.25,69.25,"513,292"
11-Aug-21,69.36,69.62,68.46,69.09,69.09,"352,465"
12-Aug-21,68.91,69.22,67.77,68.44,68.44,"272,033"
15-Aug-21,68.13,68.14,65.73,67.29,67.29,"334,844"
16-Aug-21,67.43,67.72,66.33,66.59,66.59,"235,303"
17-Aug-21,66.58,67.48,64.34,65.46,65.46,"121,197"
18-Aug-21,64.58,64.76,62.63,63.69,63.69,"88,237"
19-Aug-21,64.05,64.1,62.11,62.32,62.32,"365,009"
22-Aug-21,61.96,66,61.74,65.64,65.64,"397,290"
23-Aug-21,65.54,67.8,65.41,67.54,67.54,"335,888"
24-Aug-21,67.63,68.54,66.92,68.36,68.36,"353,742"
25-Aug-21,68,68.31,67.02,67.42,67.42,"344,286"
26-Aug-21,67.75,69.05,67.52,68.74,68.74,"326,056"
29-Aug-21,69.3,69.64,67.67,69.21,69.21,"360,797"
30-Aug-21,69.18,69.34,68.16,68.5,68.5,"325,853"
31-Aug-21,68.55,69.24,67.12,68.59,68.59,"399,497"
1-Sep-21,68.29,70.61,67.84,69.99,69.99,"403,314"
2-Sep-21,69.76,70.53,69.05,69.29,69.29,"313,086"
6-Sep-21,69.11,69.48,67.64,68.35,68.35,"481,704"
7-Sep-21,68.37,69.75,68.31,69.3,69.3,"389,325"
8-Sep-21,69.36,69.89,67.56,68.14,68.14,"556,451"
9-Sep-21,67.97,69.96,67.68,69.72,69.72,"411,079"
12-Sep-21,69.74,70.97,69.51,70.45,70.45,"390,939"
13-Sep-21,70.64,71.22,69.98,70.46,70.46,"414,231"
14-Sep-21,70.76,73.14,70.65,72.61,72.61,"418,665"
15-Sep-21,72.65,72.99,71.53,72.61,72.61,"298,412"
16-Sep-21,72.62,72.72,71.21,71.97,71.97,"119,933"
19-Sep-21,71.92,72.08,69.86,70.29,70.29,"75,837"
20-Sep-21,70.59,71.63,69.67,70.56,70.56,"393,403"
21-Sep-21,70.85,72.3,70.64,72.23,72.23,"381,061"
22-Sep-21,71.97,73.5,71.61,73.3,73.3,"403,405"
23-Sep-21,73.24,74.27,72.81,73.98,73.98,"350,382"
26-Sep-21,74.19,75.75,74.16,75.45,75.45,"417,829"
27-Sep-21,75.43,76.67,74.24,75.29,75.29,"476,143"
28-Sep-21,74.38,75.79,73.74,74.83,74.83,"424,193"
29-Sep-21,74.78,76.07,73.14,75.03,75.03,"583,189"
30-Sep-21,75.12,75.99,74.23,75.88,75.88,"388,996"
3-Oct-21,75.9,78.38,75.32,77.62,77.62,"458,006"
4-Oct-21,77.58,79.48,77.47,78.93,78.93,"449,617"
5-Oct-21,79.04,79.78,76.83,77.43,77.43,"459,055"
6-Oct-21,77,78.89,74.96,78.3,78.3,"545,008"
7-Oct-21,78.86,80.11,78.63,79.35,79.35,"662,010"
10-Oct-21,79.59,82.18,79.55,80.52,80.52,"653,756"
11-Oct-21,80.5,81.62,79.47,80.64,80.64,"598,181"
12-Oct-21,80.58,81.04,79.42,80.44,80.44,"487,220"
13-Oct-21,80.59,81.68,80.38,81.31,81.31,"399,813"
14-Oct-21,81.48,82.66,81.39,82.28,82.28,"277,953"
17-Oct-21,82.6,83.87,81.84,82.44,82.44,"134,098"
18-Oct-21,82.37,83.74,81.8,82.96,82.96,"82,607"
19-Oct-21,83.34,84.25,81.3,83.87,83.87,"530,693"
20-Oct-21,83.58,83.96,80.79,82.5,82.5,"567,503"
21-Oct-21,82.61,84.22,81.76,83.76,83.76,"465,355"
24-Oct-21,83.98,85.41,83.39,83.76,83.76,"568,725"
25-Oct-21,83.72,84.88,82.97,84.65,84.65,"467,716"
26-Oct-21,84.39,84.51,82.01,82.66,82.66,"529,952"
27-Oct-21,82.25,83.21,80.58,82.81,82.81,"491,585"
28-Oct-21,83.09,83.74,81.41,83.57,83.57,"507,309"
31-Oct-21,83.36,84.88,82.74,84.05,84.05,"412,309"
1-Nov-21,83.87,84.41,82.92,83.91,83.91,"429,608"
2-Nov-21,83.07,83.08,79.69,80.86,80.86,"546,577"
3-Nov-21,80.18,83.42,78.25,78.81,78.81,"701,119"
4-Nov-21,79.37,81.8,78.96,81.27,81.27,"531,054"
8-Nov-21,81.13,82.67,81.05,81.93,81.93,"393,953"
9-Nov-21,82.16,84.63,81.78,84.15,84.15,"504,832"
10-Nov-21,84.53,84.97,80.81,81.34,81.34,"555,215"
11-Nov-21,81.41,82.33,80.2,81.59,81.59,"475,436"
12-Nov-21,81.21,81.62,79.78,80.79,80.79,"390,304"
15-Nov-21,80.66,81.2,79.3,80.88,80.88,"343,484"
16-Nov-21,80.93,81.81,80.03,80.76,80.76,"325,668"
17-Nov-21,80.54,80.69,77.69,78.36,78.36,"174,471"
18-Nov-21,78.34,79.36,77.08,79.01,79.01,"83,984"
19-Nov-21,78.76,79.92,75.37,76.1,76.1,"623,448"
22-Nov-21,75.75,77.16,74.76,76.75,76.75,"465,768"
23-Nov-21,76.46,78.86,75.3,78.5,78.5,"506,987"
24-Nov-21,78.48,79.23,77.98,78.39,78.39,"328,848"
25-Nov-21,78.34,78.65,77.76,78.03,78.03,"328,848"
26-Nov-21,78.34,78.65,67.4,68.15,68.15,"844,630"
29-Nov-21,69.23,72.93,68.86,69.95,69.95,"675,090"
30-Nov-21,70.04,71.22,64.43,66.18,66.18,"722,475"
1-Dec-21,67.01,69.49,64.84,65.57,65.57,"602,447"
2-Dec-21,65.63,67.49,62.43,66.5,66.5,"668,293"
3-Dec-21,67.5,69.22,65.6,66.26,66.26,"449,974"
6-Dec-21,67.02,70.15,66.72,69.49,69.49,"401,060"
7-Dec-21,69.72,73.03,69.52,72.05,72.05,"496,528"
8-Dec-21,71.86,73,70.91,72.36,72.36,"464,846"
9-Dec-21,72.52,73.34,70.39,70.94,70.94,"393,205"
10-Dec-21,70.68,72.33,70.32,71.67,71.67,"397,883"
13-Dec-21,72.04,73,70.71,71.29,71.29,"406,604"
14-Dec-21,71.12,72.03,69.51,70.73,70.73,"359,454"
15-Dec-21,70.35,71.66,69.39,70.87,70.87,"294,337"
16-Dec-21,71.48,72.99,71.03,72.38,72.38,"142,541"
17-Dec-21,71.92,72.26,69.89,70.86,70.86,"78,125"
20-Dec-21,70.07,70.07,66.04,68.23,68.23,"492,217"
21-Dec-21,69.21,71.55,68.56,71.12,71.12,"358,779"
22-Dec-21,71.27,73.16,70.8,72.76,72.76,"306,709"
23-Dec-21,73.03,73.95,72.27,73.79,73.79,"270,223"
27-Dec-21,73.38,76.09,72.57,75.57,75.57,"268,490"
28-Dec-21,75.97,76.92,75.53,75.98,75.98,"249,728"
29-Dec-21,76.04,77.37,75.36,76.56,76.56,"283,557"
30-Dec-21,76.58,77.44,75.78,76.99,76.99,"231,163"
31-Dec-21,76.66,77.08,74.95,75.21,75.21,"237,118"
3-Jan-22,75.69,76.46,74.27,76.08,76.08,"317,628"
4-Jan-22,76.02,77.64,75.7,76.99,76.99,"372,848"
5-Jan-22,77.18,78.58,76.51,77.85,77.85,"397,898"
6-Jan-22,77.24,80.24,76.73,79.46,79.46,"476,665"
7-Jan-22,79.62,80.47,78.52,78.9,78.9,"414,434"
10-Jan-22,78.88,79.45,77.83,78.23,78.23,"389,956"
11-Jan-22,78.42,81.59,78.36,81.22,81.22,"481,815"
12-Jan-22,81.38,83.1,81.17,82.64,82.64,"420,619"
13-Jan-22,82.82,82.94,81.39,82.12,82.12,"364,769"
14-Jan-22,81.73,84.45,81.58,83.82,83.82,"364,442"
18-Jan-22,84.32,86.63,83.5,85.43,85.43,"163,643"
19-Jan-22,86.61,87.91,85.77,86.96,86.96,"113,153"
20-Jan-22,86.23,87.82,86,86.9,86.9,"532,202"
21-Jan-22,84.57,85.56,82.78,85.14,85.14,"509,103"
24-Jan-22,84.91,86.09,81.9,83.31,83.31,"511,695"
25-Jan-22,84.15,85.71,82.99,85.6,85.6,"507,219"
26-Jan-22,85.26,87.95,85.01,87.35,87.35,"459,642"
27-Jan-22,87.15,88.54,86.2,86.61,86.61,"427,804"
28-Jan-22,87.5,88.84,86.44,86.82,86.82,"436,172"
31-Jan-22,87.45,88.39,86.34,88.15,88.15,"359,080"
1-Feb-22,88.15,88.87,86.55,88.2,88.2,"376,841"
2-Feb-22,88.35,89.72,87.1,88.26,88.26,"456,863"
3-Feb-22,87.98,90.45,86.75,90.27,90.27,"465,771"
4-Feb-22,90.19,93.17,90.07,92.31,92.31,"410,926"
7-Feb-22,91.82,92.73,90.73,91.32,91.32,"497,754"
8-Feb-22,91.64,91.68,88.51,89.36,89.36,"467,386"
9-Feb-22,89.86,90.58,88.41,89.66,89.66,"445,618"
10-Feb-22,90.01,91.74,89.03,89.88,89.88,"492,091"
11-Feb-22,90,94.66,89.19,93.1,93.1,"554,423"
14-Feb-22,93.91,95.82,92.09,95.46,95.46,"467,071"
15-Feb-22,94.83,95.17,90.66,92.07,92.07,"442,641"
16-Feb-22,92.21,95.01,90,93.66,93.66,"401,453"
17-Feb-22,90.9,93.36,90.62,91.76,91.76,"212,552"
18-Feb-22,91.63,92.66,89.03,91.07,91.07,"150,382"
22-Feb-22,91.75,96,90.35,92.35,92.35,"789,041"
23-Feb-22,91.74,93.9,90.64,92.1,92.1,"440,574"
24-Feb-22,92.52,100.54,91.45,92.81,92.81,"872,244"
25-Feb-22,93.32,95.64,90.06,91.59,91.59,"523,793"
28-Feb-22,94.99,99.1,94.43,95.72,95.72,"490,796"
1-Mar-22,96.09,106.78,95.32,103.41,103.41,"698,814"
2-Mar-22,107.12,112.51,105.18,110.6,110.6,"651,853"
3-Mar-22,111.33,116.57,106.43,107.67,107.67,"592,031"
4-Mar-22,107.96,116.02,107.25,115.68,115.68,"493,875"
7-Mar-22,121.33,130.5,115.54,119.4,119.4,"576,022"
8-Mar-22,120.67,129.44,117.07,123.7,123.7,"583,106"
9-Mar-22,124.66,126.84,103.63,108.7,108.7,"594,773"
10-Mar-22,110.41,114.88,105.53,106.02,106.02,"437,924"
11-Mar-22,105.99,110.29,104.48,109.33,109.33,"368,194"
13-Mar-22,109.42,109.72,99.76,103.01,103.01,"344,184"
14-Mar-22,102.28,102.58,93.53,96.44,96.44,"401,690"
15-Mar-22,95.23,99.22,94.07,95.04,95.04,"293,947"
16-Mar-22,95.34,104.24,94.85,102.98,102.98,"210,763"
17-Mar-22,103.62,106.28,102.3,104.7,104.7,"74,247"
20-Mar-22,105.13,112.69,104.08,112.12,112.12,"77,217"
21-Mar-22,112.9,115.01,109.3,111.76,111.76,"318,629"
22-Mar-22,108.85,115.4,108.38,114.93,114.93,"289,182"
23-Mar-22,114.47,116.64,110.61,112.34,112.34,"307,238"
24-Mar-22,111.75,114.12,108.68,113.9,113.9,"320,304"
27-Mar-22,112.92,112.93,102.83,105.96,105.96,"372,251"
28-Mar-22,103.47,107.84,98.44,104.24,104.24,"387,200"
29-Mar-22,105.24,108.75,104.55,107.82,107.82,"284,544"
30-Mar-22,107.45,107.8,99.66,100.28,100.28,"450,845"
31-Mar-22,101.23,101.75,97.78,99.27,99.27,"324,777"
3-Apr-22,98.95,103.94,98.05,103.28,103.28,"288,131"
4-Apr-22,103.66,105.59,99.88,101.96,101.96,"280,283"
5-Apr-22,101.24,104.02,95.73,96.23,96.23,"366,036"
6-Apr-22,97.16,98.82,93.81,96.03,96.03,"367,318"
7-Apr-22,97.17,98.76,95.29,98.26,98.26,"310,082"
10-Apr-22,98.4,98.52,92.93,94.29,94.29,"315,873"
11-Apr-22,95.17,101.35,94.84,100.6,100.6,"329,037"
12-Apr-22,100.91,104.47,99.87,104.25,104.25,"312,502"
13-Apr-22,104.2,107.64,102.12,106.95,106.95,"244,952"
17-Apr-22,107.03,109.81,106,108.21,108.21,"68,489"
18-Apr-22,107.75,108.92,102.1,102.56,102.56,"71,792"
19-Apr-22,103.05,104.16,100.7,102.75,102.75,"299,028"
20-Apr-22,102.5,105.42,102.01,103.79,103.79,"280,321"
21-Apr-22,104.07,104.22,101.06,102.07,102.07,"246,116"
24-Apr-22,101.38,101.55,95.28,98.54,98.54,"328,153"
25-Apr-22,98.64,102.78,97.06,101.7,101.7,"351,850"
26-Apr-22,101.76,102.99,99.8,102.02,102.02,"278,781"
27-Apr-22,102.11,105.68,100.13,105.36,105.36,"312,064"
28-Apr-22,105.17,107.99,103.78,104.69,104.69,"294,386"
1-May-22,104,105.94,100.28,105.17,105.17,"261,878"
2-May-22,105.08,105.8,102.1,102.41,102.41,"239,266"
3-May-22,103.5,108.61,102.95,107.81,107.81,"272,909"
4-May-22,107.58,111.37,106.45,108.26,108.26,"286,916"
5-May-22,108.7,111.18,107.24,109.77,109.77,"294,278"
8-May-22,110.43,110.49,102.13,103.09,103.09,"368,183"
9-May-22,102.65,104.16,98.86,99.76,99.76,"389,750"
10-May-22,99,106.44,98.2,105.71,105.71,"382,701"
11-May-22,105.63,107.37,102.66,106.13,106.13,"323,547"
12-May-22,106.65,110.64,106.29,110.49,110.49,"240,989"
15-May-22,110.98,114.9,108.11,114.2,114.2,"289,127"
16-May-22,113.87,115.56,111.75,112.4,112.4,"252,630"
17-May-22,113.66,115.42,108.46,109.59,109.59,"103,669"
18-May-22,109.09,112.62,105.13,112.21,112.21,"68,511"
19-May-22,111.45,114.04,110.85,113.23,113.23,"229,930"
22-May-22,110.56,111.96,109.15,110.29,110.29,"215,623"
23-May-22,110.41,111.43,108.61,109.77,109.77,"224,794"
24-May-22,110.39,111.68,109.23,110.33,110.33,"191,370"
25-May-22,110.69,114.83,110.27,114.09,114.09,"234,752"
26-May-22,114.2,115.3,112.85,115.07,115.07,"217,281"
29-May-22,-,-,-,-,-,-
30-May-22,114.96,119.98,114.15,114.67,114.67,"440,796"
31-May-22,115.4,117.87,114.58,115.26,115.26,"290,530"
1-Jun-22,114.8,117.77,111.2,116.87,116.87,"327,600"
2-Jun-22,117.55,120.46,115.23,118.87,118.87,"240,831"
5-Jun-22,120.82,120.99,117.63,118.5,118.5,"246,825"
6-Jun-22,119.1,120.36,117.14,119.41,119.41,"341,694"
7-Jun-22,119.79,123.18,119.3,122.11,122.11,"340,591"
8-Jun-22,122.43,122.72,120.79,121.51,121.51,"293,295"
9-Jun-22,121.46,122.75,118.33,120.67,120.67,"352,906"
12-Jun-22,120.19,122.25,117.47,120.93,120.93,"372,403"
13-Jun-22,121.09,123.68,116.62,118.93,118.93,"366,320"
14-Jun-22,119.07,119.61,114.6,115.31,115.31,"301,750"
15-Jun-22,115.98,118.08,112.31,117.59,117.59,"162,543"
16-Jun-22,117.08,118.97,108.25,109.56,109.56,"103,149"
19-Jun-22,110.58,110.95,108.72,110.27,110.27,"103,149"
20-Jun-22,110.58,112.47,108.72,110.65,110.65,"427,262"
21-Jun-22,109.54,109.76,101.53,106.19,106.19,"432,724"
22-Jun-22,104.42,107.05,102.32,104.27,104.27,"346,362"
23-Jun-22,103.99,108.58,103.64,107.62,107.62,"321,591"
26-Jun-22,107.22,110.54,105.6,109.57,109.57,"282,914"
27-Jun-22,110.18,112.22,109.62,111.76,111.76,"306,748"
28-Jun-22,111.86,114.05,109.22,109.78,109.78,"322,060"
29-Jun-22,109.7,110.45,105.1,105.76,105.76,"362,890"
30-Jun-22,106.01,109.34,104.56,108.43,108.43,"305,338"
3-Jul-22,-,-,-,-,-,-
4-Jul-22,108.8,111.45,97.43,99.5,99.5,"594,215"
5-Jul-22,100.36,102.14,95.1,98.53,98.53,"444,106"
6-Jul-22,98.22,104.48,96.57,102.73,102.73,"379,861"
7-Jul-22,102.22,105.24,101.51,104.79,104.79,"327,461"
10-Jul-22,104.79,105.05,100.89,104.09,104.09,"348,566"
11-Jul-22,103.46,103.49,95.35,95.84,95.84,"398,552"
12-Jul-22,95.89,97.96,93.67,96.3,96.3,"347,193"
13-Jul-22,96.57,97,90.56,95.78,95.78,"387,528"
14-Jul-22,96.39,99.03,94.57,97.59,97.59,"240,766"
17-Jul-22,97.27,102.8,95.85,102.6,102.6,"84,669"
18-Jul-22,102,104.46,99.85,104.22,104.22,"63,149"
19-Jul-22,103.6,104.39,101.51,102.26,102.26,"315,620"
20-Jul-22,99.91,99.99,94.59,96.35,96.35,"318,911"
21-Jul-22,96.51,97.95,94.23,94.7,94.7,"307,568"
24-Jul-22,95.1,96.94,93.01,96.7,96.7,"278,998"
25-Jul-22,96.33,99,94.76,94.98,94.98,"310,043"
26-Jul-22,95.6,98.59,94.3,97.26,97.26,"321,903"
27-Jul-22,98.17,99.84,96.04,96.42,96.42,"318,403"
28-Jul-22,97.3,101.88,96.41,98.62,98.62,"349,374"
31-Jul-22,98.46,98.65,92.42,93.89,93.89,"365,293"
1-Aug-22,93.75,96.47,92.59,94.42,94.42,"328,538"
2-Aug-22,93.83,96.57,90.38,90.66,90.66,"395,099"
3-Aug-22,90.95,91.9,87.55,88.54,88.54,"334,931"
4-Aug-22,88.06,90.76,87.01,89.01,89.01,"350,016"
7-Aug-22,88.46,90.89,87.22,90.76,90.76,"340,157"
8-Aug-22,90.69,92.65,89.05,90.5,90.5,"347,045"
9-Aug-22,90.51,92.43,87.66,91.93,91.93,"383,766"
10-Aug-22,91.55,95.05,91.24,94.34,94.34,"341,234"
11-Aug-22,94.09,94.81,91.16,92.09,92.09,"264,953"
14-Aug-22,91.94,92.1,86.82,89.41,89.41,"275,443"
15-Aug-22,87.93,90.65,85.73,86.53,86.53,"305,366"
16-Aug-22,87.1,89.16,85.88,88.11,88.11,"230,346"
17-Aug-22,87.39,91.46,87.32,90.5,90.5,"80,029"
18-Aug-22,90.39,92.09,88.38,90.77,90.77,"58,714"
21-Aug-22,89.65,91.26,86.6,90.23,90.23,"352,665"
22-Aug-22,90.55,94.22,90.42,93.74,93.74,"285,607"
23-Aug-22,93.78,95.4,92.79,94.89,94.89,"320,388"
24-Aug-22,95.35,95.76,92.29,92.52,92.52,"279,877"
25-Aug-22,93.06,94.02,91.08,93.06,93.06,"288,392"
28-Aug-22,92.96,97.37,92.29,97.01,97.01,"283,463"
29-Aug-22,96.9,97.66,90.54,91.64,91.64,"386,272"
30-Aug-22,92.31,92.73,88.27,89.55,89.55,"344,147"
31-Aug-22,88.83,89.63,85.98,86.61,86.61,"305,106"
1-Sep-22,86.56,89.66,86.35,86.87,86.87,"277,533"
4-Sep-22,-,-,-,-,-,-
5-Sep-22,86.84,90.39,86.18,86.88,86.88,"420,255"
6-Sep-22,86.93,87.76,81.5,81.94,81.94,"380,781"
7-Sep-22,81.91,84.25,81.2,83.54,83.54,"342,763"
8-Sep-22,82.8,87.2,82.71,86.79,86.79,"305,188"
11-Sep-22,86.25,89.1,85.16,87.78,87.78,"275,104"
12-Sep-22,88.09,89.31,85.06,87.31,87.31,"347,998"
13-Sep-22,87.94,90.19,86.18,88.48,88.48,"335,381"
14-Sep-22,88.91,89.15,84.53,85.1,85.1,"235,358"
15-Sep-22,85.16,86.59,84.27,85.11,85.11,"87,829"
18-Sep-22,85.21,86.22,82.1,85.73,85.73,"59,626"
19-Sep-22,85.61,86.45,83.52,84.45,84.45,"279,813"
20-Sep-22,84.25,86.68,82.49,82.94,82.94,"339,683"
21-Sep-22,83.07,86,82.4,83.49,83.49,"303,492"
22-Sep-22,83.54,83.92,78.04,78.74,78.74,"334,271"
25-Sep-22,79.23,80.31,76.25,76.71,76.71,"280,927"
26-Sep-22,76.47,79.51,76.42,78.5,78.5,"283,614"
27-Sep-22,78.08,82.34,76.55,82.15,82.15,"324,678"
28-Sep-22,81.9,82.94,80.34,81.23,81.23,"286,126"
29-Sep-22,81.74,82.56,79.14,79.49,79.49,"253,154"
2-Oct-22,81.02,84.56,80.87,83.63,83.63,"287,168"
3-Oct-22,83.22,86.98,83.22,86.52,86.52,"302,549"
4-Oct-22,86.37,88.42,85.42,87.76,87.76,"329,790"
5-Oct-22,88.08,89.07,87.04,88.45,88.45,"235,296"
6-Oct-22,88.93,93.31,88,92.64,92.64,"429,162"
9-Oct-22,93.48,93.64,90.54,91.13,91.13,"289,508"
10-Oct-22,91.14,91.35,87.91,89.35,89.35,"333,158"
11-Oct-22,88.67,90.07,86.28,87.27,87.27,"332,271"
12-Oct-22,87.08,89.66,85.56,89.11,89.11,"298,032"
13-Oct-22,89.27,89.73,85.2,85.61,85.61,"237,026"
16-Oct-22,85.59,87.12,84.61,85.46,85.46,"172,020"
17-Oct-22,85.7,86.51,82.09,82.82,82.82,"97,304"
18-Oct-22,83.69,86.2,82.59,85.55,85.55,"71,309"
19-Oct-22,85.94,88.17,85.22,85.98,85.98,"338,344"
20-Oct-22,85.07,85.9,83.15,85.05,85.05,"272,803"
23-Oct-22,85.24,85.92,82.63,84.58,84.58,"250,726"
24-Oct-22,84.88,86.03,83.06,85.32,85.32,"240,441"
25-Oct-22,85.07,88.41,84.14,87.91,87.91,"287,182"
26-Oct-22,88.26,89.79,87.33,89.08,89.08,"292,556"
27-Oct-22,88.67,88.76,87.08,87.9,87.9,"263,404"
30-Oct-22,88.39,88.65,85.3,86.53,86.53,"285,342"
31-Oct-22,86.43,89.45,85.92,88.37,88.37,"274,321"
1-Nov-22,88.62,90.36,87.72,90,90,"280,961"
2-Nov-22,89.35,89.67,87.6,88.17,88.17,"239,816"
3-Nov-22,87.9,92.87,87.82,92.61,92.61,"354,060"
7-Nov-22,91,93.74,90.4,91.79,91.79,"322,419"
8-Nov-22,91.87,92.17,88.52,88.91,88.91,"344,223"
9-Nov-22,88.57,89.24,85.5,85.83,85.83,"388,301"
10-Nov-22,85.85,87.35,84.7,86.47,86.47,"340,007"
11-Nov-22,86.27,90.1,86.18,88.96,88.96,"301,664"
14-Nov-22,89.02,89.84,85.15,85.87,85.87,"315,450"
15-Nov-22,85.25,88.68,84.06,86.92,86.92,"331,709"
16-Nov-22,86.89,87.51,84.2,85.59,85.59,"225,668"
17-Nov-22,85.22,85.45,81.4,81.64,81.64,"138,476"
18-Nov-22,82.09,82.64,77.24,80.08,80.08,"96,583"
21-Nov-22,80.3,80.3,75.08,79.73,79.73,"475,104"
22-Nov-22,80.22,82.36,79.85,80.95,80.95,"269,615"
23-Nov-22,81.08,81.95,76.83,77.94,77.94,"379,145"
24-Nov-22,-,-,-,-,-,-
25-Nov-22,77.51,79.9,76.22,76.28,76.28,"266,451"
28-Nov-22,75.93,77.84,73.6,77.24,77.24,"405,033"
29-Nov-22,76.54,79.65,76.29,78.2,78.2,"381,869"
30-Nov-22,79,81.38,78.4,80.55,80.55,"287,534"
1-Dec-22,80.4,83.34,79.93,81.22,81.22,"321,432"
2-Dec-22,81.47,82.22,79.65,79.98,79.98,"280,235"
5-Dec-22,79.99,82.72,76.77,76.93,76.93,"346,657"
6-Dec-22,77.35,77.88,73.41,74.25,74.25,"380,598"
7-Dec-22,74.55,75.38,71.75,72.01,72.01,"392,236"
8-Dec-22,72.38,75.44,71.12,71.46,71.46,"474,459"
9-Dec-22,71.85,72.92,70.08,71.02,71.02,"356,722"
12-Dec-22,71.79,73.99,70.25,73.17,73.17,"323,553"
13-Dec-22,73.29,76.37,73.21,75.39,75.39,"352,858"
14-Dec-22,75.27,77.75,74.9,77.28,77.28,"292,488"
15-Dec-22,77.37,77.77,75.33,76.11,76.11,"224,663"
16-Dec-22,76.37,76.57,73.33,74.29,74.29,"99,205"
19-Dec-22,74.5,76.41,73.81,75.19,75.19,"69,348"
20-Dec-22,75.7,76.75,74.31,76.09,76.09,"254,792"
21-Dec-22,75.99,78.61,75.8,78.29,78.29,"234,624"
22-Dec-22,78.43,79.9,77.03,77.49,77.49,"219,142"
23-Dec-22,78.18,80.33,77.98,79.56,79.56,"237,711"
26-Dec-22,-,-,-,-,-,-
27-Dec-22,79.9,81.18,79.16,79.53,79.53,"199,601"
28-Dec-22,79.89,79.92,77.3,78.96,78.96,"207,717"
29-Dec-22,78.82,78.82,76.79,78.4,78.4,"207,717"
