Date,Open_usd_vs_inr,High_usd_vs_inr,Low_usd_vs_inr,Close_usd_vs_inr,Adj Close_usd_vs_inr
1-Jan-18,63.840801,63.869999,63.66,63.840801,63.840801
2-Jan-18,63.867599,63.867599,63.419998,63.867599,63.867599
3-Jan-18,63.380001,63.580002,63.380001,63.459999,63.459999
4-Jan-18,63.419102,63.59,63.330002,63.419102,63.419102
5-Jan-18,63.369598,63.419998,63.209999,63.369598,63.369598
8-Jan-18,63.264999,63.529999,63.23,63.264999,63.264999
9-Jan-18,63.451801,63.73,63.419998,63.452,63.452
10-Jan-18,63.635601,63.84,63.568001,63.636101,63.636101
11-Jan-18,63.759998,63.84,63.634998,63.759998,63.759998
12-Jan-18,63.6721,63.720001,63.478001,63.6721,63.6721
15-Jan-18,63.588501,63.5951,63.330002,63.588501,63.588501
16-Jan-18,63.522202,64.129997,63.505501,63.521198,63.521198
17-Jan-18,63.994301,64.084999,63.77,63.994301,63.994301
18-Jan-18,63.825001,63.950001,63.759998,63.825001,63.825001
19-Jan-18,63.867599,63.880001,63.625,63.867599,63.867599
22-Jan-18,63.8321,63.990002,63.720001,63.8321,63.8321
23-Jan-18,63.8801,63.889999,63.740002,63.8801,63.8801
24-Jan-18,63.750198,63.779999,63.558102,63.7505,63.7505
25-Jan-18,63.5779,63.639999,63.400002,63.5779,63.5779
26-Jan-18,63.573799,63.66,63.439999,63.573101,63.573101
29-Jan-18,63.57,63.709999,63.490002,63.57,63.57
30-Jan-18,63.669399,63.82,63.57,63.669399,63.669399
31-Jan-18,63.77,63.77,63.545799,63.769901,63.769901
1-Feb-18,63.665001,64.080002,63.542999,63.665001,63.665001
2-Feb-18,63.974998,64.235001,63.73,63.974998,63.974998
5-Feb-18,64.1325,64.230003,64.004997,64.1325,64.1325
6-Feb-18,64.314697,64.464996,64.059898,64.314697,64.314697
7-Feb-18,63.98,64.309998,63.98,63.98,63.98
8-Feb-18,64.199997,64.480003,64.150002,64.199997,64.199997
9-Feb-18,64.439903,64.474998,64.260002,64.440498,64.440498
12-Feb-18,64.211304,64.364998,64.211197,64.211304,64.211304
13-Feb-18,64.283501,64.32,64.18,64.283501,64.283501
14-Feb-18,64.249802,64.279999,64.029999,64.250099,64.250099
15-Feb-18,64.0252,64.093002,63.860001,64.0252,64.0252
16-Feb-18,63.8909,64.43,63.813,63.8909,63.8909
19-Feb-18,64.379997,64.639999,64.242996,64.379997,64.379997
20-Feb-18,64.504997,64.940002,64.407997,64.504997,64.504997
21-Feb-18,64.864998,64.949997,64.727997,64.864998,64.864998
22-Feb-18,64.894997,65.110001,64.870003,64.894997,64.894997
23-Feb-18,64.951401,64.970001,64.682999,64.951401,64.951401
26-Feb-18,64.889999,65.029999,64.629997,64.703003,64.703003
27-Feb-18,64.781197,65.230003,64.720001,64.780403,64.780403
28-Feb-18,64.910004,65.599998,64.910004,64.910004,64.910004
1-Mar-18,65.239998,65.339996,65.110001,65.239998,65.239998
2-Mar-18,65.150002,65.279999,65.080002,65.150002,65.150002
5-Mar-18,65.186699,65.209999,64.93,65.186699,65.186699
6-Mar-18,65.003197,65.108002,64.794998,65.0037,65.0037
7-Mar-18,64.889999,65,64.849998,64.889999,64.889999
8-Mar-18,64.891197,65.400002,64.8703,64.891197,64.891197
9-Mar-18,65.090302,65.209999,64.940002,65.090401,65.090401
12-Mar-18,64.964897,65.290001,64.93,64.964897,64.964897
13-Mar-18,64.945503,65.239998,64.669998,64.945503,64.945503
14-Mar-18,64.827301,65.050003,64.75,64.828102,64.828102
15-Mar-18,64.834198,65.220001,64.769997,64.8368,64.8368
16-Mar-18,65.017197,65.040001,64.848,65.014397,65.014397
19-Mar-18,65.065002,65.294998,65.010002,65.065002,65.065002
20-Mar-18,65.210098,65.260002,65.154999,65.210098,65.210098
21-Mar-18,65.232597,65.260002,65.176697,65.232399,65.232399
22-Mar-18,65.065598,65.220001,65.014,65.065598,65.065598
23-Mar-18,65.160103,65.239998,64.924698,65.160004,65.160004
26-Mar-18,64.980499,65.029999,64.68,65.014999,65.014999
27-Mar-18,64.818001,65.040001,64.690002,64.695,64.695
28-Mar-18,64.935501,65.309998,64.809998,64.8955,64.8955
29-Mar-18,65.150497,65.400002,65.050003,65.1492,65.1492
30-Mar-18,65.108002,65.108002,65.019997,65.029999,65.029999
2-Apr-18,65.108002,65.120003,64.93,65.105499,65.105499
3-Apr-18,65.108002,65.139999,64.970001,65.139999,65.139999
4-Apr-18,64.992996,65.199997,64.900002,64.904999,64.904999
5-Apr-18,65.0355,65.199997,64.830002,64.995003,64.995003
6-Apr-18,64.880501,65.023003,64.82,64.861504,64.861504
9-Apr-18,64.920502,65.209999,64.805,64.904503,64.904503
10-Apr-18,64.947998,65.209999,64.82,64.870003,64.870003
11-Apr-18,64.940498,65.419998,64.925003,64.925301,64.925301
12-Apr-18,65.252998,65.440002,65.184998,65.190002,65.190002
13-Apr-18,65.280502,65.449997,65.178001,65.275703,65.275703
16-Apr-18,65.245499,65.669998,65.209999,65.195602,65.195602
17-Apr-18,65.460503,65.93,65.379997,65.429298,65.429298
18-Apr-18,65.670502,65.910004,65.57,65.675003,65.675003
19-Apr-18,65.710503,66.129997,65.710297,66.010002,66.010002
20-Apr-18,65.862999,66.349998,65.862999,66.114799,66.114799
23-Apr-18,66.2005,66.779999,66.139999,66.196899,66.196899
24-Apr-18,66.5205,66.533302,66.260002,66.544998,66.544998
25-Apr-18,66.400497,67.120003,66.379997,66.414101,66.414101
26-Apr-18,66.910301,66.940002,66.656303,66.9077,66.9077
27-Apr-18,66.797997,67.040001,66.594803,66.900002,66.900002
30-Apr-18,66.610497,66.610497,66.199997,66.610001,66.610001
1-May-18,66.450302,66.845001,66.449997,66.449997,66.449997
2-May-18,66.453003,67.029999,66.453003,66.788696,66.788696
3-May-18,66.800003,67.040001,66.330002,67.080002,67.080002
4-May-18,66.6605,66.93,66.580002,66.660004,66.660004
7-May-18,66.813004,67.470001,66.75,66.810501,66.810501
8-May-18,67.130501,67.330002,66.959999,67.118797,67.118797
9-May-18,67.160301,67.519997,67.160004,67.162498,67.162498
10-May-18,67.3405,67.599998,67.120003,67.620003,67.620003
11-May-18,67.235497,67.540001,67.07,67.389999,67.389999
14-May-18,67.350502,67.760002,67.190002,67.382202,67.382202
15-May-18,67.553001,68.32,67.468002,67.678001,67.678001
16-May-18,68.072998,68.480003,67.75,68.459999,68.459999
17-May-18,67.767998,68.059998,67.57,68.059998,68.059998
18-May-18,67.758003,68.419998,67.720001,68.139999,68.139999
21-May-18,67.983002,68.540001,67.978302,67.974998,67.974998
22-May-18,68.108002,68.400002,67.93,68.400002,68.400002
23-May-18,68.013,68.510002,68.010002,68.43,68.43
24-May-18,68.310303,68.404999,68.260002,68.650002,68.650002
25-May-18,68.2603,68.305,67.660004,68.260101,68.260101
28-May-18,67.723,67.723,67.239998,67.721703,67.721703
29-May-18,67.390503,67.989998,67.370003,67.402802,67.402802
30-May-18,67.830498,68.139999,67.370003,68.129997,68.129997
31-May-18,67.430298,67.769997,67.300003,67.43,67.43
1-Jun-18,67.420502,67.485001,66.919998,67.434998,67.434998
4-Jun-18,66.987999,67.32,66.870003,66.925003,66.925003
5-Jun-18,67.060303,67.300003,67,67.059998,67.059998
6-Jun-18,67.093002,67.138,66.790001,67.089996,67.089996
7-Jun-18,66.830498,67.470001,66.790001,66.830101,66.830101
8-Jun-18,67.410301,67.879997,67.300003,67.410004,67.410004
11-Jun-18,67.5205,67.849998,67.309998,67.510002,67.510002
12-Jun-18,67.462997,67.68,67.349998,67.489998,67.489998
13-Jun-18,67.473,67.910004,67.459999,67.910004,67.910004
14-Jun-18,67.638,67.800003,67.449997,67.779999,67.779999
15-Jun-18,67.682999,68.379997,67.68,68.129997,68.129997
18-Jun-18,68.053001,68.510002,67.949997,68.050003,68.050003
19-Jun-18,68.032997,68.68,67.970001,68.010002,68.010002
20-Jun-18,68.303001,68.303001,67.919998,68.050003,68.050003
21-Jun-18,68.053001,68.449997,67.739998,68.349998,68.349998
22-Jun-18,67.938004,67.938004,67.690002,67.830002,67.830002
25-Jun-18,67.860497,68.32,67.849998,67.854897,67.854897
26-Jun-18,68.108002,68.449997,68.050003,68.339996,68.339996
27-Jun-18,68.360497,68.900002,68.300003,68.364998,68.364998
28-Jun-18,68.920799,69.209999,68.699997,69.239998,69.239998
29-Jun-18,68.830498,68.889999,68.385002,68.7967,68.7967
2-Jul-18,68.4505,69.07,68.370003,68.434998,68.434998
3-Jul-18,68.710503,68.949997,68.5,68.694801,68.694801
4-Jul-18,68.540497,68.959999,68.400002,68.830002,68.830002
5-Jul-18,68.682999,69.205002,68.529999,68.980003,68.980003
6-Jul-18,68.873001,69.050003,68.709999,69.07,69.07
9-Jul-18,68.795502,68.795601,68.480003,68.754997,68.754997
10-Jul-18,68.660301,68.910004,68.610001,68.659798,68.659798
11-Jul-18,68.748001,69.099998,68.639999,68.900002,68.900002
12-Jul-18,68.723,69.07,68.25,68.720001,68.720001
13-Jul-18,68.483002,68.720001,68.25,68.540001,68.540001
16-Jul-18,68.492996,68.709999,68.389999,68.486702,68.486702
17-Jul-18,68.542999,68.730003,68.25,68.720001,68.720001
18-Jul-18,68.356003,68.633003,68.309998,68.356003,68.356003
19-Jul-18,68.617996,69.220001,68.470001,68.615501,68.615501
20-Jul-18,68.935097,69.129997,68.690002,68.935097,68.935097
23-Jul-18,68.733002,68.970001,68.620003,68.733299,68.733299
24-Jul-18,68.837997,69.239998,68.809998,69.199997,69.199997
25-Jul-18,68.940002,69.019997,68.639999,68.809998,68.809998
26-Jul-18,68.723,68.919998,68.589996,68.839996,68.839996
27-Jul-18,68.653,68.764999,68.529999,68.739998,68.739998
30-Jul-18,68.595497,68.940002,68.550003,68.614998,68.614998
31-Jul-18,68.598,68.714996,68.459999,68.684998,68.684998
1-Aug-18,68.4505,68.617996,68.300003,68.496803,68.496803
2-Aug-18,68.3405,68.705002,68.209999,68.307098,68.307098
3-Aug-18,68.617996,69.029999,68.419998,68.615501,68.615501
6-Aug-18,68.5355,68.877998,68.309998,68.504997,68.504997
7-Aug-18,68.810303,68.925003,68.610001,68.809998,68.809998
8-Aug-18,68.620499,68.870003,68.550003,68.596001,68.596001
9-Aug-18,68.653,68.769997,68.455002,68.455002,68.455002
10-Aug-18,68.752998,69.080002,68.752998,69.099998,69.099998
13-Aug-18,68.883003,70.07,68.879997,69.084999,69.084999
14-Aug-18,69.949097,70.099998,69.708,69.949097,69.949097
15-Aug-18,69.950302,70.889999,69.913002,69.949997,69.949997
16-Aug-18,70.660004,70.720001,69.93,70.660004,70.660004
17-Aug-18,70.004997,70.339996,69.860001,70.004997,70.004997
20-Aug-18,70.093002,70.093002,69.580002,69.785004,69.785004
21-Aug-18,69.813004,70.029999,69.528,69.739998,69.739998
22-Aug-18,69.805,69.970001,69.790001,69.809998,69.809998
23-Aug-18,69.860298,70.163002,69.860298,69.790001,69.790001
24-Aug-18,70.275002,70.275002,69.709999,70.275002,70.275002
27-Aug-18,69.962997,70.349998,69.709999,69.764999,69.764999
28-Aug-18,69.945,70.449997,69.93,69.945,69.945
29-Aug-18,70.093002,70.650002,70.089996,70.540001,70.540001
30-Aug-18,70.528,71.190002,70.528,70.910004,70.910004
31-Aug-18,70.735001,71.150002,70.68,71.404999,71.404999
3-Sep-18,70.998001,71.220001,70.709999,70.995003,70.995003
4-Sep-18,71.208,71.919998,71.087997,71.07,71.07
5-Sep-18,71.578003,71.980003,71.279999,71.75,71.75
6-Sep-18,71.748001,72.150002,71.43,71.889999,71.889999
7-Sep-18,71.940498,72.002998,71.639999,71.938904,71.938904
10-Sep-18,71.782997,72.68,71.782997,72.095001,72.095001
11-Sep-18,72.447998,72.809998,72.169998,72.445,72.445
12-Sep-18,72.633003,72.989998,71.82,72.989998,72.989998
13-Sep-18,71.93,72.160004,71.5,71.925201,71.925201
14-Sep-18,72.029999,72.150002,71.510002,72.027496,72.027496
17-Sep-18,71.873001,72.669998,71.873001,72.095001,72.095001
18-Sep-18,72.530502,72.93,72.349998,72.534798,72.534798
19-Sep-18,72.703003,72.860001,72.050003,73.120003,73.120003
20-Sep-18,72.350502,72.350502,71.760002,72.345001,72.345001
21-Sep-18,72.008003,72.422997,71.699997,71.720001,71.720001
24-Sep-18,72.233002,72.790001,72.230003,72.230003,72.230003
25-Sep-18,72.663002,73.25,72.550003,73.300003,73.300003
26-Sep-18,72.678001,72.980003,72.510002,73.089996,73.089996
27-Sep-18,72.593002,72.75,72.339996,72.769997,72.769997
28-Sep-18,72.563004,72.949997,72.425003,72.949997,72.949997
1-Oct-18,72.500504,73.290001,72.500504,72.504997,72.504997
2-Oct-18,72.915001,73.75,72.915001,73.754997,73.754997
3-Oct-18,72.917999,73.480003,72.910004,73.279999,73.279999
4-Oct-18,73.337997,73.889999,73.337997,73.849998,73.849998
5-Oct-18,73.623001,74.610001,73.458,74.220001,74.220001
8-Oct-18,73.763,74.160004,73.761497,73.763,73.763
9-Oct-18,74.057999,74.43,73.739998,73.889999,73.889999
10-Oct-18,74.330498,74.620003,74.040001,74.550003,74.550003
11-Oct-18,74.699997,74.900002,73.739998,74.599998,74.599998
12-Oct-18,74.042999,74.042999,73.510002,74.160004,74.160004
15-Oct-18,73.602997,74.389999,73.602997,73.676003,73.676003
16-Oct-18,73.760498,73.949997,73.220001,74.080002,74.080002
17-Oct-18,73.458,73.699997,73.239998,73.455498,73.455498
18-Oct-18,73.593002,73.709999,73.440002,73.919998,73.919998
19-Oct-18,73.523003,73.68,73.269997,74.160004,74.160004
22-Oct-18,73.367996,73.839996,73.190002,73.464996,73.464996
23-Oct-18,73.550499,73.919998,73.419998,73.859497,73.859497
24-Oct-18,73.220001,73.459999,73.029999,73.221298,73.221298
25-Oct-18,73.220497,73.455002,72.589996,73.220497,73.220497
26-Oct-18,73.220497,73.459999,73.199997,73.2202,73.2202
29-Oct-18,73.125,73.720001,73.125,73.125,73.125
30-Oct-18,73.590599,73.949997,73.392998,73.590599,73.590599
31-Oct-18,73.650002,74.25,73.57,73.650002,73.650002
1-Nov-18,74.07,74.075104,73.050003,74.07,74.07
2-Nov-18,73.079498,73.199997,72.432999,73.309998,73.309998
5-Nov-18,72.904999,73.330002,72.432999,72.904999,72.904999
6-Nov-18,72.860001,73.120003,72.779999,72.860001,72.860001
7-Nov-18,73.230003,73.230003,72.199997,73.230003,73.230003
8-Nov-18,72.379997,72.589996,72.099998,72.379997,72.379997
9-Nov-18,72.370003,72.900002,72.370003,72.900002,72.900002
12-Nov-18,72.470001,73.080002,72.470001,72.470001,72.470001
13-Nov-18,72.849998,72.949997,72.300003,73.18,73.18
14-Nov-18,72.605003,72.608002,71.970001,72.550003,72.550003
15-Nov-18,72.300499,72.303001,71.830002,72.400002,72.400002
16-Nov-18,71.892197,72.129997,71.723,71.891701,71.891701
19-Nov-18,71.775002,72.110001,71.309998,71.775002,71.775002
20-Nov-18,71.5951,71.620102,71.269997,71.690002,71.690002
21-Nov-18,71.415001,71.422997,71.040001,71.415001,71.415001
22-Nov-18,71.294998,71.295601,70.610001,71.294998,71.294998
23-Nov-18,70.834999,70.849998,70.339996,70.834999,70.834999
26-Nov-18,70.669998,70.870003,70.279999,70.669998,70.669998
27-Nov-18,70.809799,70.988998,70.718002,70.809998,70.809998
28-Nov-18,70.879997,71.040001,70.510002,70.879997,70.879997
29-Nov-18,70.630501,70.6306,69.720001,70.599998,70.599998
30-Nov-18,69.7705,69.870003,69.580002,69.919998,69.919998
3-Dec-18,69.760002,70.489998,69.759003,69.760002,69.760002
4-Dec-18,70.485001,70.68,70.334999,70.485001,70.485001
5-Dec-18,70.629997,70.709999,70.339996,70.629997,70.629997
6-Dec-18,70.870003,71.139999,70.553001,70.870003,70.870003
7-Dec-18,70.764999,71.32,70.43,70.75,70.75
10-Dec-18,71.364998,72.699997,70.852997,71.364998,71.364998
11-Dec-18,72.489998,72.492996,71.690002,72.730003,72.730003
12-Dec-18,72.290497,72.339996,71.767998,72.620003,72.620003
13-Dec-18,71.830002,71.830498,71.43,72.150002,72.150002
14-Dec-18,71.519997,72.169998,71.519997,71.546997,71.546997
17-Dec-18,71.910004,71.9105,71.5,71.910004,71.910004
18-Dec-18,71.589996,71.620003,70.43,71.589996,71.589996
19-Dec-18,70.57,70.57,69.888,70.57,70.57
20-Dec-18,70.685402,70.693001,69.650002,70.685501,70.685501
21-Dec-18,70.300003,70.309998,69.760002,70.300003,70.300003
24-Dec-18,70.139999,70.279999,69.839996,70.139999,70.139999
25-Dec-18,70.110001,70.25,70,70.239998,70.239998
26-Dec-18,70.239998,70.239998,69.75,70.239998,70.239998
27-Dec-18,70.150002,70.400002,70.059998,70.150002,70.150002
28-Dec-18,69.989998,70.352997,69.870003,69.989998,69.989998
31-Dec-18,69.922501,69.925003,69.470001,69.922501,69.922501
1-Jan-19,69.709999,69.730003,69.43,69.709999,69.709999
2-Jan-19,69.443001,70.233002,69.443001,69.709999,69.709999
3-Jan-19,69.959999,70.510002,69.959999,69.959999,69.959999
4-Jan-19,70.100502,70.130302,69.599998,70.300003,70.300003
7-Jan-19,69.525002,69.919998,69.080002,69.525002,69.525002
8-Jan-19,69.809998,70.234001,69.720001,69.809998,69.809998
9-Jan-19,70.125,70.629997,70.010002,70.330002,70.330002
10-Jan-19,70.550499,70.639999,70.32,70.550499,70.550499
11-Jan-19,70.410004,70.57,70.349998,70.720001,70.720001
14-Jan-19,70.370003,70.938004,70.269997,70.370003,70.370003
15-Jan-19,71.084999,71.139999,70.690002,71.084999,71.084999
16-Jan-19,71.092499,71.25,70.93,71.092499,71.092499
17-Jan-19,71.364998,71.57,70.970497,71.364998,71.364998
18-Jan-19,71.029999,71.260002,70.980003,71.030197,71.030197
21-Jan-19,71.230003,71.529999,71.129997,71.230003,71.230003
22-Jan-19,71.184998,71.447998,71.07,71.5,71.5
23-Jan-19,71.230202,71.360001,71.097801,71.230202,71.230202
24-Jan-19,71.157303,71.300003,70.940002,71.157303,71.157303
25-Jan-19,70.989998,71.223,70.884003,70.989998,70.989998
28-Jan-19,70.974998,71.190002,70.860001,70.974998,70.974998
29-Jan-19,71.090103,71.453003,71.019997,71.090103,71.090103
30-Jan-19,71.422501,71.550003,71.108002,71.620003,71.620003
31-Jan-19,71.120003,71.230003,70.839996,71.120003,71.120003
1-Feb-19,70.949997,71.480003,70.919998,71.199997,71.199997
4-Feb-19,71.451698,71.900002,71.400002,71.451698,71.451698
5-Feb-19,71.684998,71.809998,71.510002,71.684998,71.684998
6-Feb-19,71.769997,71.769997,71.449997,71.769997,71.769997
7-Feb-19,71.540497,71.879997,71.269997,71.540497,71.540497
8-Feb-19,71.580002,71.580002,71.019997,71.580002,71.580002
11-Feb-19,71.150002,71.300003,71.0345,71.150002,71.150002
12-Feb-19,71.230003,71.240997,70.559998,71.230003,71.230003
13-Feb-19,70.674599,70.879997,70.389999,70.809998,70.809998
14-Feb-19,70.865097,71.239998,70.788002,70.865097,70.865097
15-Feb-19,71.010002,71.459999,71,71.010002,71.010002
18-Feb-19,71.32,71.510002,71.269997,71.32,71.32
19-Feb-19,71.376503,71.610001,71.239998,71.699997,71.699997
20-Feb-19,71.305,71.330002,70.931999,71.599998,71.599998
21-Feb-19,71.049004,71.233002,70.93,71.300003,71.300003
22-Feb-19,71.184998,71.230003,71.019997,71.184998,71.184998
25-Feb-19,71.027496,71.150002,70.814903,71.030998,71.030998
26-Feb-19,70.824501,71.43,70.801498,71.089996,71.089996
27-Feb-19,70.940002,71.480003,70.919998,70.940002,70.940002
28-Feb-19,71.215302,71.592499,70.703499,71.190002,71.190002
1-Mar-19,70.816002,71.059998,70.688301,70.816002,70.816002
4-Mar-19,70.989998,71.199997,70.739502,70.989998,70.989998
5-Mar-19,70.900002,70.976501,70.397003,70.900002,70.900002
6-Mar-19,70.480003,70.683502,70.020203,70.7425,70.7425
7-Mar-19,70.070503,70.141502,69.782997,70.364998,70.364998
8-Mar-19,70.487503,70.487503,69.775299,70.487503,70.487503
11-Mar-19,69.9869,70.023499,69.792,69.9869,69.9869
12-Mar-19,69.7901,69.790298,69.481499,69.7901,69.7901
13-Mar-19,69.615501,69.814499,69.414001,69.845001,69.845001
14-Mar-19,69.726303,69.726303,69.313004,69.726303,69.726303
15-Mar-19,69.337303,69.627502,68.915001,69.337303,69.337303
18-Mar-19,68.953003,69.239998,68.455002,68.953003,68.953003
19-Mar-19,68.614998,69.171501,68.350502,68.617996,68.617996
20-Mar-19,69.007599,69.317497,68.741501,69.317497,69.317497
21-Mar-19,68.780502,68.782997,68.43,68.824997,68.824997
22-Mar-19,68.800499,69.251503,68.547997,68.93,68.93
25-Mar-19,69.160599,69.185997,68.790001,69.1605,69.1605
26-Mar-19,68.923401,69.301498,68.634003,68.923401,68.923401
27-Mar-19,68.986,69.195801,68.769997,69.427498,69.427498
28-Mar-19,69.089996,69.357002,68.914001,69.370003,69.370003
29-Mar-19,69.181503,69.348999,69.039001,69.5,69.5
1-Apr-19,69.43,69.610001,69.18,69.43,69.43
2-Apr-19,69.195503,69.529999,68.739899,69.195297,69.195297
3-Apr-19,68.9105,69.205002,68.377998,68.910202,68.910202
4-Apr-19,68.443001,69.43,68.440002,68.849998,68.849998
5-Apr-19,68.970497,69.327499,68.939003,68.970398,68.970398
8-Apr-19,69.1605,69.769997,69.1605,69.160004,69.160004
9-Apr-19,69.547997,69.714996,69.248001,69.552498,69.552498
10-Apr-19,69.261497,69.364799,69.081001,69.261803,69.261803
11-Apr-19,69.140503,69.495003,68.830002,69.140198,69.140198
12-Apr-19,69.013,69.43,69.010002,69.43,69.43
15-Apr-19,69.182999,69.624496,68.924004,69.161003,69.161003
16-Apr-19,69.388,69.658997,69.3815,69.809998,69.809998
17-Apr-19,69.523003,69.661003,69.333,69.885002,69.885002
18-Apr-19,69.401001,69.616997,69.355003,69.401001,69.401001
19-Apr-19,69.388,69.754997,69.294998,69.380997,69.380997
22-Apr-19,69.388,69.914497,69.360001,69.360001,69.360001
23-Apr-19,69.690002,69.834,69.429001,70.0625,70.0625
24-Apr-19,69.760498,69.988998,69.662003,69.758003,69.758003
25-Apr-19,69.953003,70.477501,69.916,70.095802,70.095802
26-Apr-19,70.1605,70.540001,69.764297,70.160004,70.160004
29-Apr-19,69.843002,70.050003,69.765503,69.842003,69.842003
30-Apr-19,69.855003,69.920998,69.529999,69.811798,69.811798
1-May-19,69.637497,69.928497,69.438004,69.556,69.556
2-May-19,69.637497,69.649002,69.289001,69.632896,69.632896
3-May-19,69.424301,69.769997,69.0625,69.4244,69.4244
6-May-19,69.087997,69.467003,69.087997,69.167999,69.167999
7-May-19,69.403,69.660004,69.262001,69.400299,69.400299
8-May-19,69.602997,69.910004,69.439003,69.910004,69.910004
9-May-19,69.726997,70.285004,69.683998,70.010002,70.010002
10-May-19,70.193001,70.410004,69.753998,70.410004,70.410004
13-May-19,70.008003,70.636497,69.921501,69.922501,69.922501
14-May-19,70.616997,70.959999,70.240997,70.616997,70.616997
15-May-19,70.306999,70.419502,70.166,70.306999,70.306999
16-May-19,70.2136,70.327499,69.915001,70.209198,70.209198
17-May-19,70.227097,70.303001,70.074997,70.235001,70.235001
20-May-19,70.273003,70.281502,69.260002,70.281502,70.281502
21-May-19,69.601997,70.127502,69.599297,70.127502,70.127502
22-May-19,null,null,null,null,null
23-May-19,69.642998,70.190002,69.344398,69.972504,69.972504
24-May-19,69.657997,69.945,69.357498,69.945,69.945
27-May-19,69.373001,69.6119,69.309998,69.360001,69.360001
28-May-19,69.492996,69.728996,69.464996,69.720001,69.720001
29-May-19,69.875,69.998001,69.570999,69.875,69.875
30-May-19,69.815201,70.059998,69.605499,69.815002,69.815002
31-May-19,69.804001,69.980003,69.5858,69.980003,69.980003
3-Jun-19,69.570503,69.570503,69.124001,69.569603,69.569603
4-Jun-19,69.161598,69.378998,69.014,69.161903,69.161903
5-Jun-19,69.283997,69.559998,69.167999,69.559998,69.559998
6-Jun-19,69.390198,69.625,68.905998,69.625,69.625
7-Jun-19,69.360001,69.556999,68.973999,69.360001,69.360001
10-Jun-19,69.348,69.648003,69.120003,69.345001,69.345001
11-Jun-19,69.509003,69.739998,69.348,69.523499,69.523499
12-Jun-19,69.389,69.650002,69.252998,69.386497,69.386497
13-Jun-19,69.699997,69.699997,69.306999,69.699997,69.699997
14-Jun-19,69.557999,69.842003,69.503998,69.800003,69.800003
17-Jun-19,69.825996,70.044998,69.749001,69.7705,69.7705
18-Jun-19,69.817001,70.112503,69.446999,70.112503,70.112503
19-Jun-19,69.600502,69.806,69.478996,69.764999,69.764999
20-Jun-19,69.640503,69.870003,69.331001,69.870003,69.870003
21-Jun-19,69.510002,69.779999,69.502998,69.779999,69.779999
24-Jun-19,69.608002,69.667503,69.291,69.569901,69.569901
25-Jun-19,69.259003,69.602501,69.219002,69.602501,69.602501
26-Jun-19,69.637497,69.769997,69.098999,69.637497,69.637497
27-Jun-19,69.602501,69.615501,68.999001,69.602501,69.602501
28-Jun-19,69.324997,69.324997,68.869003,69.324997,69.324997
1-Jul-19,68.940498,69.074997,68.820999,68.940498,68.940498
2-Jul-19,68.877998,69.167503,68.863998,69.167503,69.167503
3-Jul-19,68.883003,69.082497,68.779503,69.082497,69.082497
4-Jul-19,68.786003,69.0075,68.482002,69.0075,69.0075
5-Jul-19,68.739998,68.769997,68.389,68.739998,68.739998
8-Jul-19,68.443001,68.839996,68.440002,68.440002,68.440002
9-Jul-19,68.558998,68.849998,68.507004,68.849998,68.849998
10-Jul-19,68.555496,68.764999,68.292503,68.764999,68.764999
11-Jul-19,68.508102,68.529999,68.202301,68.367599,68.367599
12-Jul-19,68.443001,68.682999,68.356499,68.669998,68.669998
15-Jul-19,68.550499,68.591003,68.301498,68.550301,68.550301
16-Jul-19,68.532997,68.75,68.505997,68.747498,68.747498
17-Jul-19,68.681297,68.894997,68.603996,68.894997,68.894997
18-Jul-19,68.785896,69.012497,68.700302,68.786003,68.786003
19-Jul-19,68.785301,68.934502,68.601501,68.849998,68.849998
22-Jul-19,68.852997,69.205002,68.830002,68.830002,68.830002
23-Jul-19,69.160004,69.192497,68.900002,69.160004,69.160004
24-Jul-19,69.019997,69.349998,68.9226,69.019997,69.019997
25-Jul-19,68.981102,69.184998,68.882797,69.184998,69.184998
26-Jul-19,69.153,69.357498,68.816002,69.150497,69.150497
29-Jul-19,68.870499,68.957001,68.709999,68.870003,68.870003
30-Jul-19,68.748001,68.949997,68.660004,68.949997,68.949997
31-Jul-19,69.077499,69.077499,68.755997,69.077499,69.077499
1-Aug-19,68.999901,69.404999,68.866997,69.404999,69.404999
2-Aug-19,69.296997,69.800003,69.0075,69.297203,69.297203
5-Aug-19,69.693001,71.186996,69.657898,69.656898,69.656898
6-Aug-19,71.519997,71.519997,70.495003,71.519997,71.519997
7-Aug-19,71.032997,71.404503,70.592499,71.230003,71.230003
8-Aug-19,71.165199,71.205002,70.396004,71.1651,71.1651
9-Aug-19,70.487,71.061501,70.447998,70.470901,70.470901
12-Aug-19,70.917,71.362503,70.910004,71.035004,71.035004
13-Aug-19,71.276001,71.580002,70.739998,71.580002,71.580002
14-Aug-19,71.110298,71.5625,70.809998,71.080002,71.080002
15-Aug-19,71.267998,71.900002,71.267998,71.635201,71.635201
16-Aug-19,71.803001,71.803001,71.008003,71.720001,71.720001
19-Aug-19,71.148003,71.579498,71.035004,71.132004,71.132004
20-Aug-19,71.444,71.995003,71.441002,71.995003,71.995003
21-Aug-19,71.542,71.809998,71.334,71.809998,71.809998
22-Aug-19,71.429497,72.019997,71.392998,71.437798,71.437798
23-Aug-19,72.264999,72.264999,71.406502,71.920403,71.920403
26-Aug-19,71.504997,72.334999,71.502502,71.502502,71.502502
27-Aug-19,72.0103,72.160004,71.370003,72.160004,72.160004
28-Aug-19,71.535301,71.894997,71.455002,71.535004,71.535004
29-Aug-19,71.819298,72.093498,71.620003,72.084999,72.084999
30-Aug-19,71.680298,71.977501,71.376999,71.680199,71.680199
2-Sep-19,71.445999,72.007797,71.445999,71.729897,71.729897
3-Sep-19,71.959503,72.620003,71.730003,71.962097,71.962097
4-Sep-19,72.1605,72.459999,71.887001,72.459999,72.459999
5-Sep-19,71.958,72.269997,71.771004,71.955704,71.955704
6-Sep-19,71.923302,72.220001,71.475998,72.220001,72.220001
9-Sep-19,71.638,71.714996,71.487801,71.669998,71.669998
10-Sep-19,72.092499,72.110001,71.734001,72.092499,72.092499
11-Sep-19,71.865501,72.18,71.593002,71.859001,71.859001
12-Sep-19,71.560303,71.832497,70.863998,71.560097,71.560097
13-Sep-19,70.963997,71.285004,70.858002,71.285004,71.285004
16-Sep-19,70.977997,71.6483,70.977997,71.020699,71.020699
17-Sep-19,71.572998,72.322304,71.355003,71.7491,71.7491
18-Sep-19,71.483002,71.709999,71.083,71.709999,71.709999
19-Sep-19,71.138,71.542503,71.054497,71.542503,71.542503
20-Sep-19,71.382896,71.717499,70.712303,71.717499,71.717499
23-Sep-19,71.068001,71.227501,70.768204,71.191597,71.191597
24-Sep-19,71.019997,71.029999,70.719803,70.789597,70.789597
25-Sep-19,70.958298,71.324997,70.934799,71.285004,71.285004
26-Sep-19,70.981003,71.309998,70.831497,71.309998,71.309998
27-Sep-19,70.953003,71.214996,70.365997,71.214996,71.214996
30-Sep-19,70.500999,70.875504,70.375298,70.498703,70.498703
1-Oct-19,70.638,71.241501,70.606499,70.922501,70.922501
2-Oct-19,71.099998,71.542999,71.005501,71.099998,71.099998
3-Oct-19,71.140503,71.415001,70.867996,71.141602,71.141602
4-Oct-19,71.023003,71.25,70.762497,71.019997,71.019997
7-Oct-19,70.818001,71.091499,70.815002,70.815002,70.815002
8-Oct-19,70.968002,71.360001,70.828003,71.360001,71.360001
9-Oct-19,71.212997,71.574997,70.948997,71.209999,71.209999
10-Oct-19,71.112999,71.410004,70.882004,71.410004,71.410004
11-Oct-19,71.199997,71.199997,70.759003,70.980003,70.980003
14-Oct-19,70.917,71.249496,70.731499,70.914001,70.914001
15-Oct-19,71.228996,71.583,71.124001,71.452499,71.452499
16-Oct-19,71.760002,71.760002,71.364502,71.760002,71.760002
17-Oct-19,71.354401,71.620003,71.07,71.620003,71.620003
18-Oct-19,71.123001,71.422501,70.966003,71.422501,71.422501
21-Oct-19,71.083,71.346001,70.745499,71.029999,71.029999
22-Oct-19,71.105003,71.105003,70.7575,71.105003,71.105003
23-Oct-19,71.074997,71.175003,70.708,71.074997,71.074997
24-Oct-19,70.932503,71.072998,70.699501,70.714996,70.714996
25-Oct-19,70.958,71.190002,70.751503,71.190002,71.190002
28-Oct-19,70.830002,70.877502,70.6726,70.830002,70.830002
29-Oct-19,70.7351,70.898003,70.68,70.735001,70.735001
30-Oct-19,70.8843,71.050003,70.728996,70.884598,70.884598
31-Oct-19,70.989998,71.139,70.676498,70.989998,70.989998
1-Nov-19,71.272499,71.272499,70.538002,70.970001,70.970001
4-Nov-19,70.5121,70.815002,70.471497,70.5121,70.5121
5-Nov-19,71,71,70.614304,71,71
6-Nov-19,70.894997,71.097,70.649002,70.894997,70.894997
7-Nov-19,71.2575,71.2575,70.874802,71,71
8-Nov-19,71.307999,71.470001,71.268501,71.376503,71.376503
11-Nov-19,71.349998,71.613998,71.233002,71.376503,71.376503
12-Nov-19,71.747498,71.778999,71.494301,71.573997,71.573997
13-Nov-19,71.780098,72.191498,71.637001,71.779999,71.779999
14-Nov-19,72.141602,72.360001,71.827003,72.141502,72.141502
15-Nov-19,71.955597,72.172501,71.586502,71.955803,71.955803
18-Nov-19,71.625,71.939003,71.572998,71.705803,71.705803
19-Nov-19,71.934998,72.169998,71.617302,71.935097,71.935097
20-Nov-19,72.07,72.07,71.653999,71.850998,71.850998
21-Nov-19,71.980003,71.980003,71.693802,71.768204,71.768204
22-Nov-19,71.740097,71.942497,71.639,71.740501,71.740501
25-Nov-19,71.7826,71.864998,71.611504,71.7826,71.7826
26-Nov-19,71.679398,71.809998,71.421997,71.679497,71.679497
27-Nov-19,71.429497,71.580002,71.219803,71.428398,71.428398
28-Nov-19,71.227798,71.75,71.227699,71.228104,71.228104
29-Nov-19,71.547401,71.875504,71.498001,71.547401,71.547401
2-Dec-19,71.738998,71.808998,71.573997,71.723,71.723
3-Dec-19,71.625099,71.808998,71.499001,71.625,71.625
4-Dec-19,71.730698,71.959999,71.469002,71.959999,71.959999
5-Dec-19,71.480003,71.639999,71.1791,71.480103,71.480103
6-Dec-19,71.229897,71.431999,71.195,71.385002,71.385002
9-Dec-19,71.272903,71.275002,71.008499,71.286797,71.286797
10-Dec-19,70.960098,71.150002,70.780998,70.960197,70.960197
11-Dec-19,70.822304,71.010002,70.653,71.010002,71.010002
12-Dec-19,70.729202,70.93,70.516998,70.729301,70.729301
13-Dec-19,70.709999,70.853996,70.471001,70.559898,70.559898
16-Dec-19,70.679497,71.028,70.666496,70.689003,70.689003
17-Dec-19,70.920502,71.091003,70.848,70.920502,70.920502
18-Dec-19,71.025597,71.264503,70.871002,71.214996,71.214996
19-Dec-19,70.989998,71.364998,70.872002,70.989899,70.989899
20-Dec-19,71.222702,71.425003,71.033997,71.222702,71.222702
23-Dec-19,71.050003,71.290497,71.033997,71.024002,71.024002
24-Dec-19,71.209999,71.410004,71.142303,71.210701,71.210701
25-Dec-19,71.459999,71.459999,71.1875,71.459999,71.459999
26-Dec-19,71.335999,71.540001,71.2005,71.540001,71.540001
27-Dec-19,71.459999,71.561996,71.190002,71.300301,71.300301
30-Dec-19,71.410004,71.5,71.252998,71.313004,71.313004
31-Dec-19,71.310997,71.537498,71.134804,71.310997,71.310997
1-Jan-20,71.275803,71.43,71.029999,71.275803,71.275803
2-Jan-20,71.025002,71.405502,71.025002,71.025002,71.025002
3-Jan-20,71.415001,71.995003,71.229797,71.415001,71.415001
6-Jan-20,71.720001,72.190002,71.703003,71.731003,71.731003
7-Jan-20,72.019997,72.0326,71.668999,71.787003,71.787003
8-Jan-20,72.160004,72.5,71.344498,72.160004,72.160004
9-Jan-20,71.629997,71.629997,71.101997,71.411903,71.411903
10-Jan-20,71.392502,71.392502,70.829002,71.194298,71.194298
13-Jan-20,70.953003,70.989998,70.648003,70.953003,70.953003
14-Jan-20,70.718903,70.952499,70.606499,70.718903,70.718903
15-Jan-20,71.105003,71.105003,70.660004,70.8451,70.8451
16-Jan-20,70.932503,71.099998,70.661499,70.718002,70.718002
17-Jan-20,71.162498,71.162498,70.835999,70.945602,70.945602
20-Jan-20,71.033699,71.25,70.720001,71.034698,71.034698
21-Jan-20,71.2425,71.370003,71.029999,71.030998,71.030998
22-Jan-20,71.204002,71.415001,71.066498,71.169998,71.169998
23-Jan-20,71.07,71.452499,71.07,71.078102,71.078102
24-Jan-20,71.322197,71.510002,71.208504,71.320999,71.320999
27-Jan-20,71.32,71.635002,71.32,71.324997,71.324997
28-Jan-20,71.654999,71.654999,71.178001,71.440002,71.440002
29-Jan-20,71.230103,71.425003,71.168503,71.2304,71.2304
30-Jan-20,71.300003,71.711998,71.300003,71.300003,71.300003
31-Jan-20,71.639999,71.639999,71.277496,71.639999,71.639999
3-Feb-20,71.544998,71.699997,71.265503,71.496498,71.496498
4-Feb-20,71.314102,71.514999,71.084999,71.314102,71.314102
5-Feb-20,71.100403,71.279999,71.099899,71.099998,71.099998
6-Feb-20,71.181,71.397499,71.121002,71.18,71.18
7-Feb-20,71.470001,71.570999,71.177498,71.470001,71.470001
10-Feb-20,71.504997,71.508003,71.259003,71.515503,71.515503
11-Feb-20,71.470001,71.470001,71.171501,71.279999,71.279999
12-Feb-20,71.275497,71.474998,71.064003,71.275299,71.275299
13-Feb-20,71.296501,71.491898,71.235802,71.296204,71.296204
14-Feb-20,71.268501,71.596001,71.256401,71.268501,71.268501
17-Feb-20,71.5177,71.5177,71.268997,71.514801,71.514801
18-Feb-20,71.349297,71.613503,71.330002,71.349197,71.349197
19-Feb-20,71.790001,71.815002,71.420998,71.574997,71.574997
20-Feb-20,71.632896,71.919502,71.547401,71.827499,71.827499
21-Feb-20,72.110001,72.110001,71.669998,72.110001,72.110001
24-Feb-20,71.870003,72.355003,71.766998,71.886803,71.886803
25-Feb-20,72.0467,72.294998,71.593002,72.0467,72.0467
26-Feb-20,71.870003,72.137497,71.525597,71.870003,71.870003
27-Feb-20,71.663399,71.952499,71.535004,71.663399,71.663399
28-Feb-20,71.93,72.815002,71.627502,71.93,71.93
2-Mar-20,72.528999,73.387497,71.952499,72.150002,72.150002
3-Mar-20,72.4235,73.599998,72.342499,72.824997,72.824997
4-Mar-20,73.342003,74.037498,72.894997,73.342003,73.342003
5-Mar-20,74.042503,74.080002,73.050003,74.042503,74.042503
6-Mar-20,73.855103,74.440002,73.496498,73.855103,73.855103
9-Mar-20,73.9953,75.0625,73.862503,73.9953,73.9953
10-Mar-20,75.144997,75.144997,73.735497,74.405998,74.405998
11-Mar-20,74.205002,74.404999,73.404503,74.205002,74.205002
12-Mar-20,74.760002,75.379997,73.994499,74.760002,74.760002
13-Mar-20,74.436096,75.434998,73.699501,75.300003,75.300003
16-Mar-20,73.830002,75.122498,73.7575,73.903999,73.903999
17-Mar-20,75.154999,75.154999,73.580002,75.154999,75.154999
18-Mar-20,74.012398,74.989502,73.705002,74.012398,74.012398
19-Mar-20,74.982002,75.571999,74.411003,74.982002,74.982002
20-Mar-20,76.120003,76.230003,74.154999,75.159698,75.159698
23-Mar-20,75.388496,77.754997,75.275002,75.622101,75.622101
24-Mar-20,76.505997,77.75,75.012497,76.505997,76.505997
25-Mar-20,77.260002,77.474998,75.849998,77.260002,77.260002
26-Mar-20,77.095001,77.095001,74.769501,75.845497,75.845497
27-Mar-20,74.725601,76.25,73.989998,74.725601,74.725601
30-Mar-20,75.464996,76.379997,74.989998,75.464996,75.464996
31-Mar-20,75.400101,76.482498,75.134499,75.400002,75.400002
1-Apr-20,76.110001,77.377602,75.324997,75.324997,75.324997
2-Apr-20,76.585503,77.57,76.010002,77.57,77.57
3-Apr-20,77.139999,77.504997,75.75,77.139999,77.139999
6-Apr-20,76.230003,77.379997,75.904503,76.230003,76.230003
7-Apr-20,75.964897,77.114998,75.251999,75.964897,75.964897
8-Apr-20,76.660004,77.199997,75.572502,76.660004,76.660004
9-Apr-20,75.959,77.199997,75.747498,75.959,75.959
10-Apr-20,76.650002,76.68,75.807503,76.650002,76.650002
13-Apr-20,76.166496,76.952499,75.9925,76.166496,76.166496
14-Apr-20,76.910004,76.962502,75.939499,76.910004,76.910004
15-Apr-20,75.931,76.709503,75.921303,75.931,75.931
16-Apr-20,76.500099,77.510002,76.472,77.212502,77.212502
17-Apr-20,76.858902,77.57,76.247002,77.57,77.57
20-Apr-20,76.559998,77.315002,76.311302,76.559998,76.559998
21-Apr-20,76.5924,77.614998,76.4963,77.209999,77.209999
22-Apr-20,77.684998,77.684998,76.384499,76.969398,76.969398
23-Apr-20,76.995003,76.995003,75.672501,76.400002,76.400002
24-Apr-20,76.422501,76.800003,75.839996,76.422501,76.422501
27-Apr-20,76.2715,76.785004,75.887497,76.2715,76.2715
28-Apr-20,76.654999,76.654999,75.790398,76.186302,76.186302
29-Apr-20,76.464996,76.464996,75.412003,76.464996,76.464996
30-Apr-20,75.610001,75.75,74.805,75.258499,75.258499
1-May-20,75.720001,76.144997,75.072998,75.720001,75.720001
4-May-20,75.591003,75.805,75.352501,75.600502,75.600502
5-May-20,75.629997,76.115799,75.379997,75.849998,75.849998
6-May-20,76.169998,76.169998,75.590302,76.169998,76.169998
7-May-20,76.550003,76.550003,75.709503,76.151299,76.151299
8-May-20,76.080002,76.080002,75.260002,76.080002,76.080002
11-May-20,75.525002,76.260002,75.039497,75.525002,75.525002
12-May-20,75.927597,76.309998,75.041298,76.309998,76.309998
13-May-20,75.3685,75.68,75.043999,75.68,75.68
14-May-20,75.4272,75.730003,75.341003,75.426201,75.426201
15-May-20,75.485001,76.185501,75.319298,75.485001,75.485001
18-May-20,75.82,76.092003,75.612396,75.82,75.82
19-May-20,75.599998,76.040001,75.527496,75.600098,75.600098
20-May-20,75.699997,76,75.462997,76,76
21-May-20,75.779999,75.919998,75.416,75.779999,75.779999
22-May-20,75.625,76.209503,75.610001,75.625,75.625
25-May-20,75.985001,76.129501,75.7575,75.985001,75.985001
26-May-20,75.873596,76.110001,75.404999,76.110001,76.110001
27-May-20,75.489502,76,75.381302,75.82,75.82
28-May-20,75.885696,76.129997,75.634499,76.129997,76.129997
29-May-20,75.959999,75.959999,75.4263,75.959999,75.959999
1-Jun-20,75.513199,75.769997,75.235497,75.513199,75.513199
2-Jun-20,75.730003,75.730003,74.982803,75.730003,75.730003
3-Jun-20,75.275002,75.684998,74.914398,75.065804,75.065804
4-Jun-20,75.327698,75.635002,75.281898,75.544998,75.544998
5-Jun-20,75.4832,75.792503,75.309402,75.490898,75.490898
8-Jun-20,75.5177,75.739998,75.388802,75.5177,75.5177
9-Jun-20,75.399803,75.691002,75.391899,75.625,75.625
10-Jun-20,75.509697,75.7799,75.3769,75.509804,75.509804
11-Jun-20,75.875,76.196999,75.5,75.875,75.875
12-Jun-20,76.389999,76.389999,75.767502,76.389999,76.389999
15-Jun-20,75.956902,76.220001,75.894997,75.956802,75.956802
16-Jun-20,76.097504,76.283798,75.745003,75.977997,75.977997
17-Jun-20,76.403702,76.654999,76.094498,76.654999,76.654999
18-Jun-20,76.289803,76.550003,76.001503,76.550003,76.550003
19-Jun-20,76.483101,76.635002,76.105499,76.400398,76.400398
22-Jun-20,76.257301,76.453499,75.738503,76.252098,76.252098
23-Jun-20,76,76.119797,75.472,75.789803,75.789803
24-Jun-20,75.839996,75.839996,75.466003,75.607803,75.607803
25-Jun-20,75.970001,75.970001,75.519798,75.970001,75.970001
26-Jun-20,75.542,75.745003,75.430496,75.539803,75.539803
29-Jun-20,75.619797,75.6418,75.4319,75.619797,75.619797
30-Jun-20,75.518799,75.699997,75.388496,75.699997,75.699997
1-Jul-20,75.556999,75.75,75.474998,75.75,75.75
2-Jul-20,75.677498,75.677498,74.607498,75.454903,75.454903
3-Jul-20,74.875,74.989998,74.544502,74.721001,74.721001
6-Jul-20,74.679298,74.807999,74.430298,74.679298,74.679298
7-Jul-20,74.607498,74.962997,74.540298,74.607597,74.607597
8-Jul-20,75.125,75.125,74.8125,75.125,75.125
9-Jul-20,74.920998,75.1567,74.847801,74.939903,74.939903
10-Jul-20,75.339996,75.355003,75.056702,75.339996,75.339996
13-Jul-20,75.194298,75.434998,75.070503,75.158501,75.158501
14-Jul-20,75.449997,75.510498,75.2118,75.449997,75.449997
15-Jul-20,75.574997,75.574997,75.043297,75.574997,75.574997
16-Jul-20,75.124901,75.349998,75.085999,75.124901,75.124901
17-Jul-20,75.419998,75.419998,74.916,75.1745,75.1745
20-Jul-20,74.8974,75.150002,74.747002,74.897301,74.897301
21-Jul-20,74.989998,74.994003,74.507401,74.989998,74.989998
22-Jul-20,74.769997,74.833099,74.4646,74.769997,74.769997
23-Jul-20,74.82,74.925598,74.572304,74.82,74.82
24-Jul-20,75.044998,75.099998,74.6847,74.807297,74.807297
27-Jul-20,74.725601,74.983498,74.513496,74.759804,74.759804
28-Jul-20,75,75,74.648499,75,75
29-Jul-20,75.089996,75.089996,74.683998,75.089996,75.089996
30-Jul-20,74.8312,75.019997,74.750504,74.8312,74.8312
31-Jul-20,74.783798,74.989998,74.613503,74.989998,74.989998
3-Aug-20,74.9179,75.298401,74.835999,74.917801,74.917801
4-Aug-20,75.330002,75.364998,74.973,75.330002,75.330002
5-Aug-20,75.25,75.25,74.771301,75.25,75.25
6-Aug-20,75.099998,75.099998,74.768997,74.882202,74.882202
7-Aug-20,74.899803,75.1092,74.875999,74.899803,74.899803
10-Aug-20,75.026901,75.246002,74.856003,75.024803,75.024803
11-Aug-20,75.099998,75.099998,74.515999,75.099998,75.099998
12-Aug-20,74.900002,74.924004,74.619797,74.900002,74.900002
13-Aug-20,74.997498,74.997498,74.744003,74.772102,74.772102
14-Aug-20,75.029999,75.029999,74.7285,75.029999,75.029999
17-Aug-20,74.902802,75.080002,74.662399,74.902802,74.902802
18-Aug-20,75,75,74.570297,75,75
19-Aug-20,74.794998,75.057503,74.575302,74.794998,74.794998
20-Aug-20,75.18,75.199997,74.847198,74.966797,74.966797
21-Aug-20,75.190002,75.190002,74.822998,74.999901,74.999901
24-Aug-20,74.921799,74.921799,73.925301,74.921799,74.921799
25-Aug-20,74.400002,74.639297,74.046997,74.400002,74.400002
26-Aug-20,74.452499,74.452499,74.185997,74.452499,74.452499
27-Aug-20,74.459999,74.459999,73.763901,74.240097,74.240097
28-Aug-20,73.970001,73.970001,73.095802,73.774498,73.774498
31-Aug-20,73.128403,73.885002,73.0345,73.128304,73.128304
1-Sep-20,73.669998,73.669998,72.718498,73.669998,73.669998
2-Sep-20,73.269997,73.370003,72.889297,73.269997,73.269997
3-Sep-20,73.459999,73.711304,72.893501,73.248497,73.248497
4-Sep-20,73.667503,73.669998,73.010803,73.447899,73.447899
7-Sep-20,73.290298,73.506798,73.018997,73.290298,73.290298
8-Sep-20,73.650002,73.957802,73.392998,73.650002,73.650002
9-Sep-20,73.786797,74.050003,73.082497,73.786797,73.786797
10-Sep-20,73.550003,73.550003,73.012001,73.550003,73.550003
11-Sep-20,73.75,73.75,73.363998,73.527298,73.527298
14-Sep-20,73.478699,73.7024,73.244003,73.4786,73.4786
15-Sep-20,73.384003,73.723,73.288498,73.614998,73.614998
16-Sep-20,73.6101,73.800003,73.463799,73.800003,73.800003
17-Sep-20,73.764999,73.788101,73.398003,73.550697,73.550697
18-Sep-20,73.779999,73.779999,73.172997,73.583603,73.583603
21-Sep-20,73.534798,73.649597,73.278,73.534798,73.534798
22-Sep-20,73.579803,73.650002,73.388,73.579803,73.579803
23-Sep-20,73.502899,73.800003,73.438004,73.502998,73.502998
24-Sep-20,74.010002,74.222,73.563004,73.778397,73.778397
25-Sep-20,73.910004,73.910004,73.561501,73.682404,73.682404
28-Sep-20,73.699402,73.870003,73.519302,73.699303,73.699303
29-Sep-20,73.764801,73.974998,73.603996,73.974998,73.974998
30-Sep-20,73.654999,73.856499,73.524399,73.845001,73.845001
1-Oct-20,73.705002,73.705002,73.027,73.705002,73.705002
2-Oct-20,73.419998,73.532997,73.139999,73.217003,73.217003
5-Oct-20,73.322502,73.398003,73.047096,73.322403,73.322403
6-Oct-20,73.115799,73.488998,73.043999,73.108299,73.108299
7-Oct-20,73.815002,73.815002,73.080002,73.815002,73.815002
8-Oct-20,73.542503,73.546501,73.194,73.542503,73.542503
9-Oct-20,73.280502,73.497299,72.976997,73.280502,73.280502
12-Oct-20,73.0149,73.4132,72.933998,73.014801,73.014801
13-Oct-20,73.3508,73.504997,73.245598,73.3508,73.3508
14-Oct-20,73.418297,73.620003,73.2052,73.620003,73.620003
15-Oct-20,73.4925,73.5187,73.202003,73.296204,73.296204
16-Oct-20,73.57,73.57,73.272697,73.371002,73.371002
19-Oct-20,73.443802,73.595001,73.283997,73.443802,73.443802
20-Oct-20,73.3937,73.574997,73.294998,73.574997,73.574997
21-Oct-20,73.479698,73.784203,73.359001,73.647499,73.647499
22-Oct-20,73.724998,73.884003,73.472801,73.681297,73.681297
23-Oct-20,73.720001,73.8853,73.473,73.720001,73.720001
26-Oct-20,73.834,74.114304,73.690002,73.822899,73.822899
27-Oct-20,74.137497,74.137497,73.613998,73.948502,73.948502
28-Oct-20,73.814903,74.251999,73.642998,73.805,73.805
29-Oct-20,74.440002,74.524696,73.932999,74.440002,74.440002
30-Oct-20,74.264,74.702003,74.031998,74.264,74.264
2-Nov-20,74.707298,74.707603,74.274002,74.550499,74.550499
3-Nov-20,74.456802,74.684799,74.245003,74.456802,74.456802
4-Nov-20,74.849998,75.000999,74.278801,74.655602,74.655602
5-Nov-20,74.190498,74.407303,73.845802,74.379997,74.379997
6-Nov-20,74.120003,74.278503,73.863998,74.120003,74.120003
9-Nov-20,73.9758,74.167999,73.643097,73.979797,73.979797
10-Nov-20,74.139999,74.465797,73.877998,73.953201,73.953201
11-Nov-20,74.472504,74.537903,74.108002,74.281601,74.281601
12-Nov-20,74.624802,74.759003,74.365997,74.57,74.57
13-Nov-20,74.6717,74.887299,74.466103,74.864998,74.864998
16-Nov-20,74.589798,74.589798,74.379303,74.487701,74.487701
17-Nov-20,74.550003,74.608902,74.326797,74.418098,74.418098
18-Nov-20,74.480103,74.704803,74.035202,74.479698,74.479698
19-Nov-20,74.419998,74.442299,74.119797,74.419998,74.419998
20-Nov-20,74.099602,74.339203,74.072998,74.099602,74.099602
23-Nov-20,74.119797,74.406303,74.002998,74.162399,74.162399
24-Nov-20,74.244499,74.249001,73.884399,74.244904,74.244904
25-Nov-20,73.9608,74.169998,73.748802,73.9608,73.9608
26-Nov-20,73.7799,74.070503,73.738899,73.7799,73.7799
27-Nov-20,74.048798,74.268501,73.746201,74.048798,74.048798
30-Nov-20,73.935303,74.198502,73.879097,73.940903,73.940903
1-Dec-20,74.0252,74.172897,73.464996,74.0252,74.0252
2-Dec-20,73.6698,73.813797,73.398003,73.654999,73.654999
3-Dec-20,73.662598,73.953201,73.630402,73.662598,73.662598
4-Dec-20,73.939003,74.087303,73.659698,73.864899,73.864899
7-Dec-20,73.790298,73.947998,73.631798,73.790298,73.790298
8-Dec-20,73.809898,74.0373,73.542,74.019997,74.019997
9-Dec-20,73.832298,73.939796,73.530998,73.726402,73.726402
10-Dec-20,73.817299,73.934998,73.624001,73.934998,73.934998
11-Dec-20,73.7267,73.922501,73.536499,73.7267,73.7267
14-Dec-20,73.737999,73.780998,73.470001,73.737999,73.737999
15-Dec-20,73.860001,73.900299,73.502197,73.860001,73.860001
16-Dec-20,73.759804,73.795998,73.458603,73.759804,73.759804
17-Dec-20,73.824799,73.824799,73.384697,73.6166,73.6166
18-Dec-20,73.604797,73.754799,73.471001,73.5298,73.5298
21-Dec-20,73.6036,74.092003,73.512802,73.6036,73.6036
22-Dec-20,73.935303,74.202301,73.786697,73.935303,73.935303
23-Dec-20,74.005501,74.269997,73.6464,74.269997,74.269997
24-Dec-20,73.839798,74.099998,73.450798,73.839798,73.839798
25-Dec-20,73.5578,73.800003,73.550003,73.5578,73.5578
28-Dec-20,73.689003,73.734802,73.4562,73.689003,73.689003
29-Dec-20,73.544899,73.767303,73.287201,73.544899,73.544899
30-Dec-20,73.654999,73.664803,73.101601,73.453598,73.453598
31-Dec-20,73.134003,73.349998,72.946602,73.134003,73.134003
1-Jan-21,73.089203,73.319801,73.025002,73.089203,73.089203
4-Jan-21,73.092003,73.200996,72.7985,73.092003,73.092003
5-Jan-21,73.091499,73.329803,72.963501,73.32,73.32
6-Jan-21,73.167999,73.360001,73.040001,73.374802,73.374802
7-Jan-21,73.374802,73.467003,73.063004,73.360001,73.360001
8-Jan-21,73.730003,73.739799,73.196198,73.445999,73.445999
11-Jan-21,73.373398,73.584198,73.340302,73.373398,73.373398
12-Jan-21,73.778999,73.778999,73.202003,73.513496,73.513496
13-Jan-21,73.414001,73.414001,73.062798,73.165001,73.165001
14-Jan-21,73.169998,73.353996,72.939003,73.169899,73.169899
15-Jan-21,73.089996,73.378098,73.002502,73.087601,73.087601
18-Jan-21,73.158997,73.419998,73.123001,73.158997,73.158997
19-Jan-21,73.189201,73.307999,73.098999,73.188698,73.188698
20-Jan-21,73.192001,73.192299,72.8993,73.191902,73.191902
21-Jan-21,72.907898,73.045303,72.883003,72.910896,72.910896
22-Jan-21,72.954903,73.237503,72.929001,72.954903,72.954903
25-Jan-21,72.995903,73.220001,72.877998,72.995903,72.995903
26-Jan-21,72.970001,73.222,72.774498,72.970001,72.970001
27-Jan-21,72.919899,73.071899,72.797997,72.919998,72.919998
28-Jan-21,73.037003,73.174103,72.896797,73.037102,73.037102
29-Jan-21,72.938797,73.030296,72.767502,72.938797,72.938797
1-Feb-21,72.906601,73.2034,72.817101,72.906601,72.906601
2-Feb-21,73.119797,73.324799,72.9076,73.119797,73.119797
3-Feb-21,72.949997,73.002998,72.819,72.916298,72.916298
4-Feb-21,72.859802,72.990402,72.825996,72.858002,72.858002
5-Feb-21,72.986099,73.022797,72.777702,72.945702,72.945702
8-Feb-21,72.784798,73.014999,72.778,72.784798,72.784798
9-Feb-21,72.929901,73.004303,72.801201,72.929901,72.929901
10-Feb-21,72.855598,73.109001,72.778,72.854897,72.854897
11-Feb-21,72.807297,72.878403,72.674202,72.807297,72.807297
12-Feb-21,72.709503,72.825104,72.562798,72.709503,72.709503
15-Feb-21,72.594803,72.684998,72.435997,72.594803,72.594803
16-Feb-21,72.638702,72.914703,72.592499,72.638702,72.638702
17-Feb-21,72.934998,73.153999,72.723,72.934998,72.934998
18-Feb-21,72.787003,72.804001,72.538696,72.797302,72.797302
19-Feb-21,72.605499,72.714996,72.3983,72.6054,72.6054
22-Feb-21,72.553001,72.589302,72.306503,72.553001,72.553001
23-Feb-21,72.457901,72.556503,72.32,72.444,72.444
24-Feb-21,72.382103,72.598999,72.267998,72.376999,72.376999
25-Feb-21,72.395599,72.766701,72.278999,72.400002,72.400002
26-Feb-21,73.1549,74.178703,72.877998,73.150902,73.150902
1-Mar-21,73.595901,74.125,73.184998,73.595901,73.595901
2-Mar-21,73.309402,73.871002,73.281502,73.309402,73.309402
3-Mar-21,73.277496,73.319801,72.728798,73.277496,73.277496
4-Mar-21,72.880699,73.108002,72.612198,72.880699,72.880699
5-Mar-21,73.131798,73.311203,72.735001,73.131798,73.131798
8-Mar-21,73.1334,73.415298,72.940002,73.1334,73.1334
9-Mar-21,73.330399,73.386299,72.885597,73.330002,73.330002
10-Mar-21,72.775803,73.078003,72.7649,72.775902,72.775902
11-Mar-21,72.7061,72.797997,72.564796,72.706001,72.706001
12-Mar-21,72.639,72.873299,72.565002,72.639,72.639
15-Mar-21,72.682999,72.781998,72.392303,72.682999,72.682999
16-Mar-21,72.515297,72.945999,72.365501,72.515297,72.515297
17-Mar-21,72.515701,73.008003,72.4963,72.515602,72.515602
18-Mar-21,72.569801,72.744003,72.295601,72.295601,72.295601
19-Mar-21,72.668701,72.737801,72.446503,72.6688,72.6688
22-Mar-21,72.404999,72.949997,72.301003,72.404999,72.404999
23-Mar-21,72.380501,72.539101,72.265999,72.380501,72.380501
24-Mar-21,72.612297,73.080498,72.5009,72.612198,72.612198
25-Mar-21,72.645599,73.137001,72.550003,72.645599,72.645599
26-Mar-21,72.612801,72.660004,72.3703,72.612801,72.612801
29-Mar-21,72.447304,72.8274,72.447304,72.447197,72.447197
30-Mar-21,72.741898,73.652298,72.712997,72.741898,72.741898
31-Mar-21,73.445297,73.612999,73.050003,73.445297,73.445297
1-Apr-21,73.203499,73.462502,73.105003,73.203499,73.203499
2-Apr-21,73.2873,73.409798,73.238503,73.2873,73.2873
5-Apr-21,73.376099,73.451599,73.197304,73.375999,73.375999
6-Apr-21,73.279503,73.529099,73.2146,73.279503,73.279503
7-Apr-21,73.489998,74.532303,73.449799,73.489998,73.489998
8-Apr-21,74.401497,74.905602,74.193001,74.401497,74.401497
9-Apr-21,74.544502,75.006302,74.460503,74.544502,74.544502
12-Apr-21,74.729599,75.178299,74.180199,74.7295,74.7295
13-Apr-21,74.990997,75.517998,74.890404,74.990997,74.990997
14-Apr-21,75.1819,75.260002,75.003899,75.181503,75.181503
15-Apr-21,75.054001,75.362999,74.744003,75.0261,75.0261
16-Apr-21,74.727402,74.836502,74.297699,74.727402,74.727402
19-Apr-21,74.541298,75.045403,74.532997,74.563202,74.563202
20-Apr-21,74.878197,75.7248,74.501999,74.878197,74.878197
21-Apr-21,75.449203,75.690002,75.283203,75.449203,75.449203
22-Apr-21,75.429497,75.614998,74.841003,75.429497,75.429497
23-Apr-21,75.091698,75.305,74.738503,75.091698,75.091698
26-Apr-21,74.868202,75.251999,74.664001,74.868103,74.868103
27-Apr-21,74.797897,74.834999,74.510498,74.814903,74.814903
28-Apr-21,74.574997,74.945999,74.281998,74.574997,74.574997
29-Apr-21,74.311798,74.597,73.958298,74.311798,74.311798
30-Apr-21,74.105797,74.294998,73.825401,74.105797,74.105797
3-May-21,74.094902,74.494003,73.7472,74.094803,74.094803
4-May-21,73.837502,74.476997,73.738503,73.837502,73.837502
5-May-21,73.7789,74.014503,73.688301,73.7789,73.7789
6-May-21,73.7995,74.191002,73.572098,73.7994,73.7994
7-May-21,73.615196,73.894997,73.166199,73.615196,73.615196
10-May-21,73.290398,73.470703,73.217003,73.290298,73.290298
11-May-21,73.500099,73.776398,73.254501,73.5,73.5
12-May-21,73.375099,73.742996,73.367996,73.375099,73.375099
13-May-21,73.681602,73.682899,73.451897,73.681602,73.681602
14-May-21,73.444901,73.845299,73.184998,73.444901,73.444901
17-May-21,73.278999,73.723297,73.141197,73.2789,73.2789
18-May-21,73.269699,73.619499,72.951401,73.269699,73.269699
19-May-21,73.126198,73.456001,72.9263,73.128197,73.128197
20-May-21,73.223,73.223297,73.031197,73.2229,73.2229
21-May-21,73.021896,73.338997,72.752998,73.021896,73.021896
24-May-21,72.909798,72.9758,72.818001,72.909798,72.909798
25-May-21,72.836601,73.195,72.742996,72.836601,72.836601
26-May-21,72.804901,72.808403,72.626801,72.804901,72.804901
27-May-21,72.672501,73.155998,72.427299,72.672501,72.672501
28-May-21,72.683601,72.937302,72.3358,72.682999,72.682999
31-May-21,72.3936,72.748001,72.344498,72.393501,72.393501
1-Jun-21,72.487198,72.949402,72.458,72.487198,72.487198
2-Jun-21,72.855003,73.434998,72.497803,72.855003,72.855003
3-Jun-21,72.962196,73.155998,72.843399,72.965103,72.965103
4-Jun-21,73.044197,73.113503,72.780502,73.044197,73.044197
7-Jun-21,72.909798,72.916,72.741096,72.909698,72.909698
8-Jun-21,72.809402,72.978699,72.744003,72.809402,72.809402
9-Jun-21,72.975304,73.013496,72.870003,72.975304,72.975304
10-Jun-21,72.985298,73.238503,72.939003,72.985298,72.985298
11-Jun-21,73.012299,73.318398,72.894997,73.012299,73.012299
14-Jun-21,73.231697,73.293999,73.100502,73.231598,73.231598
15-Jun-21,73.185303,73.376297,73.159599,73.180801,73.180801
16-Jun-21,73.343903,73.387001,73.260002,73.344704,73.344704
17-Jun-21,73.824097,74.238503,73.267998,73.824097,73.824097
18-Jun-21,74.253899,74.522301,73.806999,74.253899,74.253899
21-Jun-21,74.143997,74.440804,74.045601,74.143898,74.143898
22-Jun-21,74.135201,74.387604,74.0205,74.135201,74.135201
23-Jun-21,74.332199,74.5448,73.510803,74.332199,74.332199
24-Jun-21,74.246902,74.262802,74.104401,74.246902,74.246902
25-Jun-21,74.1903,74.390999,74.116798,74.1903,74.1903
28-Jun-21,74.212997,74.3283,74.0625,74.212997,74.212997
29-Jun-21,74.285599,74.337799,74.189003,74.2854,74.2854
30-Jun-21,74.287598,74.473,74.105003,74.287598,74.287598
1-Jul-21,74.371101,74.628502,74.310997,74.371002,74.371002
2-Jul-21,74.553596,74.899002,74.464996,74.544998,74.544998
5-Jul-21,74.481903,74.586998,74.203003,74.481796,74.481796
6-Jul-21,74.317802,74.771301,74.2425,74.317802,74.317802
7-Jul-21,74.7612,74.853302,74.554497,74.762901,74.762901
8-Jul-21,74.821899,74.866203,74.639999,74.821899,74.821899
9-Jul-21,74.721497,74.911003,74.473396,74.721397,74.721397
12-Jul-21,74.490601,74.657997,74.275398,74.490501,74.490501
13-Jul-21,74.541702,74.675797,74.399498,74.541702,74.541702
14-Jul-21,74.6595,74.869003,74.456001,74.659103,74.659103
15-Jul-21,74.454002,74.562798,74.438004,74.469101,74.469101
16-Jul-21,74.537903,74.800003,74.496498,74.537003,74.537003
19-Jul-21,74.631897,75.020401,74.631104,74.631798,74.631798
20-Jul-21,74.993301,75.205002,74.559998,74.993401,74.993401
21-Jul-21,74.526901,74.651604,74.371696,74.527,74.527
22-Jul-21,74.440201,74.509003,74.307999,74.440201,74.440201
23-Jul-21,74.451897,74.5765,74.3675,74.452003,74.452003
26-Jul-21,74.448997,74.702003,74.318604,74.448898,74.448898
27-Jul-21,74.279701,74.546997,74.2761,74.289497,74.289497
28-Jul-21,74.502296,74.737999,74.324799,74.502296,74.502296
29-Jul-21,74.389999,74.519997,74.154404,74.389999,74.389999
30-Jul-21,74.245003,74.462502,74.2006,74.251999,74.251999
2-Aug-21,74.379204,74.599998,74.312302,74.379097,74.379097
3-Aug-21,74.331902,74.367996,74.208,74.332001,74.332001
4-Aug-21,74.213898,74.2435,74.077797,74.214401,74.214401
5-Aug-21,74.186302,74.286499,74.059402,74.183998,74.183998
6-Aug-21,74.0746,74.239601,74.045097,74.082001,74.082001
9-Aug-21,74.491501,74.5,74.165001,74.491402,74.491402
10-Aug-21,74.466202,74.650002,74.323303,74.466202,74.466202
11-Aug-21,74.435501,74.486801,74.157501,74.435501,74.435501
12-Aug-21,74.100197,74.407997,74.002296,74.102997,74.102997
13-Aug-21,74.260101,74.3153,74.110497,74.260101,74.260101
16-Aug-21,74.216904,74.285797,74.080803,74.216797,74.216797
17-Aug-21,74.137299,74.400299,74.134903,74.135002,74.135002
18-Aug-21,74.364502,74.559799,74.195297,74.364502,74.364502
19-Aug-21,74.269798,74.463402,74.269798,74.269798,74.269798
20-Aug-21,74.429298,74.475601,74.324997,74.429298,74.429298
23-Aug-21,74.351303,74.351402,74.042198,74.301498,74.301498
24-Aug-21,74.105904,74.219498,74.055,74.105904,74.105904
25-Aug-21,74.144897,74.301804,74.094299,74.144798,74.144798
26-Aug-21,74.101799,74.267502,74.068001,74.099998,74.099998
27-Aug-21,74.156197,74.330002,73.438004,74.155998,74.155998
30-Aug-21,73.496696,73.699799,73.197197,73.496597,73.496597
31-Aug-21,73.420998,73.420998,72.9048,73.411201,73.411201
1-Sep-21,72.997101,73.143997,72.916,72.996696,72.996696
2-Sep-21,72.9851,73.121803,72.932999,72.9851,72.9851
3-Sep-21,73.054298,73.205002,72.937798,73.054298,73.054298
6-Sep-21,72.994598,73.119301,72.941002,72.994499,72.994499
7-Sep-21,73.109901,73.489403,73.035004,73.110001,73.110001
8-Sep-21,73.3909,73.868401,73.266502,73.390404,73.390404
9-Sep-21,73.795799,73.862,73.489502,73.789001,73.789001
10-Sep-21,73.545303,73.576797,73.373802,73.538002,73.538002
13-Sep-21,73.5243,73.776802,73.516998,73.5243,73.5243
14-Sep-21,73.540802,73.721802,73.514999,73.540802,73.540802
15-Sep-21,73.650803,73.870003,73.417,73.650803,73.650803
16-Sep-21,73.444801,73.621498,73.336998,73.438004,73.438004
17-Sep-21,73.538803,73.752502,73.413101,73.564903,73.564903
20-Sep-21,73.696198,73.899597,73.607002,73.696098,73.696098
21-Sep-21,73.659302,73.7901,73.549004,73.658997,73.658997
22-Sep-21,73.795097,73.941498,73.650002,73.792702,73.792702
23-Sep-21,73.875,73.925797,73.588997,73.874901,73.874901
24-Sep-21,73.839897,73.875198,73.621002,73.839996,73.839996
27-Sep-21,73.812897,73.924004,73.611801,73.812897,73.812897
28-Sep-21,73.825302,74.2883,73.727997,73.825302,73.825302
29-Sep-21,74.1633,74.5644,74.007004,74.1633,74.1633
30-Sep-21,74.317299,74.355202,74.0588,74.321999,74.321999
1-Oct-21,74.254402,74.4795,74.077301,74.254402,74.254402
4-Oct-21,74.152199,74.547997,74.120499,74.1521,74.1521
5-Oct-21,74.572998,74.789001,74.404999,74.5728,74.5728
6-Oct-21,74.563202,75.052902,74.519501,74.563202,74.563202
7-Oct-21,74.767403,75.010002,74.680496,74.760002,74.760002
8-Oct-21,74.831596,75.181,74.827499,74.830002,74.830002
11-Oct-21,75.305901,75.532303,74.761497,75.305801,75.305801
12-Oct-21,75.402603,75.664597,75.150002,75.402603,75.402603
13-Oct-21,75.501999,75.699997,75.1838,75.483902,75.483902
14-Oct-21,75.306297,75.353302,74.993401,75.306297,75.306297
15-Oct-21,74.995003,75.212502,74.878098,74.995003,74.995003
18-Oct-21,75.005997,75.521004,74.940498,75.005898,75.005898
19-Oct-21,75.237999,75.267097,74.882004,75.235497,75.235497
20-Oct-21,75.120201,75.182999,74.749802,75.120102,75.120102
21-Oct-21,74.809303,74.912498,74.634003,74.809196,74.809196
22-Oct-21,74.866501,75.0998,74.684601,74.865402,74.865402
25-Oct-21,74.993797,75.274803,74.858002,74.993698,74.993698
26-Oct-21,75.089897,75.1698,74.847603,75.089897,75.089897
27-Oct-21,74.888901,75.093002,74.888901,74.888901,74.888901
28-Oct-21,75.037697,75.322502,74.754501,75.050003,75.050003
29-Oct-21,74.796997,75.025299,74.737999,74.797203,74.797203
1-Nov-21,74.928398,75.186302,74.810501,74.928299,74.928299
2-Nov-21,74.829903,74.909302,74.613297,74.829903,74.829903
3-Nov-21,74.712303,74.765503,74.407997,74.711998,74.711998
4-Nov-21,74.435501,74.554001,74.235001,74.435501,74.435501
5-Nov-21,74.478104,74.580498,74.050598,74.478104,74.478104
8-Nov-21,74.191002,74.276802,73.906998,74.191101,74.191101
9-Nov-21,73.917099,74.152496,73.830299,73.918503,73.918503
10-Nov-21,74.174797,74.407997,74.051498,74.174797,74.174797
11-Nov-21,74.404999,74.578499,74.272797,74.4049,74.4049
12-Nov-21,74.326698,74.528702,74.293503,74.322098,74.322098
15-Nov-21,74.347,74.588303,74.3125,74.339996,74.339996
16-Nov-21,74.433899,74.619003,74.277702,74.435097,74.435097
17-Nov-21,74.459503,74.552299,74.221802,74.458603,74.458603
18-Nov-21,74.259598,74.335197,74.017998,74.259804,74.259804
19-Nov-21,74.175697,74.482803,74.157997,74.1744,74.1744
22-Nov-21,74.310699,74.734398,74.265503,74.302597,74.302597
23-Nov-21,74.429802,74.581497,74.359001,74.429802,74.429802
24-Nov-21,74.446999,74.732498,74.191498,74.446999,74.446999
25-Nov-21,74.624802,74.624802,74.447304,74.625,74.625
26-Nov-21,74.506798,75.115898,74.471497,74.505798,74.505798
29-Nov-21,75.052803,75.156502,74.5355,74.981598,74.981598
30-Nov-21,75.055,75.206497,74.843002,75.054901,75.054901
1-Dec-21,75.056198,75.0793,74.719002,75.050903,75.050903
2-Dec-21,75.017899,75.259804,74.867798,75.017899,75.017899
3-Dec-21,74.980904,75.3284,74.929001,74.983498,74.983498
6-Dec-21,75.472298,75.472504,75.077003,75.234001,75.234001
7-Dec-21,75.391296,75.486397,75.258003,75.391296,75.391296
8-Dec-21,75.408203,75.560501,75.3255,75.4086,75.4086
9-Dec-21,75.383202,75.903,75.346497,75.383301,75.383301
10-Dec-21,75.599297,75.9739,75.491501,75.599197,75.599197
13-Dec-21,75.942299,75.9711,75.360497,75.709999,75.709999
14-Dec-21,75.828499,76.259003,75.767998,75.826897,75.826897
15-Dec-21,76.0457,76.4823,76.013496,76.047203,76.047203
16-Dec-21,76.211403,76.313004,76.056,76.211403,76.211403
17-Dec-21,76.167503,76.362503,75.878998,76.167503,76.167503
20-Dec-21,76.052299,76.172897,75.780998,76.005997,76.005997
21-Dec-21,75.758698,75.782997,75.402,75.758698,75.758698
22-Dec-21,75.686401,75.929802,75.423103,75.686401,75.686401
23-Dec-21,75.458504,75.485497,75.0065,75.458504,75.458504
24-Dec-21,75.067398,75.192001,74.969002,75.067398,75.067398
27-Dec-21,75.115196,75.142998,74.9086,75.315002,75.315002
28-Dec-21,74.980301,75.2248,74.579498,74.980301,74.980301
29-Dec-21,74.738602,74.836403,74.502998,74.745003,74.745003
30-Dec-21,74.570297,74.646202,74.293999,74.570297,74.570297
31-Dec-21,74.432297,74.642502,74.089996,74.431198,74.431198
3-Jan-22,74.5159,74.520302,74.152,74.513802,74.513802
4-Jan-22,74.403297,74.770302,74.403297,74.403297,74.403297
5-Jan-22,74.535004,74.614998,74.205399,74.534897,74.534897
6-Jan-22,74.430298,74.703499,74.32,74.430099,74.430099
7-Jan-22,74.418198,74.637299,74.223503,74.419296,74.419296
10-Jan-22,74.230598,74.464798,73.989998,74.269997,74.269997
11-Jan-22,74.056999,74.267303,73.744797,74.056999,74.056999
12-Jan-22,73.815399,74.034302,73.697502,73.8153,73.8153
13-Jan-22,73.782799,74.063797,73.782799,73.799103,73.799103
14-Jan-22,73.972099,74.203201,73.875504,73.972298,73.972298
17-Jan-22,74.156097,74.360001,74.124702,74.378998,74.378998
18-Jan-22,74.255402,74.614098,74.1455,74.255096,74.255096
19-Jan-22,74.619499,74.834801,74.348999,74.619698,74.619698
20-Jan-22,74.449303,74.652496,74.296501,74.449203,74.449203
21-Jan-22,74.438499,74.629997,74.294403,74.452202,74.452202
24-Jan-22,74.420303,74.742699,74.316101,74.4132,74.4132
25-Jan-22,74.644897,74.834801,74.538498,74.644798,74.644798
26-Jan-22,74.779999,75.001503,74.685997,74.779999,74.779999
27-Jan-22,74.902298,75.319099,74.902298,74.894997,74.894997
28-Jan-22,75.209297,75.366997,74.879097,75.209297,75.209297
31-Jan-22,75.046097,75.188797,74.590202,75.039001,75.039001
1-Feb-22,74.555702,74.862503,74.4328,74.555801,74.555801
2-Feb-22,74.744904,75.004097,74.647797,74.745499,74.745499
3-Feb-22,74.814796,74.934502,74.634201,74.822403,74.822403
4-Feb-22,74.643898,74.928001,74.585098,74.643898,74.643898
7-Feb-22,74.646202,74.784897,74.539001,74.642197,74.642197
8-Feb-22,74.656601,74.794502,74.577904,74.658302,74.658302
9-Feb-22,74.695503,74.944901,74.6185,74.695198,74.695198
10-Feb-22,74.808998,75.286003,74.762001,74.808899,74.808899
11-Feb-22,75.538399,75.539299,75.094002,75.538399,75.538399
14-Feb-22,75.642899,75.703796,75.380302,75.341003,75.341003
15-Feb-22,75.685402,75.727203,75.214996,75.685402,75.685402
16-Feb-22,75.174797,75.291298,74.964996,75.174797,75.174797
17-Feb-22,75.0495,75.303001,74.946297,75.042,75.042
18-Feb-22,75.069801,75.269501,74.481003,75.063004,75.063004
21-Feb-22,74.686897,74.726501,74.352997,74.682404,74.682404
22-Feb-22,74.523804,74.992401,74.523804,74.516998,74.516998
23-Feb-22,74.623001,74.859001,74.5,74.623001,74.623001
24-Feb-22,74.639801,75.901001,74.629501,74.633003,74.633003
25-Feb-22,75.408302,75.6595,75.064499,75.408302,75.408302
28-Feb-22,75.055199,75.786003,74.900002,75.068001,75.068001
1-Mar-22,75.284798,75.895103,75.212196,75.284798,75.284798
2-Mar-22,75.801102,76.096497,75.428299,75.801201,75.801201
3-Mar-22,75.638298,76.018997,75.571999,75.630997,75.630997
4-Mar-22,75.886803,76.524101,75.885002,75.891701,75.891701
7-Mar-22,76.4207,77.156799,76.4207,76.417999,76.417999
8-Mar-22,77.080803,77.373497,76.730003,77.080803,77.080803
9-Mar-22,76.914497,77.286499,76.315804,76.914497,76.914497
10-Mar-22,76.134903,76.481003,75.898697,76.134903,76.134903
11-Mar-22,76.310303,76.706497,76.254501,76.310303,76.310303
14-Mar-22,76.759003,76.759102,76.342499,76.7537,76.7537
15-Mar-22,76.490097,76.981499,76.304497,76.490097,76.490097
16-Mar-22,76.293198,76.638,76.042,76.2659,76.2659
17-Mar-22,76.0242,76.238503,75.759003,76.0242,76.0242
18-Mar-22,75.981598,76.206497,75.912498,75.981598,75.981598
21-Mar-22,75.946404,76.277298,75.891998,75.946404,75.946404
22-Mar-22,76.290001,76.689003,75.984497,76.307098,76.307098
23-Mar-22,76.101898,76.5084,75.976997,76.101898,76.101898
24-Mar-22,76.552498,76.841499,76.178398,76.552399,76.552399
25-Mar-22,76.323502,76.606499,76.117996,76.323502,76.323502
28-Mar-22,76.278503,76.626503,76.043701,76.278503,76.278503
29-Mar-22,76.034103,76.2995,75.564697,76.034103,76.034103
30-Mar-22,75.666702,75.972,75.561501,75.666702,75.666702
31-Mar-22,75.827797,76.058296,75.639503,75.827797,75.827797
1-Apr-22,75.909203,76.1558,75.843002,75.909203,75.909203
4-Apr-22,75.994797,75.996399,75.3657,75.994797,75.994797
5-Apr-22,75.477997,75.542,75.2575,75.477997,75.477997
6-Apr-22,75.450699,76.033997,75.370003,75.450699,75.450699
7-Apr-22,75.945099,76.154503,75.774597,75.945099,75.945099
8-Apr-22,75.9132,76.0625,75.708,75.9132,75.9132
11-Apr-22,75.917297,76.139801,75.763496,75.917297,75.917297
12-Apr-22,75.836998,76.2005,75.836304,75.836998,75.836998
13-Apr-22,76.149803,76.263496,75.975998,76.149803,76.149803
14-Apr-22,76.121696,76.329498,76.056999,76.121696,76.121696
15-Apr-22,76.3088,76.595497,76.233597,76.3088,76.3088
18-Apr-22,76.331398,76.456497,76.074501,76.331398,76.331398
19-Apr-22,76.280197,76.561203,76.2155,76.280197,76.280197
20-Apr-22,76.445396,76.656502,76.153,76.445396,76.445396
21-Apr-22,76.276199,76.366402,76.0839,76.276199,76.276199
22-Apr-22,76.285202,76.746002,76.150002,76.285202,76.285202
25-Apr-22,76.463501,76.763397,76.324997,76.463501,76.463501
26-Apr-22,76.527802,76.811501,76.424301,76.527802,76.527802
27-Apr-22,76.794098,77.038002,76.4879,76.794098,76.794098
28-Apr-22,76.472198,76.788696,76.411499,76.472198,76.472198
29-Apr-22,76.588997,76.829803,76.268402,76.588997,76.588997
2-May-22,76.523102,76.597801,76.348,76.523102,76.523102
3-May-22,76.524101,76.817497,76.453003,76.524101,76.524101
4-May-22,76.4673,76.567497,76.167999,76.4673,76.4673
5-May-22,76.001602,76.572601,75.994003,76.001602,76.001602
6-May-22,76.541801,77.069298,76.466499,76.541801,76.541801
9-May-22,76.957497,77.518997,76.927498,76.957497,76.957497
10-May-22,77.365501,77.460999,77.112503,77.365501,77.365501
11-May-22,77.2714,77.518501,77.154503,77.2714,77.2714
12-May-22,77.418404,77.725998,77.278999,77.418404,77.418404
13-May-22,77.443802,77.558502,77.256798,77.443802,77.443802
16-May-22,77.486298,77.913498,77.480003,77.486298,77.486298
17-May-22,77.805397,78.023804,77.369003,77.805397,77.805397
18-May-22,77.372398,77.745003,77.276497,77.372398,77.372398
19-May-22,77.82,78.009804,77.213501,77.82,77.82
20-May-22,77.421097,77.820503,77.344498,77.421097,77.421097
23-May-22,77.818398,77.969803,77.420799,77.818398,77.818398
24-May-22,77.526802,77.665001,77.498497,77.526802,77.526802
25-May-22,77.478798,77.748001,77.434998,77.478798,77.478798
26-May-22,77.497299,77.723999,77.468498,77.497299,77.497299
27-May-22,77.630203,77.899597,77.527,77.630203,77.630203
30-May-22,77.692001,77.829498,77.462799,77.692001,77.692001
31-May-22,77.520897,77.735298,77.552803,77.520897,77.520897
1-Jun-22,77.598999,77.941704,77.436501,77.598999,77.598999
2-Jun-22,77.584099,77.816498,77.3862,77.584099,77.584099
3-Jun-22,77.360497,77.686401,77.389801,77.360497,77.360497
6-Jun-22,77.694199,77.8461,77.547501,77.694199,77.694199
7-Jun-22,77.820999,78.059799,77.588997,77.820999,77.820999
8-Jun-22,77.670601,77.906303,77.596001,77.670601,77.670601
9-Jun-22,77.724297,77.982002,77.676498,77.724297,77.724297
10-Jun-22,77.818703,78.193802,77.734497,77.818703,77.818703
13-Jun-22,78.177597,78.406799,77.956001,78.177597,78.177597
14-Jun-22,78.160599,78.3638,77.929001,78.160599,78.160599
15-Jun-22,77.985497,78.218498,77.964996,77.985497,77.985497
16-Jun-22,77.9002,78.264801,77.882004,77.9002,77.9002
17-Jun-22,77.977699,78.189499,77.937401,77.977699,77.977699
20-Jun-22,77.961403,78.172501,77.859901,77.961403,77.961403
21-Jun-22,77.933998,78.272797,77.872498,77.933998,77.933998
22-Jun-22,78.134903,78.400803,78.070099,78.134903,78.134903
23-Jun-22,78.1931,78.419502,78.139999,78.1931,78.1931
24-Jun-22,78.142403,78.358002,78.1185,78.142403,78.142403
27-Jun-22,78.252296,78.5625,78.158501,78.252296,78.252296
28-Jun-22,78.441101,79.039497,78.4105,78.441101,78.441101
29-Jun-22,79.073196,79.073601,78.602402,79.073196,79.073196
30-Jun-22,78.8983,79.108002,78.838699,78.8983,78.8983
1-Jul-22,78.962997,79.191002,78.473,78.962997,78.962997
4-Jul-22,78.950699,79.045303,78.846497,78.950699,78.950699
5-Jul-22,78.939499,79.420998,78.914497,78.939499,78.939499
6-Jul-22,79.368401,79.548302,78.929901,79.368401,79.368401
7-Jul-22,79.0439,79.25,78.877998,79.0439,79.0439
8-Jul-22,79.221603,79.422798,79.110497,79.221603,79.221603
11-Jul-22,79.331398,79.577103,79.141998,79.331398,79.331398
12-Jul-22,79.477798,79.860298,79.388496,79.477798,79.477798
13-Jul-22,79.476402,80.059502,79.425003,79.476402,79.476402
14-Jul-22,79.807503,80.218697,79.598099,79.807503,79.807503
15-Jul-22,79.878304,80.0895,79.708,79.878304,79.878304
18-Jul-22,79.720497,80.255997,79.713699,79.720497,79.720497
19-Jul-22,80.030296,80.148499,79.8526,80.030296,80.030296
20-Jul-22,79.855904,80.1185,79.855904,79.855904,79.855904
21-Jul-22,80.003403,80.271004,79.761002,80.003403,80.003403
22-Jul-22,79.775902,80.0765,79.779297,79.775902,79.775902
25-Jul-22,79.876801,80.144798,79.686096,79.876801,79.876801
26-Jul-22,79.722504,79.842201,79.702499,79.722504,79.722504
27-Jul-22,79.841202,80.070801,79.747498,79.841202,79.841202
28-Jul-22,79.847397,80.057297,79.597397,79.847397,79.847397
29-Jul-22,79.571503,79.656502,79.173698,79.571503,79.571503
1-Aug-22,79.194801,79.429802,78.899399,79.194801,79.194801
2-Aug-22,78.955704,79.169998,77.7743,78.955704,78.955704
3-Aug-22,78.6045,79.2033,78.568001,78.6045,78.6045
4-Aug-22,79.118301,79.800003,79.008499,79.118301,79.118301
5-Aug-22,79.1549,79.491997,78.918503,79.1549,79.1549
8-Aug-22,79.410599,79.757004,79.313004,79.410599,79.410599
9-Aug-22,79.601898,79.814697,79.442101,79.601898,79.601898
10-Aug-22,79.5784,79.754501,79.007004,79.5784,79.5784
11-Aug-22,79.097801,79.792297,79.0495,79.097801,79.097801
12-Aug-22,79.613998,79.936996,79.556,79.613998,79.613998
15-Aug-22,79.627602,79.7285,79.470802,79.627602,79.627602
16-Aug-22,79.552902,79.779999,79.261002,79.552902,79.552902
17-Aug-22,79.146004,79.685097,79.146004,79.146004,79.146004
18-Aug-22,79.359703,79.862503,79.336502,79.359703,79.359703
19-Aug-22,79.766701,80.112503,79.657097,79.766701,79.766701
22-Aug-22,79.9179,80.1548,79.762001,79.9179,79.9179
23-Aug-22,79.883797,80.098,79.502998,79.883797,79.883797
24-Aug-22,79.8545,80.084999,79.698898,79.8545,79.8545
25-Aug-22,79.796799,80.026299,79.737396,79.796799,79.796799
26-Aug-22,79.882896,80.133499,79.716003,79.882896,79.882896
29-Aug-22,79.959099,80.129501,79.873398,79.959099,79.959099
30-Aug-22,79.967903,80.160797,79.432503,79.967903,79.967903
31-Aug-22,79.682297,79.743797,79.352997,79.682297,79.682297
1-Sep-22,79.548798,79.834999,79.279503,79.548798,79.548798
2-Sep-22,79.716797,80.091499,79.586502,79.716797,79.716797
5-Sep-22,79.724503,80.025497,79.655296,79.724503,79.724503
6-Sep-22,79.782997,79.968002,79.709999,79.782997,79.782997
7-Sep-22,79.895103,80.141998,79.796501,79.895103,79.895103
8-Sep-22,79.649803,79.945999,79.636299,79.649803,79.649803
9-Sep-22,79.706299,79.937798,79.454002,79.706299,79.706299
12-Sep-22,79.6558,79.741997,79.324997,79.6558,79.6558
13-Sep-22,79.355301,79.5905,79.023003,79.355301,79.355301
14-Sep-22,79.602402,79.805,79.383598,79.602402,79.602402
15-Sep-22,79.453697,80.016296,79.431602,79.453697,79.453697
16-Sep-22,79.849098,80.013298,79.098602,79.849098,79.849098
19-Sep-22,79.689499,79.957802,79.585297,79.689499,79.689499
20-Sep-22,79.707497,79.9925,79.5765,79.707497,79.707497
21-Sep-22,79.762703,80.155998,79.762497,79.762703,79.762703
22-Sep-22,80.050697,81.111603,79.929001,80.050697,80.050697
23-Sep-22,81.062202,81.338097,80.784798,81.062202,81.062202
26-Sep-22,81.254799,81.717499,80.733002,81.254799,81.254799
27-Sep-22,81.615799,81.861,81.286301,81.615799,81.615799
28-Sep-22,81.724602,82.112999,81.496101,81.724602,81.724602
29-Sep-22,81.428703,82.055496,81.407501,81.428703,81.428703
30-Sep-22,81.480598,81.697601,81.0998,81.480598,81.480598
3-Oct-22,81.521301,82.061996,81.411301,81.521301,81.521301
4-Oct-22,81.495003,81.856003,81.272598,81.495003,81.495003
5-Oct-22,81.4655,81.826797,81.265999,81.4655,81.4655
6-Oct-22,81.648804,82.481499,81.438004,81.648804,81.648804
7-Oct-22,82.348999,82.626297,82.044998,82.348999,82.348999
10-Oct-22,82.832298,83.064301,82.258499,82.832298,82.832298
11-Oct-22,82.4207,82.75,82.138496,82.4207,82.4207
12-Oct-22,82.273903,82.616501,82.154602,82.273903,82.273903
13-Oct-22,82.199997,82.887001,82.120003,82.199997,82.199997
14-Oct-22,82.192101,82.605499,82.124001,82.192101,82.192101
17-Oct-22,82.412804,82.647003,82.106003,82.412804,82.412804
18-Oct-22,82.194702,82.679497,82.011803,82.194702,82.194702
19-Oct-22,82.2864,83.386002,82.172501,82.2864,82.2864
20-Oct-22,82.997002,83.324997,82.546997,82.997002,82.997002
21-Oct-22,82.825699,83.220001,82.562302,82.825699,82.825699
24-Oct-22,82.541298,83.068901,82.541298,82.541298,82.541298
25-Oct-22,82.761497,83.137497,82.43,82.761497,82.761497
26-Oct-22,82.445297,82.550598,81.924202,82.445297,82.445297
27-Oct-22,82.049599,82.706497,81.928299,82.049599,82.049599
28-Oct-22,82.442497,82.781303,82.278,82.442497,82.442497
31-Oct-22,82.239197,83.123001,82.193001,82.239197,82.239197
1-Nov-22,82.728996,83.070801,82.503502,82.728996,82.728996
2-Nov-22,82.684502,83.027,82.591301,82.684502,82.684502
3-Nov-22,82.888397,82.9963,82.6688,82.888397,82.888397
4-Nov-22,82.681801,82.991798,82.002098,82.681801,82.681801
7-Nov-22,81.974998,82.371803,81.792503,81.974998,81.974998
8-Nov-22,81.825996,82.081802,81.172897,81.825996,81.825996
9-Nov-22,81.405197,81.6698,81.1903,81.405197,81.405197
10-Nov-22,81.343803,81.910004,80.727097,81.343803,81.343803
11-Nov-22,80.482903,80.983002,80.423798,80.482903,80.482903
14-Nov-22,80.497002,81.287399,80.3731,80.497002,80.497002
15-Nov-22,80.991997,81.438004,80.712997,80.991997,80.991997
16-Nov-22,81.071404,81.538002,81.071404,81.071404,81.071404
17-Nov-22,81.4953,81.849998,81.346298,81.4953,81.4953
18-Nov-22,81.524902,81.7883,81.4925,81.524902,81.524902
21-Nov-22,81.519897,81.930199,81.539597,81.519897,81.519897
22-Nov-22,81.727699,81.994797,81.603401,81.727699,81.727699
23-Nov-22,81.714996,81.915001,81.683098,81.714996,81.714996
24-Nov-22,81.632896,81.870003,81.579498,81.632896,81.632896
25-Nov-22,81.655403,81.851799,81.414497,81.655403,81.655403
28-Nov-22,81.669701,81.921997,81.524002,81.669701,81.669701
29-Nov-22,81.650299,81.764,81.489502,81.650299,81.650299
30-Nov-22,81.630898,81.790298,81.280098,81.630898,81.630898
1-Dec-22,81.305298,81.3713,80.992996,81.305298,81.305298
2-Dec-22,81.162201,81.614998,81.082001,81.162201,81.162201
5-Dec-22,81.422501,81.894997,81.193497,81.422501,81.422501
6-Dec-22,81.899002,82.600197,81.691498,81.899002,81.899002
7-Dec-22,82.3722,82.738503,82.204597,82.3722,82.3722
8-Dec-22,82.253502,82.538803,82.237,82.253502,82.253502
9-Dec-22,82.279198,82.508301,82.073997,82.279198,82.279198
12-Dec-22,82.413002,82.723503,82.363998,82.413002,82.413002
13-Dec-22,82.644699,82.911903,82.365402,82.644699,82.644699
14-Dec-22,82.402496,82.706001,82.401802,82.402496,82.402496
15-Dec-22,82.508003,83.035896,82.414101,82.508003,82.508003
16-Dec-22,82.857903,83,82.591499,82.857903,82.857903
19-Dec-22,82.725998,82.918503,82.557999,82.725998,82.725998
20-Dec-22,82.581902,82.883003,82.543503,82.581902,82.581902
21-Dec-22,82.636902,82.9562,82.5495,82.636902,82.636902
22-Dec-22,82.878601,82.988297,82.642998,82.878601,82.878601
23-Dec-22,82.874901,82.984802,82.716003,82.874901,82.874901
26-Dec-22,82.604103,82.877403,81.716797,82.604103,82.604103
27-Dec-22,82.902901,82.912903,82.629997,82.902901,82.902901
28-Dec-22,82.7761,82.917999,82.690903,82.7761,82.7761
29-Dec-22,82.851997,82.901199,82.740997,82.851997,82.851997
30-Dec-22,82.835098,82.836403,82.554703,82.835098,82.835098
31-Dec-22,82.696999,82.696999,82.696999,82.696999,82.696999
