Date,Open_gold_price,High_gold_price,Low_gold_price,Close_gold_price,Adj Close_gold_price,Volume
2-Jan-18,"1,302.30","1,317.60","1,302.30","1,313.70","1,313.70",68
3-Jan-18,"1,320.00","1,320.10","1,312.10","1,316.20","1,316.20",42
4-Jan-18,"1,319.40","1,322.00","1,319.40","1,319.40","1,319.40",2
5-Jan-18,"1,320.30","1,320.30","1,320.30","1,320.30","1,320.30",1
8-Jan-18,"1,319.90","1,319.90","1,314.60","1,318.60","1,318.60",41
9-Jan-18,"1,309.60","1,311.70","1,309.60","1,311.70","1,311.70",16
10-Jan-18,"1,320.30","1,320.70","1,315.30","1,317.40","1,317.40",70
11-Jan-18,"1,317.10","1,320.60","1,316.30","1,320.60","1,320.60",9
12-Jan-18,"1,327.80","1,338.20","1,327.80","1,333.40","1,333.40",14
16-Jan-18,"1,331.10","1,335.40","1,331.00","1,335.40","1,335.40",13
17-Jan-18,"1,334.40","1,338.00","1,326.80","1,338.00","1,338.00",27
18-Jan-18,"1,328.90","1,328.90","1,326.00","1,326.00","1,326.00",211
19-Jan-18,"1,330.10","1,333.00","1,330.10","1,331.90","1,331.90",50
22-Jan-18,"1,328.40","1,330.90","1,328.40","1,330.90","1,330.90",162
23-Jan-18,"1,335.80","1,335.90","1,335.70","1,335.70","1,335.70",47
24-Jan-18,"1,355.90","1,357.20","1,355.90","1,355.90","1,355.90",18
25-Jan-18,"1,356.30","1,362.40","1,346.70","1,362.40","1,362.40",4
26-Jan-18,"1,351.60","1,352.00","1,350.90","1,351.60","1,351.60","280,546"
29-Jan-18,-,-,-,-,-,-
30-Jan-18,"1,338.70","1,347.80","1,332.80","1,335.40","1,335.40","52,100"
31-Jan-18,"1,337.50","1,346.90","1,331.80","1,339.00","1,339.00","4,881"
1-Feb-18,"1,343.80","1,350.60","1,336.80","1,344.30","1,344.30","1,680"
2-Feb-18,"1,348.50","1,352.10","1,327.70","1,333.70","1,333.70","2,841"
5-Feb-18,"1,331.10","1,340.20","1,329.00","1,333.00","1,333.00",641
6-Feb-18,"1,338.20","1,343.70","1,319.50","1,326.10","1,326.10",529
7-Feb-18,"1,325.40","1,331.10","1,310.50","1,311.60","1,311.60",491
8-Feb-18,"1,317.10","1,321.10","1,307.00","1,316.90","1,316.90",459
9-Feb-18,"1,320.90","1,322.00","1,311.90","1,313.10","1,313.10",451
12-Feb-18,"1,323.80","1,325.50","1,318.00","1,324.20","1,324.20",140
13-Feb-18,"1,324.50","1,329.60","1,323.40","1,328.10","1,328.10",71
14-Feb-18,"1,332.80","1,355.50","1,324.00","1,355.50","1,355.50",400
15-Feb-18,"1,352.00","1,355.90","1,349.70","1,352.10","1,352.10",111
16-Feb-18,"1,354.00","1,361.40","1,344.90","1,353.20","1,353.20",110
20-Feb-18,"1,348.40","1,350.20","1,328.50","1,328.80","1,328.80",283
21-Feb-18,"1,326.80","1,331.50","1,324.40","1,330.00","1,330.00",119
22-Feb-18,"1,322.00","1,331.40","1,322.00","1,330.60","1,330.60",70
23-Feb-18,"1,328.00","1,332.10","1,327.70","1,328.20","1,328.20",427
26-Feb-18,"1,335.00","1,340.50","1,330.70","1,330.70","1,330.70",652
27-Feb-18,"1,331.70","1,332.60","1,312.70","1,315.50","1,315.50",710
28-Feb-18,"1,315.40","1,321.00","1,315.40","1,315.50","1,315.50",58
1-Mar-18,"1,310.40","1,318.10","1,301.80","1,302.90","1,302.90",43
2-Mar-18,"1,314.30","1,323.20","1,314.30","1,321.10","1,321.10",155
5-Mar-18,"1,323.50","1,325.90","1,318.10","1,318.10","1,318.10",18
6-Mar-18,"1,321.60","1,333.60","1,321.40","1,333.60","1,333.60",18
7-Mar-18,"1,338.10","1,338.10","1,326.00","1,326.00","1,326.00",27
8-Mar-18,"1,324.80","1,326.80","1,319.30","1,319.90","1,319.90",62
9-Mar-18,"1,316.80","1,322.40","1,313.00","1,322.40","1,322.40",88
11-Mar-18,"1,319.40","1,319.40","1,319.40","1,319.40","1,319.40",-
12-Mar-18,"1,325.90","1,325.90","1,325.30","1,325.90","1,325.90",13
13-Mar-18,"1,322.20","1,324.40","1,322.20","1,324.40","1,324.40",19
14-Mar-18,"1,316.80","1,316.80","1,316.80","1,316.80","1,316.80",-
15-Mar-18,"1,310.10","1,311.30","1,310.10","1,311.30","1,311.30",34
18-Mar-18,"1,309.40","1,316.90","1,307.30","1,316.80","1,316.80",6
19-Mar-18,"1,311.10","1,311.10","1,311.10","1,311.10","1,311.10",4
20-Mar-18,"1,312.40","1,328.80","1,312.40","1,320.70","1,320.70",34
21-Mar-18,"1,326.60","1,326.60","1,326.60","1,326.60","1,326.60",-
22-Mar-18,"1,343.20","1,349.30","1,343.20","1,349.30","1,349.30",8
25-Mar-18,"1,348.50","1,354.40","1,345.10","1,354.40","1,354.40",10
26-Mar-18,"1,341.00","1,341.30","1,341.00","1,341.30","1,341.30","290,889"
27-Mar-18,"1,345.00","1,346.40","1,322.40","1,324.20","1,324.20","59,284"
28-Mar-18,"1,324.00","1,327.10","1,321.70","1,322.80","1,322.80","5,585"
1-Apr-18,"1,327.00","1,344.20","1,324.70","1,342.10","1,342.10",649
2-Apr-18,"1,340.40","1,341.50","1,328.50","1,332.80","1,332.80",702
3-Apr-18,"1,331.80","1,347.30","1,331.60","1,335.80","1,335.80",718
4-Apr-18,"1,333.50","1,333.70","1,322.60","1,324.30","1,324.30",258
5-Apr-18,"1,326.50","1,333.00","1,319.00","1,331.90","1,331.90",348
8-Apr-18,"1,333.00","1,337.50","1,327.00","1,336.30","1,336.30",290
9-Apr-18,"1,335.20","1,342.00","1,333.00","1,342.00","1,342.00",105
10-Apr-18,"1,340.10","1,365.40","1,340.10","1,356.50","1,356.50",118
11-Apr-18,"1,351.20","1,351.50","1,334.60","1,338.40","1,338.40",34
12-Apr-18,"1,335.90","1,346.00","1,335.90","1,344.80","1,344.80",67
15-Apr-18,"1,341.00","1,348.80","1,341.00","1,347.50","1,347.50",60
16-Apr-18,"1,348.00","1,348.10","1,339.00","1,347.20","1,347.20",409
17-Apr-18,"1,343.50","1,354.20","1,343.50","1,351.20","1,351.20",45
18-Apr-18,"1,348.60","1,355.20","1,341.60","1,346.80","1,346.80",387
19-Apr-18,"1,342.50","1,343.40","1,335.30","1,336.70","1,336.70",310
22-Apr-18,"1,334.00","1,334.40","1,322.50","1,322.50","1,322.50",68
23-Apr-18,"1,326.40","1,331.70","1,326.20","1,331.40","1,331.40",28
24-Apr-18,"1,324.00","1,325.00","1,320.00","1,321.20","1,321.20",278
25-Apr-18,"1,315.70","1,316.30","1,315.70","1,316.30","1,316.30",569
26-Apr-18,"1,315.30","1,321.70","1,312.80","1,320.30","1,320.30",622
29-Apr-18,"1,309.60","1,316.20","1,309.60","1,316.20","1,316.20",49
30-Apr-18,"1,313.20","1,313.80","1,303.40","1,303.80","1,303.80",28
1-May-18,"1,309.00","1,309.30","1,302.60","1,302.60","1,302.60",23
2-May-18,"1,310.70","1,310.70","1,310.70","1,310.70","1,310.70",4
3-May-18,"1,312.70","1,312.70","1,312.70","1,312.70","1,312.70",-
6-May-18,"1,310.60","1,312.50","1,310.20","1,312.20","1,312.20",4
7-May-18,"1,310.10","1,312.00","1,308.50","1,312.00","1,312.00",337
8-May-18,"1,311.30","1,311.30","1,311.30","1,311.30","1,311.30",70
9-May-18,"1,312.20","1,320.80","1,312.20","1,320.80","1,320.80",8
10-May-18,"1,319.00","1,319.00","1,319.00","1,319.00","1,319.00",3
13-May-18,"1,319.90","1,319.90","1,316.50","1,316.50","1,316.50",4
14-May-18,"1,304.60","1,304.70","1,288.90","1,288.90","1,288.90",8
15-May-18,"1,290.90","1,294.00","1,285.40","1,290.20","1,290.20",26
16-May-18,"1,291.30","1,291.30","1,288.20","1,288.20","1,288.20",2
17-May-18,"1,285.20","1,290.20","1,285.20","1,290.20","1,290.20",2
20-May-18,"1,287.40","1,292.10","1,287.40","1,290.20","1,290.20",52
21-May-18,"1,291.70","1,291.70","1,291.70","1,291.70","1,291.70",50
22-May-18,"1,289.30","1,289.30","1,289.30","1,289.30","1,289.30",10
23-May-18,"1,303.70","1,303.70","1,303.70","1,303.70","1,303.70",-
24-May-18,"1,303.30","1,303.30","1,303.30","1,303.30","1,303.30",1
28-May-18,"1,298.70","1,298.70","1,298.70","1,298.70","1,298.70","386,334"
29-May-18,"1,298.00","1,303.70","1,295.20","1,301.50","1,301.50","50,845"
30-May-18,"1,301.00","1,306.80","1,296.60","1,300.10","1,300.10","4,082"
31-May-18,"1,298.60","1,299.50","1,288.90","1,294.80","1,294.80",663
3-Jun-18,"1,293.90","1,297.10","1,290.00","1,293.10","1,293.10",144
4-Jun-18,"1,292.10","1,299.80","1,289.90","1,297.50","1,297.50",357
5-Jun-18,"1,296.10","1,300.40","1,294.10","1,297.10","1,297.10",373
6-Jun-18,"1,298.40","1,302.80","1,296.20","1,298.70","1,298.70",79
7-Jun-18,"1,295.30","1,299.40","1,294.80","1,298.10","1,298.10",650
10-Jun-18,"1,299.30","1,302.00","1,295.20","1,298.90","1,298.90",71
11-Jun-18,"1,297.80","1,298.10","1,292.70","1,295.10","1,295.10",153
12-Jun-18,"1,294.00","1,299.40","1,290.90","1,296.90","1,296.90",135
13-Jun-18,"1,297.20","1,307.70","1,297.20","1,304.00","1,304.00",42
14-Jun-18,"1,297.20","1,307.70","1,274.00","1,274.60","1,274.60",589
17-Jun-18,"1,280.70","1,280.70","1,276.20","1,276.20","1,276.20",35
18-Jun-18,"1,278.70","1,281.80","1,269.90","1,275.60","1,275.60",34
19-Jun-18,"1,274.40","1,274.40","1,271.20","1,271.20","1,271.20",7
20-Jun-18,"1,262.70","1,268.90","1,260.00","1,267.20","1,267.20",46
21-Jun-18,"1,268.10","1,270.20","1,267.00","1,267.40","1,267.40",74
24-Jun-18,"1,270.60","1,271.20","1,265.60","1,265.60","1,265.60",37
25-Jun-18,"1,267.20","1,267.20","1,256.60","1,256.60","1,256.60",89
26-Jun-18,"1,255.50","1,255.50","1,252.30","1,252.80","1,252.80","1,162"
27-Jun-18,"1,251.70","1,251.70","1,244.80","1,247.80","1,247.80",378
28-Jun-18,"1,250.30","1,253.30","1,249.10","1,251.30","1,251.30",48
1-Jul-18,"1,249.90","1,249.90","1,239.80","1,239.80","1,239.80",29
3-Jul-18,"1,238.10","1,254.10","1,237.00","1,251.60","1,251.60",36
4-Jul-18,"1,255.50","1,257.30","1,253.60","1,257.30","1,257.30",9
5-Jul-18,"1,255.50","1,255.50","1,254.30","1,254.30","1,254.30",7
8-Jul-18,"1,258.20","1,262.30","1,257.70","1,258.10","1,258.10",37
9-Jul-18,"1,256.20","1,256.90","1,249.30","1,253.80","1,253.80",65
10-Jul-18,"1,253.20","1,253.20","1,242.80","1,242.80","1,242.80",30
11-Jul-18,"1,240.90","1,246.70","1,240.90","1,245.00","1,245.00",7
12-Jul-18,"1,244.70","1,247.00","1,239.60","1,239.60","1,239.60",2
15-Jul-18,"1,242.70","1,243.80","1,238.10","1,238.10","1,238.10",2
16-Jul-18,"1,225.70","1,225.70","1,225.70","1,225.70","1,225.70",-
17-Jul-18,"1,226.70","1,226.70","1,222.20","1,226.30","1,226.30",67
18-Jul-18,"1,227.20","1,228.00","1,211.70","1,222.40","1,222.40",33
19-Jul-18,"1,229.50","1,229.50","1,229.50","1,229.50","1,229.50",-
22-Jul-18,"1,222.00","1,224.00","1,222.00","1,224.00","1,224.00",1
23-Jul-18,"1,223.90","1,223.90","1,223.90","1,223.90","1,223.90",-
24-Jul-18,"1,231.40","1,231.40","1,231.40","1,231.40","1,231.40",-
25-Jul-18,"1,227.80","1,227.80","1,225.30","1,225.30","1,225.30",1
26-Jul-18,"1,222.60","1,222.60","1,222.60","1,222.60","1,222.60","254,428"
29-Jul-18,"1,222.50","1,223.90","1,218.10","1,221.30","1,221.30","62,239"
30-Jul-18,"1,220.40","1,228.10","1,213.00","1,223.70","1,223.70","2,722"
31-Jul-18,"1,222.90","1,223.70","1,214.40","1,217.90","1,217.90","1,026"
1-Aug-18,"1,214.70","1,219.30","1,205.80","1,210.60","1,210.60",411
2-Aug-18,"1,206.50","1,218.60","1,205.10","1,214.20","1,214.20",784
5-Aug-18,"1,214.40","1,214.40","1,206.60","1,208.60","1,208.60",297
6-Aug-18,"1,207.80","1,214.80","1,207.80","1,209.60","1,209.60",715
7-Aug-18,"1,212.00","1,215.20","1,205.90","1,212.60","1,212.60",209
8-Aug-18,"1,214.50","1,215.30","1,211.60","1,211.90","1,211.90",44
9-Aug-18,"1,212.50","1,216.40","1,205.60","1,211.10","1,211.10",75
12-Aug-18,"1,207.00","1,207.40","1,191.30","1,191.30","1,191.30",78
13-Aug-18,"1,193.10","1,197.50","1,192.80","1,193.00","1,193.00",92
14-Aug-18,"1,187.80","1,188.10","1,174.60","1,177.50","1,177.50",71
15-Aug-18,"1,173.20","1,180.20","1,161.40","1,176.20","1,176.20",123
16-Aug-18,"1,174.70","1,181.20","1,174.70","1,176.50","1,176.50",66
19-Aug-18,"1,184.80","1,190.00","1,184.40","1,186.80","1,186.80",68
20-Aug-18,"1,189.80","1,192.60","1,189.80","1,192.60","1,192.60",22
21-Aug-18,"1,194.70","1,196.30","1,194.70","1,196.30","1,196.30",17
22-Aug-18,"1,189.30","1,190.30","1,184.90","1,187.00","1,187.00",95
23-Aug-18,"1,185.30","1,208.00","1,185.30","1,206.30","1,206.30",12
26-Aug-18,"1,210.30","1,211.40","1,205.20","1,209.00","1,209.00",154
27-Aug-18,"1,209.70","1,217.00","1,202.30","1,207.40","1,207.40",136
28-Aug-18,"1,205.20","1,205.20","1,202.40","1,204.50","1,204.50",817
29-Aug-18,"1,205.40","1,205.60","1,196.00","1,197.70","1,197.70",493
30-Aug-18,"1,207.10","1,208.20","1,199.10","1,200.30","1,200.30",191
3-Sep-18,"1,193.80","1,193.80","1,189.90","1,192.70","1,192.70",26
4-Sep-18,"1,192.50","1,196.00","1,192.50","1,194.90","1,194.90",21
5-Sep-18,"1,202.00","1,202.00","1,197.90","1,197.90","1,197.90",7
6-Sep-18,"1,198.30","1,198.30","1,193.10","1,193.60","1,193.60",29
9-Sep-18,"1,193.00","1,193.00","1,193.00","1,193.00","1,193.00",11
10-Sep-18,"1,190.40","1,196.30","1,190.40","1,195.40","1,195.40",21
11-Sep-18,"1,205.00","1,205.00","1,204.70","1,204.70","1,204.70",37
12-Sep-18,"1,203.40","1,203.40","1,200.00","1,202.00","1,202.00",22
13-Sep-18,"1,195.00","1,195.00","1,195.00","1,195.00","1,195.00",1
16-Sep-18,"1,199.70","1,199.70","1,199.70","1,199.70","1,199.70",-
17-Sep-18,"1,198.70","1,198.70","1,196.80","1,196.80","1,196.80",2
18-Sep-18,"1,202.20","1,202.20","1,202.20","1,202.20","1,202.20",-
19-Sep-18,"1,206.20","1,206.20","1,206.20","1,206.20","1,206.20",-
20-Sep-18,"1,196.20","1,196.20","1,196.20","1,196.20","1,196.20",-
23-Sep-18,"1,199.30","1,199.30","1,199.30","1,199.30","1,199.30",-
24-Sep-18,"1,202.10","1,202.80","1,200.00","1,200.00","1,200.00",21
25-Sep-18,"1,194.00","1,194.00","1,194.00","1,194.00","1,194.00","17,857"
26-Sep-18,"1,194.60","1,197.30","1,180.50","1,182.30","1,182.30","4,947"
27-Sep-18,"1,181.70","1,191.90","1,180.00","1,191.50","1,191.50",404
30-Sep-18,"1,191.60","1,191.60","1,185.80","1,187.10","1,187.10",180
1-Oct-18,"1,193.00","1,206.00","1,190.30","1,202.40","1,202.40",451
2-Oct-18,"1,202.60","1,202.60","1,196.60","1,198.30","1,198.30",76
3-Oct-18,"1,199.30","1,204.60","1,197.20","1,197.20","1,197.20",496
4-Oct-18,"1,197.10","1,205.30","1,196.90","1,201.20","1,201.20",34
7-Oct-18,"1,201.00","1,201.00","1,183.70","1,184.40","1,184.40",250
8-Oct-18,"1,185.60","1,189.10","1,185.60","1,187.20","1,187.20",9
9-Oct-18,"1,189.30","1,192.00","1,189.30","1,189.30","1,189.30","1,078"
10-Oct-18,"1,198.10","1,224.60","1,196.30","1,223.50","1,223.50",126
11-Oct-18,"1,221.60","1,221.60","1,216.00","1,218.10","1,218.10",122
14-Oct-18,"1,222.40","1,232.30","1,222.40","1,226.40","1,226.40",136
15-Oct-18,"1,227.10","1,230.50","1,227.10","1,227.30","1,227.30",426
16-Oct-18,"1,225.90","1,225.90","1,223.70","1,223.70","1,223.70",1
17-Oct-18,"1,226.50","1,226.50","1,226.50","1,226.50","1,226.50",165
18-Oct-18,"1,225.30","1,225.30","1,225.30","1,225.30","1,225.30",55
21-Oct-18,"1,224.50","1,224.50","1,219.60","1,221.20","1,221.20",18
22-Oct-18,"1,224.80","1,237.80","1,224.80","1,233.40","1,233.40",33
23-Oct-18,"1,231.60","1,231.60","1,227.80","1,227.80","1,227.80",36
24-Oct-18,"1,238.60","1,238.60","1,229.10","1,229.10","1,229.10",7
25-Oct-18,"1,234.30","1,234.80","1,232.50","1,232.50","1,232.50",20
28-Oct-18,"1,224.50","1,224.50","1,224.50","1,224.50","1,224.50",214
29-Oct-18,"1,227.70","1,227.70","1,219.80","1,222.60","1,222.60",72
30-Oct-18,"1,216.00","1,216.60","1,212.00","1,212.30","1,212.30",121
31-Oct-18,"1,215.40","1,236.00","1,215.40","1,236.00","1,236.00",14
1-Nov-18,"1,233.30","1,233.30","1,230.90","1,230.90","1,230.90",18
5-Nov-18,"1,230.60","1,231.50","1,226.70","1,229.80","1,229.80",15
6-Nov-18,"1,230.70","1,233.80","1,223.80","1,223.80","1,223.80",4
7-Nov-18,"1,228.60","1,228.60","1,226.20","1,226.20","1,226.20",1
8-Nov-18,"1,222.90","1,222.90","1,222.90","1,222.90","1,222.90",2
9-Nov-18,"1,207.90","1,207.90","1,206.40","1,206.40","1,206.40",14
12-Nov-18,"1,201.60","1,201.60","1,201.30","1,201.30","1,201.30",1
13-Nov-18,"1,196.30","1,201.30","1,196.30","1,199.20","1,199.20",5
14-Nov-18,"1,207.90","1,207.90","1,207.90","1,207.90","1,207.90",-
15-Nov-18,"1,212.80","1,212.80","1,212.80","1,212.80","1,212.80",-
16-Nov-18,"1,216.70","1,223.80","1,216.70","1,220.80","1,220.80",5
19-Nov-18,"1,223.10","1,223.10","1,223.10","1,223.10","1,223.10",-
20-Nov-18,"1,225.30","1,228.80","1,219.00","1,219.00","1,219.00",12
21-Nov-18,"1,225.80","1,225.80","1,225.80","1,225.80","1,225.80",-
23-Nov-18,"1,224.80","1,224.80","1,221.00","1,221.00","1,221.00",1
26-Nov-18,"1,220.20","1,222.00","1,220.20","1,220.20","1,220.20",2
27-Nov-18,"1,221.90","1,222.00","1,211.20","1,211.20","1,211.20",5
28-Nov-18,"1,211.50","1,221.40","1,211.50","1,221.40","1,221.40","247,168"
29-Nov-18,"1,221.00","1,228.70","1,220.50","1,224.10","1,224.10","55,478"
30-Nov-18,"1,224.10","1,225.00","1,216.10","1,220.20","1,220.20","2,060"
3-Dec-18,"1,222.50","1,234.10","1,221.30","1,233.90","1,233.90",751
4-Dec-18,"1,231.00","1,241.40","1,230.40","1,241.10","1,241.10",474
6-Dec-18,"1,237.50","1,244.40","1,234.80","1,238.10","1,238.10",434
7-Dec-18,"1,238.30","1,249.80","1,237.60","1,246.80","1,246.80",211
10-Dec-18,"1,249.60","1,249.60","1,241.70","1,243.70","1,243.70",131
11-Dec-18,"1,245.80","1,248.70","1,241.50","1,241.90","1,241.90",117
12-Dec-18,"1,245.30","1,245.60","1,244.10","1,244.40","1,244.40",84
13-Dec-18,"1,243.50","1,243.50","1,241.00","1,242.70","1,242.70",194
14-Dec-18,"1,241.70","1,241.70","1,234.10","1,237.00","1,237.00",33
17-Dec-18,"1,239.30","1,247.40","1,239.30","1,247.40","1,247.40",10
18-Dec-18,"1,248.20","1,249.20","1,245.60","1,249.20","1,249.20",31
19-Dec-18,"1,255.80","1,255.80","1,252.10","1,252.10","1,252.10",268
20-Dec-18,"1,243.20","1,263.60","1,243.20","1,263.60","1,263.60",49
21-Dec-18,"1,260.30","1,261.30","1,253.80","1,253.80","1,253.80",96
24-Dec-18,"1,260.30","1,268.50","1,260.30","1,267.50","1,267.50",27
26-Dec-18,"1,269.30","1,277.40","1,269.20","1,269.20","1,269.20",63
27-Dec-18,"1,276.70","1,277.30","1,276.70","1,277.30","1,277.30",480
28-Dec-18,"1,273.50","1,280.10","1,273.50","1,279.90","1,279.90",805
31-Dec-18,"1,278.00","1,281.30","1,277.60","1,278.30","1,278.30",19
2-Jan-19,"1,286.00","1,286.00","1,277.60","1,281.00","1,281.00",149
3-Jan-19,"1,286.80","1,292.00","1,286.70","1,291.80","1,291.80",10
4-Jan-19,"1,294.20","1,294.20","1,275.30","1,282.70","1,282.70",34
7-Jan-19,"1,286.80","1,286.80","1,286.60","1,286.80","1,286.80",2
8-Jan-19,"1,280.50","1,283.20","1,278.20","1,283.20","1,283.20",54
9-Jan-19,"1,279.40","1,289.30","1,279.20","1,289.30","1,289.30",102
10-Jan-19,"1,284.70","1,284.70","1,284.70","1,284.70","1,284.70",-
11-Jan-19,"1,291.20","1,291.20","1,286.30","1,287.10","1,287.10",11
14-Jan-19,"1,292.40","1,293.90","1,289.10","1,289.10","1,289.10",7
15-Jan-19,"1,290.10","1,292.70","1,286.20","1,286.20","1,286.20",3
16-Jan-19,"1,291.60","1,291.60","1,291.60","1,291.60","1,291.60",2
17-Jan-19,"1,291.60","1,292.70","1,288.50","1,291.00","1,291.00",10
18-Jan-19,"1,281.30","1,281.30","1,281.30","1,281.30","1,281.30",3
22-Jan-19,"1,282.50","1,283.30","1,282.50","1,282.50","1,282.50",7
23-Jan-19,"1,281.70","1,283.90","1,278.70","1,283.10","1,283.10",14
24-Jan-19,"1,279.10","1,279.10","1,278.50","1,279.10","1,279.10",1
25-Jan-19,"1,297.40","1,297.40","1,297.40","1,297.40","1,297.40",-
28-Jan-19,"1,300.80","1,307.10","1,298.40","1,302.40","1,302.40",54
29-Jan-19,"1,308.20","1,308.20","1,308.20","1,308.20","1,308.20","213,607"
30-Jan-19,"1,310.40","1,323.40","1,308.10","1,309.90","1,309.90","54,958"
31-Jan-19,"1,320.00","1,325.40","1,316.70","1,319.70","1,319.70","1,970"
1-Feb-19,"1,320.30","1,320.70","1,315.40","1,316.90","1,316.90",878
4-Feb-19,"1,318.10","1,318.10","1,308.30","1,314.30","1,314.30",675
5-Feb-19,"1,311.10","1,315.10","1,311.00","1,314.20","1,314.20",362
6-Feb-19,"1,312.50","1,313.50","1,305.00","1,309.50","1,309.50",358
7-Feb-19,"1,302.90","1,310.40","1,302.20","1,309.40","1,309.40",203
8-Feb-19,"1,309.50","1,314.00","1,307.80","1,313.70","1,313.70",122
11-Feb-19,"1,313.40","1,313.40","1,304.70","1,307.00","1,307.00",119
12-Feb-19,"1,310.00","1,312.00","1,307.60","1,309.20","1,309.20",109
13-Feb-19,"1,311.60","1,316.00","1,308.10","1,310.80","1,310.80",143
14-Feb-19,"1,305.00","1,311.80","1,301.60","1,309.80","1,309.80",858
15-Feb-19,"1,313.60","1,318.80","1,313.60","1,318.10","1,318.10",190
19-Feb-19,"1,320.90","1,340.10","1,320.50","1,340.10","1,340.10",390
20-Feb-19,"1,342.20","1,344.00","1,338.00","1,343.30","1,343.30",581
21-Feb-19,"1,331.30","1,334.90","1,320.90","1,323.50","1,323.50",414
22-Feb-19,"1,324.20","1,331.30","1,321.00","1,329.20","1,329.20",718
25-Feb-19,"1,329.20","1,331.60","1,325.60","1,325.90","1,325.90",185
26-Feb-19,"1,323.30","1,325.50","1,323.30","1,325.10","1,325.10",939
27-Feb-19,"1,327.70","1,327.90","1,316.50","1,317.70","1,317.70",604
28-Feb-19,"1,321.10","1,323.70","1,311.50","1,312.80","1,312.80",141
1-Mar-19,"1,312.20","1,312.20","1,288.90","1,296.40","1,296.40",110
4-Mar-19,"1,285.50","1,287.00","1,281.90","1,284.80","1,284.80",28
5-Mar-19,"1,287.00","1,287.00","1,282.00","1,282.00","1,282.00",114
6-Mar-19,"1,287.10","1,287.10","1,282.60","1,284.90","1,284.90",14
7-Mar-19,"1,281.00","1,284.60","1,281.00","1,283.80","1,283.80",11
8-Mar-19,"1,292.10","1,297.40","1,291.60","1,297.00","1,297.00",10
10-Mar-19,"1,291.00","1,291.00","1,288.80","1,288.80","1,288.80",9
11-Mar-19,"1,294.70","1,296.30","1,294.70","1,296.30","1,296.30",1
12-Mar-19,"1,307.50","1,307.50","1,307.50","1,307.50","1,307.50",-
13-Mar-19,"1,293.40","1,293.40","1,293.40","1,293.40","1,293.40",1
14-Mar-19,"1,300.90","1,304.70","1,300.50","1,301.80","1,301.80",26
17-Mar-19,"1,297.30","1,302.20","1,297.30","1,300.30","1,300.30",8
18-Mar-19,"1,306.90","1,306.90","1,304.80","1,305.00","1,305.00",20
19-Mar-19,"1,300.70","1,300.70","1,300.50","1,300.50","1,300.50",2
20-Mar-19,"1,306.10","1,306.10","1,306.10","1,306.10","1,306.10",-
21-Mar-19,"1,311.60","1,311.60","1,311.60","1,311.60","1,311.60",-
24-Mar-19,"1,320.70","1,322.90","1,320.70","1,321.90","1,321.90",19
25-Mar-19,"1,315.60","1,315.60","1,314.30","1,314.30","1,314.30",1
26-Mar-19,"1,309.90","1,309.90","1,309.90","1,309.90","1,309.90","206,263"
27-Mar-19,"1,308.40","1,311.10","1,287.70","1,289.80","1,289.80","87,798"
28-Mar-19,"1,289.60","1,298.50","1,286.10","1,293.00","1,293.00","1,265"
31-Mar-19,"1,291.80","1,295.90","1,285.70","1,288.40","1,288.40",675
1-Apr-19,"1,286.30","1,290.90","1,284.50","1,290.00","1,290.00",525
2-Apr-19,"1,291.40","1,293.10","1,287.50","1,289.90","1,289.90",172
3-Apr-19,"1,290.60","1,292.60","1,279.50","1,289.00","1,289.00",269
4-Apr-19,"1,292.00","1,292.00","1,283.60","1,290.40","1,290.40",181
7-Apr-19,"1,292.20","1,302.10","1,291.80","1,297.10","1,297.10",63
8-Apr-19,"1,298.50","1,304.90","1,298.50","1,303.50","1,303.50",30
9-Apr-19,"1,304.00","1,309.10","1,301.50","1,309.10","1,309.10",66
10-Apr-19,"1,307.00","1,307.10","1,288.60","1,288.60","1,288.60",420
11-Apr-19,"1,293.40","1,293.40","1,289.20","1,290.60","1,290.60",607
14-Apr-19,"1,284.80","1,287.30","1,282.30","1,286.80","1,286.80",523
15-Apr-19,"1,285.20","1,285.20","1,272.20","1,272.60","1,272.60",643
16-Apr-19,"1,273.50","1,273.50","1,271.60","1,272.20","1,272.20",308
17-Apr-19,"1,270.80","1,273.60","1,270.10","1,271.90","1,271.90",27
21-Apr-19,"1,273.50","1,273.50","1,273.50","1,273.50","1,273.50",147
22-Apr-19,"1,266.40","1,269.80","1,266.00","1,269.30","1,269.30",206
23-Apr-19,"1,268.40","1,275.50","1,267.80","1,275.50","1,275.50",518
24-Apr-19,"1,280.60","1,280.80","1,275.80","1,275.80","1,275.80",95
25-Apr-19,"1,284.90","1,284.90","1,284.90","1,284.90","1,284.90",804
28-Apr-19,"1,284.80","1,284.90","1,277.10","1,278.60","1,278.60",568
29-Apr-19,"1,281.70","1,283.30","1,280.80","1,282.80","1,282.80",114
30-Apr-19,"1,278.70","1,283.30","1,278.70","1,281.40","1,281.40",70
1-May-19,"1,269.20","1,270.80","1,266.60","1,269.70","1,269.70",63
2-May-19,"1,270.10","1,279.20","1,270.10","1,279.20","1,279.20",15
5-May-19,"1,282.20","1,282.20","1,280.30","1,281.70","1,281.70",12
6-May-19,"1,280.50","1,283.50","1,280.50","1,283.50","1,283.50",8
7-May-19,"1,279.40","1,279.40","1,279.40","1,279.40","1,279.40",5
8-May-19,"1,278.90","1,285.00","1,278.80","1,283.50","1,283.50",38
9-May-19,"1,285.40","1,286.50","1,283.30","1,285.70","1,285.70",6
12-May-19,"1,286.70","1,300.10","1,281.80","1,300.10","1,300.10",56
13-May-19,"1,297.80","1,297.80","1,294.70","1,294.70","1,294.70",6
14-May-19,"1,296.90","1,296.90","1,296.00","1,296.30","1,296.30",55
15-May-19,"1,285.20","1,285.40","1,285.00","1,285.00","1,285.00",3
16-May-19,"1,280.00","1,280.00","1,274.50","1,274.50","1,274.50",1
19-May-19,"1,276.10","1,276.10","1,276.10","1,276.10","1,276.10",20
20-May-19,"1,272.00","1,272.00","1,272.00","1,272.00","1,272.00",-
21-May-19,"1,273.60","1,273.60","1,273.60","1,273.60","1,273.60",-
22-May-19,"1,284.80","1,284.80","1,284.80","1,284.80","1,284.80",-
23-May-19,"1,283.00","1,283.00","1,283.00","1,283.00","1,283.00",9
27-May-19,"1,276.50","1,276.50","1,276.50","1,276.50","1,276.50",-
28-May-19,"1,280.60","1,280.60","1,280.60","1,280.60","1,280.60","189,694"
29-May-19,"1,279.40","1,288.30","1,273.90","1,287.10","1,287.10","55,573"
30-May-19,"1,287.70","1,306.40","1,287.50","1,305.80","1,305.80","2,814"
2-Jun-19,"1,307.00","1,327.80","1,307.00","1,322.70","1,322.70",812
3-Jun-19,"1,324.30","1,328.60","1,320.80","1,323.40","1,323.40",302
4-Jun-19,"1,328.90","1,343.30","1,326.30","1,328.30","1,328.30",622
5-Jun-19,"1,330.80","1,338.70","1,326.20","1,337.60","1,337.60",161
6-Jun-19,"1,333.10","1,347.70","1,329.80","1,341.20","1,341.20",240
9-Jun-19,"1,335.80","1,336.50","1,324.10","1,324.70","1,324.70",268
10-Jun-19,"1,328.40","1,328.40","1,319.10","1,326.40","1,326.40",201
11-Jun-19,"1,326.90","1,334.50","1,326.90","1,331.90","1,331.90",139
12-Jun-19,"1,331.60","1,341.10","1,331.60","1,339.20","1,339.20",157
13-Jun-19,"1,345.40","1,355.40","1,339.30","1,340.10","1,340.10",914
16-Jun-19,"1,339.00","1,340.30","1,335.00","1,338.70","1,338.70",76
17-Jun-19,"1,349.30","1,349.30","1,341.60","1,346.60","1,346.60",29
18-Jun-19,"1,344.00","1,344.60","1,344.00","1,344.60","1,344.60",129
19-Jun-19,"1,381.50","1,392.90","1,379.50","1,392.90","1,392.90",76
20-Jun-19,"1,406.00","1,406.00","1,390.30","1,396.20","1,396.20",35
23-Jun-19,"1,406.00","1,420.60","1,402.10","1,414.30","1,414.30",125
24-Jun-19,"1,418.10","1,433.30","1,414.90","1,414.90","1,414.90",105
25-Jun-19,"1,407.20","1,413.30","1,405.80","1,411.60","1,411.60","1,333"
26-Jun-19,"1,407.00","1,410.80","1,399.80","1,408.40","1,408.40",437
27-Jun-19,"1,408.30","1,422.00","1,408.30","1,409.70","1,409.70",356
30-Jun-19,"1,386.60","1,395.80","1,382.80","1,385.60","1,385.60",214
1-Jul-19,"1,391.10","1,418.40","1,390.80","1,404.60","1,404.60",38
3-Jul-19,"1,431.00","1,434.00","1,413.10","1,417.70","1,417.70",46
4-Jul-19,"1,418.30","1,418.30","1,390.20","1,396.70","1,396.70",20
7-Jul-19,"1,395.90","1,397.00","1,393.60","1,397.00","1,397.00",14
8-Jul-19,"1,394.50","1,397.50","1,386.20","1,397.50","1,397.50",53
9-Jul-19,"1,409.90","1,410.10","1,409.90","1,410.10","1,410.10",50
10-Jul-19,"1,424.00","1,424.00","1,404.30","1,404.30","1,404.30",6
11-Jul-19,"1,405.60","1,410.10","1,405.60","1,409.90","1,409.90",8
14-Jul-19,"1,414.40","1,415.00","1,411.40","1,411.40","1,411.40",25
15-Jul-19,"1,413.60","1,413.70","1,405.00","1,409.20","1,409.20",13
16-Jul-19,"1,404.60","1,421.30","1,404.60","1,421.30","1,421.30",6
17-Jul-19,"1,422.30","1,444.20","1,419.50","1,426.10","1,426.10",66
18-Jul-19,"1,440.50","1,442.00","1,425.10","1,425.10","1,425.10",22
21-Jul-19,"1,425.30","1,425.30","1,424.00","1,425.30","1,425.30",1
22-Jul-19,"1,418.60","1,421.30","1,416.30","1,420.10","1,420.10",5
23-Jul-19,"1,422.80","1,422.80","1,422.80","1,422.80","1,422.80",20
24-Jul-19,"1,413.90","1,413.90","1,413.90","1,413.90","1,413.90",4
25-Jul-19,"1,422.80","1,423.00","1,418.50","1,418.50","1,418.50",5
28-Jul-19,"1,419.60","1,419.60","1,419.60","1,419.60","1,419.60","224,267"
29-Jul-19,"1,426.30","1,433.90","1,422.10","1,429.70","1,429.70","73,874"
30-Jul-19,"1,431.30","1,435.80","1,411.20","1,426.10","1,426.10","3,294"
31-Jul-19,"1,411.30","1,445.20","1,400.90","1,420.90","1,420.90","2,431"
1-Aug-19,"1,448.00","1,448.00","1,432.30","1,445.60","1,445.60","1,873"
4-Aug-19,"1,440.40","1,469.70","1,440.40","1,464.60","1,464.60","1,008"
5-Aug-19,"1,469.70","1,475.00","1,457.70","1,472.40","1,472.40",460
6-Aug-19,"1,473.50","1,509.90","1,473.20","1,507.30","1,507.30",824
7-Aug-19,"1,498.40","1,508.50","1,492.00","1,497.70","1,497.70",367
8-Aug-19,"1,506.20","1,507.50","1,495.60","1,496.60","1,496.60",74
11-Aug-19,"1,496.00","1,514.90","1,488.10","1,505.30","1,505.30",257
12-Aug-19,"1,510.40","1,531.40","1,483.70","1,502.20","1,502.20",672
13-Aug-19,"1,500.00","1,520.50","1,497.00","1,515.90","1,515.90",328
14-Aug-19,"1,519.80","1,522.70","1,510.60","1,519.60","1,519.60",87
15-Aug-19,"1,524.60","1,524.60","1,504.70","1,512.50","1,512.50","1,815"
18-Aug-19,"1,507.20","1,507.60","1,492.90","1,500.40","1,500.40",205
19-Aug-19,"1,497.50","1,506.10","1,497.50","1,504.60","1,504.60",486
20-Aug-19,"1,504.90","1,505.00","1,498.80","1,504.60","1,504.60",350
21-Aug-19,"1,495.10","1,497.30","1,493.80","1,497.30","1,497.30",686
22-Aug-19,"1,493.50","1,527.60","1,493.50","1,526.60","1,526.60",983
25-Aug-19,"1,543.20","1,543.30","1,524.30","1,526.30","1,526.30",334
26-Aug-19,"1,530.50","1,542.10","1,528.50","1,541.00","1,541.00",166
27-Aug-19,"1,538.10","1,538.10","1,537.80","1,537.80","1,537.80","2,756"
28-Aug-19,"1,537.50","1,549.30","1,519.60","1,526.50","1,526.50",704
29-Aug-19,"1,524.60","1,530.40","1,516.70","1,519.10","1,519.10",276
2-Sep-19,"1,522.90","1,547.30","1,521.00","1,545.90","1,545.90",139
3-Sep-19,"1,549.00","1,553.20","1,534.80","1,550.30","1,550.30",46
4-Sep-19,"1,551.00","1,551.10","1,511.10","1,515.40","1,515.40",125
5-Sep-19,"1,517.30","1,526.00","1,504.50","1,506.20","1,506.20",54
8-Sep-19,"1,509.00","1,513.00","1,498.00","1,502.20","1,502.20",69
9-Sep-19,"1,498.50","1,498.50","1,486.90","1,490.30","1,490.30",23
10-Sep-19,"1,491.70","1,496.60","1,490.20","1,494.40","1,494.40",8
11-Sep-19,"1,499.50","1,515.40","1,498.70","1,498.70","1,498.70",27
12-Sep-19,"1,490.90","1,490.90","1,486.90","1,490.90","1,490.90",1
15-Sep-19,"1,506.60","1,506.80","1,496.90","1,503.10","1,503.10",21
16-Sep-19,"1,497.90","1,505.10","1,497.90","1,505.10","1,505.10",3
17-Sep-19,"1,508.90","1,509.40","1,489.30","1,507.50","1,507.50",8
18-Sep-19,"1,496.10","1,502.40","1,496.10","1,498.40","1,498.40",10
19-Sep-19,"1,503.00","1,507.30","1,503.00","1,507.30","1,507.30",2
22-Sep-19,"1,515.50","1,523.70","1,515.50","1,523.70","1,523.70",5
23-Sep-19,"1,515.10","1,533.00","1,515.10","1,532.10","1,532.10",25
24-Sep-19,"1,527.60","1,527.90","1,504.60","1,504.60","1,504.60",25
25-Sep-19,"1,507.50","1,507.50","1,507.50","1,507.50","1,507.50","8,178"
26-Sep-19,"1,504.20","1,506.10","1,485.60","1,499.10","1,499.10","7,827"
29-Sep-19,"1,495.90","1,495.90","1,463.50","1,465.70","1,465.70","1,078"
30-Sep-19,"1,468.70","1,485.50","1,458.30","1,482.00","1,482.00",219
1-Oct-19,"1,476.60","1,503.70","1,474.10","1,501.00","1,501.00",205
2-Oct-19,"1,497.40","1,518.20","1,496.60","1,507.10","1,507.10","1,213"
3-Oct-19,"1,505.60","1,508.70","1,497.10","1,506.20","1,506.20",233
6-Oct-19,"1,504.80","1,505.80","1,489.10","1,497.70","1,497.70",121
7-Oct-19,"1,489.40","1,506.30","1,489.30","1,497.20","1,497.20",46
8-Oct-19,"1,507.70","1,507.70","1,498.40","1,506.10","1,506.10",120
9-Oct-19,"1,511.20","1,511.20","1,490.60","1,494.80","1,494.80",78
10-Oct-19,"1,491.90","1,494.90","1,476.90","1,482.70","1,482.70",57
13-Oct-19,"1,484.40","1,493.50","1,481.30","1,491.70","1,491.70",400
14-Oct-19,"1,488.90","1,495.40","1,476.60","1,477.60","1,477.60",367
15-Oct-19,"1,482.00","1,488.00","1,480.00","1,488.00","1,488.00",383
16-Oct-19,"1,486.20","1,493.20","1,485.80","1,492.30","1,492.30",271
17-Oct-19,"1,487.30","1,489.10","1,486.60","1,488.20","1,488.20",82
20-Oct-19,"1,489.90","1,489.90","1,481.50","1,482.40","1,482.40",72
21-Oct-19,"1,483.40","1,483.50","1,481.70","1,481.70","1,481.70",99
22-Oct-19,"1,486.40","1,490.30","1,486.40","1,489.90","1,489.90",67
23-Oct-19,"1,490.50","1,501.20","1,485.90","1,498.90","1,498.90",115
24-Oct-19,"1,501.40","1,514.30","1,499.00","1,499.50","1,499.50",93
27-Oct-19,"1,504.10","1,504.10","1,490.00","1,490.00","1,490.00",37
28-Oct-19,"1,485.90","1,487.00","1,485.90","1,487.00","1,487.00",425
29-Oct-19,"1,487.20","1,495.40","1,481.00","1,493.20","1,493.20",320
30-Oct-19,"1,496.10","1,513.10","1,496.10","1,511.40","1,511.40",210
31-Oct-19,"1,511.00","1,511.60","1,503.00","1,508.00","1,508.00",235
4-Nov-19,"1,511.60","1,511.60","1,508.00","1,508.00","1,508.00",101
5-Nov-19,"1,507.10","1,507.10","1,480.80","1,480.80","1,480.80",31
6-Nov-19,"1,483.20","1,491.00","1,483.20","1,490.20","1,490.20",567
7-Nov-19,"1,489.10","1,489.10","1,464.20","1,464.20","1,464.20",581
8-Nov-19,"1,469.10","1,469.10","1,461.30","1,461.30","1,461.30",21
11-Nov-19,"1,461.00","1,461.00","1,449.30","1,455.50","1,455.50",22
12-Nov-19,"1,454.90","1,454.90","1,447.10","1,452.10","1,452.10",6
13-Nov-19,"1,456.80","1,463.30","1,456.80","1,461.70","1,461.70",56
14-Nov-19,"1,463.80","1,471.80","1,463.70","1,471.80","1,471.80",83
15-Nov-19,"1,469.10","1,469.10","1,467.30","1,467.30","1,467.30",13
18-Nov-19,"1,472.00","1,472.00","1,469.70","1,470.90","1,470.90",141
19-Nov-19,"1,467.70","1,474.30","1,467.70","1,473.30","1,473.30",18
20-Nov-19,"1,472.60","1,474.50","1,467.30","1,473.30","1,473.30",31
21-Nov-19,"1,463.10","1,463.10","1,463.10","1,463.10","1,463.10",16
22-Nov-19,"1,468.60","1,468.60","1,463.10","1,463.10","1,463.10",19
25-Nov-19,"1,457.10","1,457.10","1,455.50","1,456.60","1,456.60",14
26-Nov-19,"1,459.80","1,459.80","1,459.80","1,459.80","1,459.80","346,362"
27-Nov-19,"1,461.10","1,461.90","1,452.00","1,453.40","1,453.40","88,364"
29-Nov-19,"1,453.60","1,465.60","1,452.10","1,465.60","1,465.60","7,020"
2-Dec-19,"1,462.80","1,464.40","1,453.30","1,462.30","1,462.30","2,172"
3-Dec-19,"1,461.60","1,480.40","1,459.50","1,478.20","1,478.20","1,460"
4-Dec-19,"1,477.50","1,483.40","1,471.20","1,474.00","1,474.00",613
5-Dec-19,"1,474.70","1,478.00","1,472.30","1,476.90","1,476.90",907
6-Dec-19,"1,475.00","1,476.00","1,458.20","1,459.10","1,459.10",899
9-Dec-19,"1,458.80","1,464.20","1,458.60","1,459.30","1,459.30","1,461"
10-Dec-19,"1,460.70","1,467.20","1,460.70","1,462.60","1,462.60",367
11-Dec-19,"1,463.10","1,475.40","1,463.10","1,469.40","1,469.40",393
12-Dec-19,"1,475.10","1,483.90","1,463.70","1,466.70","1,466.70",955
13-Dec-19,"1,463.10","1,475.90","1,463.10","1,475.60","1,475.60",468
16-Dec-19,"1,473.80","1,475.30","1,473.80","1,475.00","1,475.00",99
17-Dec-19,"1,474.10","1,476.90","1,474.00","1,474.60","1,474.60",410
18-Dec-19,"1,472.60","1,472.60","1,472.60","1,472.60","1,472.60",250
19-Dec-19,"1,475.90","1,478.90","1,473.30","1,478.20","1,478.20",319
20-Dec-19,"1,476.70","1,478.10","1,474.70","1,474.70","1,474.70",118
23-Dec-19,"1,482.30","1,482.50","1,479.90","1,482.50","1,482.50",391
24-Dec-19,"1,488.70","1,499.10","1,488.70","1,499.10","1,499.10",52
26-Dec-19,"1,505.20","1,512.30","1,505.00","1,509.30","1,509.30",126
27-Dec-19,"1,513.80","1,513.80","1,513.80","1,513.80","1,513.80",839
30-Dec-19,"1,512.60","1,515.10","1,510.00","1,514.50","1,514.50",446
31-Dec-19,"1,513.80","1,523.40","1,513.80","1,519.50","1,519.50",301
2-Jan-20,"1,518.10","1,528.70","1,518.00","1,524.50","1,524.50",214
3-Jan-20,"1,530.10","1,552.70","1,530.10","1,549.20","1,549.20",107
6-Jan-20,"1,580.00","1,580.00","1,560.40","1,566.20","1,566.20",416
7-Jan-20,"1,558.30","1,576.30","1,558.30","1,571.80","1,571.80",47
8-Jan-20,"1,579.70","1,604.20","1,552.30","1,557.40","1,557.40",236
9-Jan-20,"1,555.70","1,555.70","1,543.30","1,551.70","1,551.70",54
10-Jan-20,"1,551.20","1,558.80","1,545.40","1,557.50","1,557.50",16
13-Jan-20,"1,557.40","1,558.00","1,548.40","1,548.40","1,548.40",48
14-Jan-20,"1,546.70","1,546.70","1,534.90","1,542.40","1,542.40",32
15-Jan-20,"1,548.00","1,553.90","1,545.60","1,552.10","1,552.10",11
16-Jan-20,"1,555.70","1,556.10","1,548.50","1,549.00","1,549.00",98
17-Jan-20,"1,554.10","1,558.80","1,553.60","1,558.80","1,558.80",108
21-Jan-20,"1,559.30","1,566.20","1,551.00","1,556.40","1,556.40",45
22-Jan-20,"1,549.80","1,557.10","1,549.80","1,555.30","1,555.30",42
23-Jan-20,"1,553.10","1,564.60","1,552.20","1,564.60","1,564.60",15
24-Jan-20,"1,556.30","1,571.10","1,556.30","1,571.10","1,571.10",43
27-Jan-20,"1,584.30","1,584.50","1,576.80","1,576.80","1,576.80",22
28-Jan-20,"1,576.40","1,576.40","1,569.20","1,569.20","1,569.20",3
29-Jan-20,"1,569.80","1,569.80","1,569.80","1,569.80","1,569.80","251,274"
30-Jan-20,"1,576.80","1,585.00","1,571.40","1,583.50","1,583.50","62,336"
31-Jan-20,"1,573.40","1,589.00","1,570.00","1,582.90","1,582.90","1,095"
3-Feb-20,"1,592.90","1,593.30","1,568.20","1,577.20","1,577.20","1,062"
4-Feb-20,"1,577.70","1,577.70","1,547.80","1,550.40","1,550.40",978
5-Feb-20,"1,553.20","1,560.70","1,547.70","1,557.80","1,557.80","1,305"
6-Feb-20,"1,553.60","1,565.60","1,551.60","1,565.10","1,565.10",110
7-Feb-20,"1,564.90","1,571.90","1,560.50","1,568.60","1,568.60",431
10-Feb-20,"1,569.30","1,574.70","1,568.60","1,574.70","1,574.70",128
11-Feb-20,"1,570.90","1,571.10","1,561.90","1,565.60","1,565.60",440
12-Feb-20,"1,565.20","1,568.70","1,561.00","1,567.40","1,567.40",36
13-Feb-20,"1,570.20","1,575.10","1,570.20","1,575.10","1,575.10",74
14-Feb-20,"1,575.80","1,582.70","1,574.80","1,582.70","1,582.70",68
18-Feb-20,"1,579.80","1,604.30","1,579.80","1,600.00","1,600.00",310
19-Feb-20,"1,600.60","1,610.50","1,599.70","1,607.50","1,607.50",542
20-Feb-20,"1,606.50","1,621.00","1,603.00","1,616.60","1,616.60",117
21-Feb-20,"1,619.30","1,645.00","1,619.30","1,644.60","1,644.60",186
24-Feb-20,"1,657.00","1,686.60","1,650.00","1,672.40","1,672.40",435
25-Feb-20,"1,645.10","1,653.70","1,632.30","1,646.90","1,646.90",409
26-Feb-20,"1,644.00","1,648.10","1,636.40","1,640.00","1,640.00","1,990"
27-Feb-20,"1,641.10","1,658.00","1,638.50","1,640.00","1,640.00",707
28-Feb-20,"1,640.30","1,642.50","1,564.10","1,564.10","1,564.10",289
2-Mar-20,"1,583.90","1,608.30","1,574.30","1,592.30","1,592.30",537
3-Mar-20,"1,594.50","1,645.30","1,594.00","1,642.10","1,642.10",610
4-Mar-20,"1,645.40","1,645.90","1,631.30","1,641.10","1,641.10",83
5-Mar-20,"1,637.30","1,672.90","1,637.20","1,666.40","1,666.40",154
6-Mar-20,"1,670.80","1,686.20","1,647.20","1,670.80","1,670.80",175
8-Mar-20,"1,696.10","1,701.60","1,657.70","1,674.50","1,674.50",161
9-Mar-20,"1,671.60","1,674.60","1,643.00","1,659.10","1,659.10",48
10-Mar-20,"1,656.60","1,666.50","1,635.00","1,641.40","1,641.40",47
11-Mar-20,"1,637.00","1,647.50","1,566.40","1,589.30","1,589.30",256
12-Mar-20,"1,574.90","1,589.80","1,513.80","1,515.70","1,515.70",89
15-Mar-20,"1,569.10","1,569.10","1,452.10","1,485.90","1,485.90",193
16-Mar-20,"1,469.30","1,537.70","1,469.30","1,524.90","1,524.90",122
17-Mar-20,"1,537.50","1,542.00","1,477.30","1,477.30","1,477.30",333
18-Mar-20,"1,481.50","1,491.60","1,471.00","1,478.60","1,478.60",262
19-Mar-20,"1,483.50","1,484.00","1,483.50","1,484.00","1,484.00",14
22-Mar-20,"1,505.30","1,567.00","1,490.20","1,567.00","1,567.00",51
23-Mar-20,"1,592.70","1,685.50","1,592.70","1,660.20","1,660.20",442
24-Mar-20,"1,676.50","1,676.50","1,631.10","1,632.30","1,632.30",476
25-Mar-20,"1,660.50","1,660.50","1,650.10","1,650.10","1,650.10",3
26-Mar-20,"1,623.90","1,623.90","1,623.90","1,623.90","1,623.90","100,638"
29-Mar-20,"1,641.20","1,652.80","1,607.20","1,622.00","1,622.00","16,389"
30-Mar-20,"1,618.70","1,621.00","1,576.00","1,583.40","1,583.40","2,874"
31-Mar-20,"1,570.00","1,600.00","1,570.00","1,578.20","1,578.20","2,158"
1-Apr-20,"1,590.90","1,631.20","1,586.00","1,625.70","1,625.70","1,294"
2-Apr-20,"1,624.50","1,636.00","1,619.80","1,633.70","1,633.70",643
5-Apr-20,"1,629.10","1,696.70","1,625.90","1,677.00","1,677.00","1,063"
6-Apr-20,"1,695.70","1,724.40","1,658.00","1,664.80","1,664.80","1,144"
7-Apr-20,"1,669.70","1,677.00","1,662.50","1,665.40","1,665.40",747
8-Apr-20,"1,662.70","1,736.20","1,662.70","1,736.20","1,736.20",825
12-Apr-20,"1,722.00","1,756.80","1,710.70","1,744.80","1,744.80",696
13-Apr-20,"1,756.80","1,775.00","1,739.50","1,756.70","1,756.70",675
14-Apr-20,"1,739.40","1,744.90","1,722.70","1,727.20","1,727.20",642
15-Apr-20,"1,731.00","1,750.60","1,715.00","1,720.40","1,720.40",162
16-Apr-20,"1,715.70","1,725.00","1,684.90","1,689.20","1,689.20",223
19-Apr-20,"1,686.00","1,701.60","1,680.00","1,701.60","1,701.60",106
20-Apr-20,"1,697.00","1,707.10","1,659.90","1,678.20","1,678.20",666
21-Apr-20,"1,696.00","1,728.70","1,684.80","1,728.70","1,728.70",453
22-Apr-20,"1,734.00","1,745.10","1,733.30","1,733.30","1,733.30",482
23-Apr-20,"1,744.00","1,744.00","1,714.50","1,723.50","1,723.50",221
26-Apr-20,"1,731.90","1,731.90","1,711.90","1,711.90","1,711.90",169
27-Apr-20,"1,716.60","1,716.60","1,707.10","1,710.50","1,710.50","1,255"
28-Apr-20,"1,710.00","1,713.50","1,702.00","1,703.40","1,703.40",373
29-Apr-20,"1,719.30","1,719.30","1,680.80","1,684.20","1,684.20",327
30-Apr-20,"1,686.60","1,701.50","1,670.50","1,694.50","1,694.50",337
3-May-20,"1,702.60","1,709.00","1,699.60","1,706.90","1,706.90",320
4-May-20,"1,701.50","1,704.40","1,697.20","1,704.40","1,704.40",82
5-May-20,"1,704.00","1,704.00","1,684.20","1,684.20","1,684.20",469
6-May-20,"1,686.20","1,721.80","1,685.60","1,721.80","1,721.80",853
7-May-20,"1,726.20","1,728.90","1,703.80","1,709.90","1,709.90",330
10-May-20,"1,702.30","1,704.50","1,690.20","1,695.30","1,695.30",749
11-May-20,"1,699.30","1,713.10","1,699.30","1,704.40","1,704.40",324
12-May-20,"1,702.00","1,721.30","1,701.90","1,713.90","1,713.90",431
13-May-20,"1,724.30","1,743.10","1,720.50","1,738.10","1,738.10",672
14-May-20,"1,739.70","1,753.40","1,739.70","1,753.40","1,753.40",719
17-May-20,"1,755.70","1,770.50","1,731.80","1,731.80","1,731.80",229
18-May-20,"1,744.20","1,749.50","1,744.20","1,744.20","1,744.20",167
19-May-20,"1,751.60","1,752.10","1,745.60","1,750.60","1,750.60",16
20-May-20,"1,746.80","1,746.80","1,720.50","1,720.50","1,720.50",528
21-May-20,"1,726.60","1,734.60","1,726.60","1,734.60","1,734.60",6
25-May-20,"1,726.40","1,726.40","1,704.80","1,704.80","1,704.80",39
26-May-20,"1,685.60","1,710.30","1,685.60","1,710.30","1,710.30","137,416"
27-May-20,"1,709.30","1,727.80","1,705.00","1,713.30","1,713.30","23,355"
28-May-20,"1,718.80","1,738.30","1,715.10","1,736.90","1,736.90","1,526"
31-May-20,"1,740.40","1,747.00","1,727.10","1,737.80","1,737.80",871
1-Jun-20,"1,743.00","1,745.50","1,721.80","1,725.20","1,725.20",741
2-Jun-20,"1,726.30","1,726.30","1,684.50","1,697.80","1,697.80","2,755"
3-Jun-20,"1,694.50","1,718.90","1,694.50","1,718.90","1,718.90",807
4-Jun-20,"1,711.80","1,711.80","1,668.60","1,676.20","1,676.20","1,502"
7-Jun-20,"1,679.10","1,699.40","1,675.90","1,698.30","1,698.30",587
8-Jun-20,"1,694.60","1,720.90","1,692.00","1,714.70","1,714.70",690
9-Jun-20,"1,716.10","1,740.80","1,711.90","1,713.30","1,713.30",718
10-Jun-20,"1,737.20","1,744.10","1,720.00","1,732.00","1,732.00",347
11-Jun-20,"1,724.90","1,743.00","1,724.90","1,729.30","1,729.30",318
14-Jun-20,"1,730.00","1,730.00","1,703.30","1,720.30","1,720.30",188
15-Jun-20,"1,726.30","1,729.60","1,722.40","1,729.60","1,729.60",22
16-Jun-20,"1,714.70","1,729.20","1,714.70","1,729.20","1,729.20",51
17-Jun-20,"1,730.50","1,734.10","1,717.30","1,724.80","1,724.80",110
18-Jun-20,"1,723.70","1,750.70","1,723.50","1,745.90","1,745.90","1,329"
21-Jun-20,"1,755.20","1,767.60","1,750.50","1,756.70","1,756.70","1,356"
22-Jun-20,"1,755.40","1,776.30","1,754.20","1,772.10","1,772.10",666
23-Jun-20,"1,778.30","1,783.10","1,764.50","1,765.80","1,765.80",961
24-Jun-20,"1,761.70","1,764.80","1,759.80","1,762.10","1,762.10",207
25-Jun-20,"1,766.00","1,772.50","1,764.70","1,772.50","1,772.50",640
28-Jun-20,"1,779.80","1,780.20","1,774.30","1,774.80","1,774.80",584
29-Jun-20,"1,777.30","1,793.20","1,774.40","1,793.00","1,793.00",986
30-Jun-20,"1,793.60","1,798.00","1,765.80","1,773.20","1,773.20",331
1-Jul-20,"1,773.40","1,784.00","1,768.70","1,784.00","1,784.00",215
5-Jul-20,"1,788.20","1,790.10","1,788.20","1,788.50","1,788.50",172
6-Jul-20,"1,789.30","1,804.20","1,783.30","1,804.20","1,804.20",751
7-Jul-20,"1,801.50","1,817.90","1,801.50","1,815.50","1,815.50",209
8-Jul-20,"1,816.10","1,819.80","1,799.20","1,799.20","1,799.20",396
9-Jul-20,"1,805.50","1,805.50","1,797.70","1,798.20","1,798.20",236
12-Jul-20,"1,805.00","1,811.00","1,805.00","1,811.00","1,811.00",164
13-Jul-20,"1,791.00","1,811.50","1,791.00","1,810.60","1,810.60",339
14-Jul-20,"1,806.10","1,813.50","1,806.10","1,811.40","1,811.40",167
15-Jul-20,"1,810.90","1,810.90","1,794.30","1,798.70","1,798.70",146
16-Jul-20,"1,798.50","1,810.10","1,798.50","1,808.30","1,808.30",24
19-Jul-20,"1,807.00","1,817.30","1,807.00","1,815.90","1,815.90",89
20-Jul-20,"1,822.00","1,842.40","1,822.00","1,842.40","1,842.40",117
21-Jul-20,"1,858.10","1,867.00","1,854.70","1,864.10","1,864.10",213
22-Jul-20,"1,868.70","1,890.30","1,868.50","1,889.10","1,889.10",133
23-Jul-20,"1,884.30","1,897.30","1,884.30","1,897.30","1,897.30",474
26-Jul-20,"1,901.70","1,938.00","1,901.50","1,931.00","1,931.00",364
27-Jul-20,"1,931.50","1,944.70","1,928.60","1,944.70","1,944.70",825
28-Jul-20,"1,953.20","1,953.50","1,952.60","1,953.50","1,953.50","209,835"
29-Jul-20,"1,963.40","1,965.10","1,930.00","1,942.30","1,942.30","28,853"
30-Jul-20,"1,948.60","1,981.10","1,948.00","1,962.80","1,962.80","2,914"
2-Aug-20,"1,984.30","1,984.30","1,955.50","1,966.00","1,966.00",683
3-Aug-20,"1,971.00","2,016.20","1,968.80","2,001.20","2,001.20","2,010"
4-Aug-20,"2,024.00","2,050.20","2,011.00","2,031.10","2,031.10","1,422"
5-Aug-20,"2,045.50","2,063.00","2,040.00","2,051.50","2,051.50",294
6-Aug-20,"2,040.10","2,055.00","2,009.60","2,010.10","2,010.10",808
9-Aug-20,"2,026.40","2,043.80","2,017.50","2,024.40","2,024.40",233
10-Aug-20,"2,012.40","2,016.00","1,904.00","1,932.60","1,932.60",971
11-Aug-20,"1,923.00","1,946.60","1,871.60","1,934.90","1,934.90",404
12-Aug-20,"1,921.50","1,957.40","1,916.90","1,956.70","1,956.70",71
13-Aug-20,"1,938.70","1,947.40","1,937.00","1,937.00","1,937.00",201
16-Aug-20,"1,949.60","1,985.00","1,949.60","1,985.00","1,985.00",97
17-Aug-20,"2,001.10","2,002.80","1,972.10","1,999.40","1,999.40",92
18-Aug-20,"1,980.00","1,980.00","1,938.70","1,958.70","1,958.70",347
19-Aug-20,"1,941.20","1,948.30","1,922.30","1,933.80","1,933.80",106
20-Aug-20,"1,941.00","1,945.00","1,908.90","1,934.60","1,934.60",184
23-Aug-20,"1,930.20","1,940.00","1,922.20","1,927.70","1,927.70",85
24-Aug-20,"1,927.50","1,928.50","1,911.80","1,911.80","1,911.80",176
25-Aug-20,"1,909.70","1,950.80","1,909.70","1,940.70","1,940.70",287
26-Aug-20,"1,948.90","1,972.50","1,921.60","1,921.60","1,921.60","2,303"
27-Aug-20,"1,927.10","1,971.30","1,922.50","1,964.60","1,964.60",778
30-Aug-20,"1,970.00","1,971.30","1,953.30","1,967.60","1,967.60",158
31-Aug-20,"1,961.70","1,986.30","1,961.70","1,968.20","1,968.20",186
1-Sep-20,"1,967.30","1,967.30","1,934.40","1,934.40","1,934.40",71
2-Sep-20,"1,937.10","1,938.80","1,923.00","1,927.60","1,927.60",179
3-Sep-20,"1,927.90","1,939.70","1,917.70","1,923.90","1,923.90",607
7-Sep-20,"1,930.90","1,937.90","1,903.10","1,933.00","1,933.00",271
8-Sep-20,"1,926.90","1,946.20","1,924.60","1,944.70","1,944.70",219
9-Sep-20,"1,944.10","1,962.70","1,944.10","1,954.20","1,954.20",722
10-Sep-20,"1,944.00","1,949.50","1,937.80","1,937.80","1,937.80",73
13-Sep-20,"1,946.30","1,953.10","1,943.00","1,953.10","1,953.10",55
14-Sep-20,"1,955.80","1,968.50","1,955.80","1,956.30","1,956.30",74
15-Sep-20,"1,961.30","1,961.40","1,956.70","1,960.20","1,960.20",124
16-Sep-20,"1,939.00","1,946.00","1,933.70","1,940.00","1,940.00",67
17-Sep-20,"1,950.50","1,952.10","1,949.00","1,952.10","1,952.10",38
20-Sep-20,"1,946.20","1,946.20","1,883.40","1,901.20","1,901.20",52
21-Sep-20,"1,913.10","1,913.10","1,898.60","1,898.60","1,898.60",331
22-Sep-20,"1,875.50","1,875.50","1,859.90","1,859.90","1,859.90",5
23-Sep-20,"1,851.50","1,868.30","1,851.50","1,868.30","1,868.30",365
24-Sep-20,"1,856.30","1,857.70","1,856.30","1,857.70","1,857.70",4
27-Sep-20,"1,872.80","1,872.80","1,872.80","1,872.80","1,872.80","10,455"
28-Sep-20,"1,876.50","1,895.40","1,872.40","1,894.30","1,894.30","3,283"
29-Sep-20,"1,893.00","1,899.70","1,879.80","1,887.50","1,887.50",600
30-Sep-20,"1,884.10","1,909.60","1,882.50","1,908.40","1,908.40",730
1-Oct-20,"1,893.90","1,913.00","1,893.90","1,900.20","1,900.20",530
4-Oct-20,"1,898.90","1,915.60","1,884.70","1,912.50","1,912.50","1,360"
5-Oct-20,"1,906.60","1,918.00","1,874.40","1,901.10","1,901.10",968
6-Oct-20,"1,874.10","1,889.80","1,873.10","1,883.60","1,883.60",50
7-Oct-20,"1,893.00","1,893.00","1,882.70","1,888.60","1,888.60",348
8-Oct-20,"1,909.30","1,929.10","1,905.10","1,919.50","1,919.50",580
11-Oct-20,"1,924.00","1,926.50","1,921.60","1,922.50","1,922.50",96
12-Oct-20,"1,921.90","1,922.20","1,887.00","1,888.50","1,888.50",191
13-Oct-20,"1,889.70","1,910.80","1,882.50","1,901.30","1,901.30",33
14-Oct-20,"1,897.30","1,906.30","1,889.60","1,903.20","1,903.20",254
15-Oct-20,"1,898.50","1,900.80","1,898.50","1,900.80","1,900.80",53
18-Oct-20,"1,907.30","1,907.80","1,899.50","1,906.40","1,906.40",43
19-Oct-20,"1,901.30","1,910.40","1,896.10","1,910.40","1,910.40",329
20-Oct-20,"1,913.60","1,927.30","1,913.60","1,924.60","1,924.60","1,202"
21-Oct-20,"1,924.30","1,924.30","1,898.20","1,901.10","1,901.10",899
22-Oct-20,"1,899.90","1,913.30","1,896.20","1,902.00","1,902.00",287
25-Oct-20,"1,895.50","1,907.00","1,893.50","1,902.70","1,902.70",242
26-Oct-20,"1,904.60","1,908.80","1,904.40","1,908.80","1,908.80",176
27-Oct-20,"1,870.90","1,876.20","1,870.90","1,876.20","1,876.20",277
28-Oct-20,"1,876.10","1,879.80","1,858.80","1,865.60","1,865.60",240
29-Oct-20,"1,862.80","1,886.60","1,862.80","1,877.40","1,877.40",725
2-Nov-20,"1,872.90","1,894.70","1,872.90","1,890.40","1,890.40",190
3-Nov-20,"1,891.50","1,908.50","1,891.50","1,908.50","1,908.50",712
4-Nov-20,"1,893.80","1,907.00","1,885.30","1,894.60","1,894.60",782
5-Nov-20,"1,901.70","1,948.00","1,901.70","1,945.30","1,945.30",135
6-Nov-20,"1,940.80","1,958.80","1,940.80","1,950.30","1,950.30",304
9-Nov-20,"1,955.60","1,963.20","1,847.10","1,853.20","1,853.20",745
10-Nov-20,"1,879.30","1,885.30","1,871.20","1,875.40","1,875.40",276
11-Nov-20,"1,878.80","1,878.80","1,855.50","1,860.70","1,860.70",222
12-Nov-20,"1,869.00","1,878.50","1,866.60","1,872.60","1,872.60",220
13-Nov-20,"1,877.00","1,890.10","1,876.80","1,885.70","1,885.70",240
16-Nov-20,"1,874.60","1,887.30","1,871.00","1,887.30","1,887.30",6
17-Nov-20,"1,888.40","1,888.40","1,884.50","1,884.50","1,884.50",59
18-Nov-20,"1,873.50","1,873.50","1,873.50","1,873.50","1,873.50",152
19-Nov-20,"1,865.80","1,865.80","1,856.00","1,861.10","1,861.10",59
20-Nov-20,"1,871.20","1,872.60","1,871.20","1,872.60","1,872.60","1,900"
23-Nov-20,"1,834.80","1,837.80","1,829.20","1,837.80","1,837.80",843
24-Nov-20,"1,829.30","1,829.30","1,799.30","1,804.80","1,804.80","1,041"
25-Nov-20,"1,801.40","1,805.70","1,801.40","1,805.70","1,805.70","205,754"
27-Nov-20,"1,806.10","1,817.00","1,770.70","1,781.90","1,781.90","71,804"
30-Nov-20,"1,785.00","1,787.20","1,762.30","1,775.70","1,775.70","3,145"
1-Dec-20,"1,775.00","1,815.90","1,774.90","1,814.10","1,814.10","1,859"
2-Dec-20,"1,811.30","1,830.00","1,807.80","1,825.70","1,825.70",771
3-Dec-20,"1,829.20","1,842.00","1,825.30","1,836.80","1,836.80","1,765"
4-Dec-20,"1,840.70","1,847.60","1,828.20","1,835.90","1,835.90","1,213"
7-Dec-20,"1,836.50","1,866.90","1,820.80","1,861.80","1,861.80","1,427"
8-Dec-20,"1,863.00","1,875.80","1,861.80","1,870.80","1,870.80",121
9-Dec-20,"1,867.10","1,867.10","1,827.00","1,834.60","1,834.60",215
10-Dec-20,"1,833.20","1,849.10","1,828.00","1,833.60","1,833.60",177
11-Dec-20,"1,838.50","1,846.00","1,829.10","1,839.80","1,839.80",109
14-Dec-20,"1,835.50","1,835.70","1,822.70","1,828.70","1,828.70",258
15-Dec-20,"1,833.50","1,853.60","1,833.20","1,852.30","1,852.30",961
16-Dec-20,"1,856.50","1,864.70","1,850.50","1,856.10","1,856.10","1,090"
17-Dec-20,"1,874.20","1,896.20","1,874.20","1,887.20","1,887.20",414
18-Dec-20,"1,882.40","1,889.50","1,882.30","1,885.70","1,885.70",276
21-Dec-20,"1,884.80","1,908.00","1,869.10","1,879.20","1,879.20",136
22-Dec-20,"1,882.20","1,882.20","1,861.00","1,866.60","1,866.60",233
23-Dec-20,"1,867.00","1,878.80","1,864.50","1,874.70","1,874.70",82
24-Dec-20,"1,877.30","1,879.90","1,875.70","1,879.90","1,879.90",46
28-Dec-20,"1,895.50","1,895.80","1,873.70","1,877.20","1,877.20",75
29-Dec-20,"1,881.30","1,881.30","1,879.70","1,879.70","1,879.70",343
30-Dec-20,"1,879.90","1,895.80","1,877.30","1,891.00","1,891.00",444
31-Dec-20,"1,897.00","1,901.30","1,892.70","1,893.10","1,893.10",127
4-Jan-21,"1,912.20","1,945.10","1,912.20","1,944.70","1,944.70",154
5-Jan-21,"1,941.70","1,952.70","1,941.30","1,952.70","1,952.70",113
6-Jan-21,"1,952.00","1,959.90","1,901.50","1,906.90","1,906.90",331
7-Jan-21,"1,922.60","1,926.70","1,912.00","1,912.30","1,912.30",122
8-Jan-21,"1,908.00","1,908.00","1,834.10","1,834.10","1,834.10",60
11-Jan-21,"1,826.50","1,849.60","1,826.50","1,849.60","1,849.60",20
12-Jan-21,"1,849.00","1,859.70","1,839.40","1,842.90","1,842.90",176
13-Jan-21,"1,858.00","1,858.60","1,853.60","1,853.60","1,853.60",189
14-Jan-21,"1,836.70","1,850.70","1,836.70","1,850.30","1,850.30",149
15-Jan-21,"1,829.40","1,829.40","1,825.00","1,829.30","1,829.30",31
19-Jan-21,"1,802.00","1,842.90","1,802.00","1,839.50","1,839.50",13
20-Jan-21,"1,847.80","1,866.60","1,844.40","1,865.90","1,865.90",16
21-Jan-21,"1,865.30","1,868.00","1,865.30","1,865.30","1,865.30",6
22-Jan-21,"1,854.90","1,855.70","1,852.70","1,855.70","1,855.70",8
25-Jan-21,"1,864.70","1,864.70","1,851.80","1,854.90","1,854.90",26
26-Jan-21,"1,855.80","1,855.80","1,850.70","1,850.70","1,850.70",59
27-Jan-21,"1,844.90","1,844.90","1,844.90","1,844.90","1,844.90","195,540"
28-Jan-21,"1,843.40","1,862.90","1,831.50","1,837.90","1,837.90","27,283"
29-Jan-21,"1,842.00","1,876.00","1,838.70","1,847.30","1,847.30","1,634"
1-Feb-21,"1,866.60","1,871.90","1,850.00","1,860.80","1,860.80","1,494"
2-Feb-21,"1,859.60","1,861.30","1,827.60","1,830.50","1,830.50","1,293"
3-Feb-21,"1,834.80","1,842.40","1,829.80","1,832.20","1,832.20","1,195"
4-Feb-21,"1,832.20","1,832.20","1,782.80","1,788.90","1,788.90","2,375"
5-Feb-21,"1,794.30","1,813.50","1,790.90","1,810.90","1,810.90","1,278"
8-Feb-21,"1,816.30","1,836.70","1,809.00","1,831.90","1,831.90",254
9-Feb-21,"1,841.90","1,843.30","1,830.70","1,835.30","1,835.30",184
10-Feb-21,"1,842.60","1,851.10","1,837.00","1,840.60","1,840.60",543
11-Feb-21,"1,840.50","1,845.00","1,820.90","1,824.90","1,824.90",602
12-Feb-21,"1,825.00","1,827.50","1,809.20","1,821.60","1,821.60",259
16-Feb-21,"1,820.90","1,823.40","1,787.30","1,797.20","1,797.20","1,141"
17-Feb-21,"1,785.80","1,789.70","1,768.80","1,771.10","1,771.10",614
18-Feb-21,"1,776.10","1,784.60","1,766.00","1,773.40","1,773.40",587
19-Feb-21,"1,764.30","1,787.60","1,764.30","1,775.80","1,775.80",118
22-Feb-21,"1,784.00","1,807.80","1,784.00","1,806.70","1,806.70",165
23-Feb-21,"1,809.60","1,811.30","1,796.40","1,804.40","1,804.40",569
24-Feb-21,"1,805.80","1,805.80","1,796.40","1,796.40","1,796.40","1,500"
25-Feb-21,"1,801.50","1,802.00","1,766.70","1,774.40","1,774.40","1,049"
26-Feb-21,"1,768.10","1,768.20","1,718.80","1,728.10","1,728.10","1,593"
1-Mar-21,"1,737.10","1,747.00","1,720.30","1,722.50","1,722.50",407
2-Mar-21,"1,709.40","1,733.10","1,708.70","1,733.10","1,733.10",867
3-Mar-21,"1,730.00","1,732.40","1,703.50","1,715.30","1,715.30",501
4-Mar-21,"1,706.50","1,717.40","1,700.20","1,700.20","1,700.20",521
5-Mar-21,"1,690.60","1,701.00","1,685.00","1,698.00","1,698.00",302
8-Mar-21,"1,704.70","1,705.40","1,673.70","1,677.70","1,677.70","1,290"
9-Mar-21,"1,686.20","1,717.50","1,685.20","1,716.60","1,716.60",335
10-Mar-21,"1,713.60","1,722.90","1,711.00","1,721.50","1,721.50",412
11-Mar-21,"1,725.60","1,737.50","1,720.20","1,722.30","1,722.30",18
12-Mar-21,"1,715.90","1,722.50","1,699.00","1,719.50","1,719.50",80
14-Mar-21,"1,729.50","1,731.90","1,722.80","1,728.90","1,728.90",147
15-Mar-21,"1,732.30","1,733.90","1,726.00","1,730.60","1,730.60",729
16-Mar-21,"1,735.30","1,750.10","1,725.60","1,726.80","1,726.80",488
17-Mar-21,"1,745.80","1,750.30","1,721.80","1,732.20","1,732.20",138
18-Mar-21,"1,742.20","1,742.20","1,733.60","1,741.40","1,741.40",13
21-Mar-21,"1,737.80","1,737.80","1,737.80","1,737.80","1,737.80",51
22-Mar-21,"1,724.70","1,724.70","1,724.70","1,724.70","1,724.70",6
23-Mar-21,"1,727.50","1,732.90","1,727.50","1,732.90","1,732.90",26
24-Mar-21,"1,732.70","1,733.20","1,724.50","1,724.90","1,724.90",15
25-Mar-21,"1,721.30","1,732.20","1,721.30","1,732.20","1,732.20",33
28-Mar-21,"1,712.10","1,712.10","1,712.10","1,712.10","1,712.10","135,457"
29-Mar-21,"1,711.00","1,712.60","1,676.50","1,683.90","1,683.90","25,316"
30-Mar-21,"1,683.70","1,713.80","1,676.50","1,713.80","1,713.80",762
31-Mar-21,"1,706.80","1,728.80","1,706.40","1,726.50","1,726.50",720
4-Apr-21,"1,727.90","1,729.70","1,721.90","1,727.00","1,727.00",275
5-Apr-21,"1,726.90","1,744.80","1,726.90","1,741.50","1,741.50",890
6-Apr-21,"1,742.70","1,742.70","1,733.70","1,740.10","1,740.10",557
7-Apr-21,"1,736.00","1,758.00","1,734.60","1,756.80","1,756.80","1,298"
8-Apr-21,"1,750.80","1,750.80","1,733.30","1,743.30","1,743.30",484
11-Apr-21,"1,740.80","1,740.80","1,726.70","1,731.20","1,731.20",40
12-Apr-21,"1,733.80","1,746.90","1,722.10","1,746.20","1,746.20",367
13-Apr-21,"1,741.30","1,745.90","1,732.70","1,734.90","1,734.90","1,037"
14-Apr-21,"1,740.10","1,767.90","1,740.10","1,765.40","1,765.40",368
15-Apr-21,"1,770.40","1,779.50","1,770.10","1,779.00","1,779.00",625
18-Apr-21,"1,782.10","1,788.50","1,769.40","1,769.40","1,769.40",144
19-Apr-21,"1,769.30","1,777.30","1,765.50","1,777.30","1,777.30","1,464"
20-Apr-21,"1,783.00","1,794.10","1,777.70","1,792.30","1,792.30",250
21-Apr-21,"1,794.20","1,794.20","1,779.50","1,781.20","1,781.20",159
22-Apr-21,"1,786.10","1,794.50","1,772.00","1,777.00","1,777.00",332
25-Apr-21,"1,778.00","1,779.70","1,770.80","1,779.20","1,779.20",549
26-Apr-21,"1,780.00","1,782.00","1,777.70","1,778.00","1,778.00",117
27-Apr-21,"1,768.20","1,774.00","1,764.60","1,773.20","1,773.20",756
28-Apr-21,"1,781.00","1,789.00","1,758.60","1,768.10","1,768.10",196
29-Apr-21,"1,771.80","1,771.80","1,763.90","1,767.30","1,767.30",18
2-May-21,"1,788.50","1,793.00","1,788.50","1,791.40","1,791.40",18
3-May-21,"1,788.20","1,788.50","1,774.80","1,775.80","1,775.80",182
4-May-21,"1,781.50","1,784.10","1,779.20","1,784.10","1,784.10",57
5-May-21,"1,788.90","1,815.50","1,787.60","1,815.50","1,815.50",13
6-May-21,"1,842.90","1,842.90","1,831.10","1,831.10","1,831.10",2
9-May-21,"1,835.60","1,845.60","1,835.40","1,837.50","1,837.50",13
10-May-21,"1,837.20","1,838.10","1,831.60","1,835.90","1,835.90",420
11-May-21,"1,825.20","1,825.20","1,821.70","1,822.60","1,822.60",3
12-May-21,"1,814.70","1,826.80","1,814.10","1,823.80","1,823.80",100
13-May-21,"1,824.50","1,842.90","1,824.50","1,837.90","1,837.90",41
16-May-21,"1,849.90","1,867.50","1,847.20","1,867.50","1,867.50",13
17-May-21,"1,870.50","1,870.50","1,867.80","1,867.80","1,867.80",3
18-May-21,"1,866.40","1,884.90","1,863.60","1,881.30","1,881.30",348
19-May-21,"1,865.50","1,885.00","1,864.80","1,881.80","1,881.80",85
20-May-21,"1,872.10","1,876.70","1,872.10","1,876.70","1,876.70",5
23-May-21,"1,882.10","1,884.60","1,882.10","1,884.60","1,884.60",39
24-May-21,"1,882.50","1,898.10","1,882.50","1,898.10","1,898.10",56
25-May-21,"1,901.30","1,901.30","1,901.30","1,901.30","1,901.30","170,526"
26-May-21,"1,896.80","1,903.90","1,888.20","1,895.70","1,895.70","35,794"
27-May-21,"1,897.50","1,905.40","1,881.90","1,902.50","1,902.50","2,415"
31-May-21,"1,905.10","1,916.20","1,892.80","1,902.90","1,902.90",640
1-Jun-21,"1,899.20","1,908.80","1,896.00","1,907.50","1,907.50","1,267"
2-Jun-21,"1,908.80","1,908.80","1,865.00","1,871.20","1,871.20","1,021"
3-Jun-21,"1,869.30","1,895.50","1,854.00","1,889.80","1,889.80",367
6-Jun-21,"1,890.50","1,899.70","1,883.20","1,896.80","1,896.80",87
7-Jun-21,"1,896.50","1,902.90","1,890.00","1,892.20","1,892.20",930
8-Jun-21,"1,894.90","1,897.70","1,889.20","1,893.20","1,893.20",148
9-Jun-21,"1,887.70","1,899.80","1,871.50","1,894.20","1,894.20",186
10-Jun-21,"1,900.90","1,902.30","1,875.20","1,877.40","1,877.40",349
13-Jun-21,"1,866.20","1,866.60","1,846.50","1,864.00","1,864.00",41
14-Jun-21,"1,866.40","1,867.20","1,854.40","1,854.50","1,854.50",78
15-Jun-21,"1,859.40","1,860.10","1,809.20","1,859.50","1,859.50",117
16-Jun-21,"1,811.80","1,823.30","1,769.60","1,773.80","1,773.80","1,135"
17-Jun-21,"1,775.70","1,792.40","1,767.90","1,767.90","1,767.90",354
20-Jun-21,"1,768.80","1,785.20","1,766.80","1,781.80","1,781.80",38
21-Jun-21,"1,783.40","1,786.90","1,775.90","1,776.30","1,776.30",101
22-Jun-21,"1,780.70","1,793.20","1,780.60","1,782.30","1,782.30",136
23-Jun-21,"1,778.90","1,786.40","1,775.60","1,775.60","1,775.60",78
24-Jun-21,"1,777.70","1,788.00","1,775.20","1,776.60","1,776.60",35
27-Jun-21,"1,779.60","1,779.60","1,779.60","1,779.60","1,779.60",888
28-Jun-21,"1,776.80","1,777.10","1,752.10","1,762.80","1,762.80",419
29-Jun-21,"1,761.10","1,770.80","1,759.20","1,770.80","1,770.80",51
30-Jun-21,"1,775.70","1,781.20","1,768.80","1,775.90","1,775.90",44
1-Jul-21,"1,778.70","1,787.90","1,778.30","1,782.60","1,782.60",23
5-Jul-21,"1,786.70","1,809.80","1,786.70","1,793.50","1,793.50",332
6-Jul-21,"1,798.70","1,808.40","1,797.20","1,801.50","1,801.50",244
7-Jul-21,"1,797.00","1,818.50","1,797.00","1,799.60","1,799.60",148
8-Jul-21,"1,803.60","1,810.10","1,798.80","1,810.00","1,810.00",218
11-Jul-21,"1,802.60","1,805.50","1,799.50","1,805.50","1,805.50",147
12-Jul-21,"1,808.10","1,812.00","1,800.60","1,809.40","1,809.40",78
13-Jul-21,"1,813.10","1,829.00","1,813.10","1,824.30","1,824.30",707
14-Jul-21,"1,831.60","1,833.00","1,823.40","1,828.40","1,828.40",99
15-Jul-21,"1,830.10","1,831.40","1,814.50","1,814.50","1,814.50",78
18-Jul-21,"1,803.30","1,813.40","1,803.30","1,808.70","1,808.70",33
19-Jul-21,"1,812.90","1,824.00","1,810.90","1,810.90","1,810.90",128
20-Jul-21,"1,807.00","1,807.00","1,800.00","1,802.90","1,802.90",135
21-Jul-21,"1,793.60","1,805.00","1,793.60","1,805.00","1,805.00",2
22-Jul-21,"1,800.00","1,801.40","1,800.00","1,801.40","1,801.40",1
25-Jul-21,"1,802.50","1,802.50","1,797.20","1,798.70","1,798.70",17
26-Jul-21,"1,803.70","1,803.70","1,799.50","1,799.50","1,799.50",1
27-Jul-21,"1,799.50","1,799.50","1,799.50","1,799.50","1,799.50","209,783"
28-Jul-21,"1,806.60","1,832.60","1,806.10","1,831.20","1,831.20","30,496"
29-Jul-21,"1,828.00","1,830.50","1,808.90","1,812.60","1,812.60","3,100"
1-Aug-21,"1,812.40","1,818.70","1,804.80","1,818.10","1,818.10","1,334"
2-Aug-21,"1,812.30","1,813.50","1,806.00","1,810.10","1,810.10","3,341"
3-Aug-21,"1,809.30","1,831.30","1,806.30","1,810.50","1,810.50","2,860"
4-Aug-21,"1,810.80","1,813.70","1,796.00","1,805.10","1,805.10",588
5-Aug-21,"1,799.80","1,800.10","1,758.40","1,760.00","1,760.00",859
8-Aug-21,"1,753.50","1,753.80","1,692.60","1,723.40","1,723.40","1,621"
9-Aug-21,"1,728.60","1,735.20","1,720.10","1,728.80","1,728.80","1,363"
10-Aug-21,"1,727.30","1,752.20","1,727.30","1,750.40","1,750.40",542
11-Aug-21,"1,749.70","1,752.40","1,745.50","1,749.00","1,749.00",739
12-Aug-21,"1,758.30","1,777.30","1,757.40","1,775.20","1,775.20",436
15-Aug-21,"1,776.90","1,787.80","1,771.90","1,786.90","1,786.90",219
16-Aug-21,"1,787.70","1,794.20","1,780.00","1,785.00","1,785.00",200
17-Aug-21,"1,787.80","1,791.50","1,779.00","1,781.60","1,781.60",263
18-Aug-21,"1,780.00","1,789.30","1,775.50","1,780.20","1,780.20",245
19-Aug-21,"1,784.10","1,787.50","1,778.20","1,781.00","1,781.00",235
22-Aug-21,"1,776.80","1,804.80","1,776.80","1,803.20","1,803.20",32
23-Aug-21,"1,801.00","1,805.60","1,801.00","1,805.60","1,805.60",22
24-Aug-21,"1,792.00","1,792.90","1,784.00","1,788.20","1,788.20",812
25-Aug-21,"1,787.40","1,792.20","1,781.00","1,792.20","1,792.20",61
26-Aug-21,"1,803.40","1,816.60","1,803.10","1,816.60","1,816.60","1,219"
29-Aug-21,"1,818.20","1,820.30","1,807.80","1,809.00","1,809.00",684
30-Aug-21,"1,815.90","1,815.90","1,801.10","1,815.00","1,815.00",82
31-Aug-21,"1,813.50","1,815.90","1,809.50","1,813.10","1,813.10",114
1-Sep-21,"1,813.20","1,813.90","1,806.80","1,808.70","1,808.70",26
2-Sep-21,"1,820.90","1,833.90","1,818.90","1,830.90","1,830.90",53
6-Sep-21,"1,825.70","1,825.70","1,792.70","1,795.90","1,795.90",48
7-Sep-21,"1,781.70","1,790.70","1,781.70","1,790.70","1,790.70",69
8-Sep-21,"1,798.70","1,798.70","1,787.90","1,797.40","1,797.40",49
9-Sep-21,"1,789.60","1,789.60","1,789.60","1,789.60","1,789.60",-
12-Sep-21,"1,789.80","1,796.00","1,784.00","1,792.00","1,792.00",533
13-Sep-21,"1,791.40","1,806.20","1,783.00","1,804.70","1,804.70",764
14-Sep-21,"1,803.70","1,803.70","1,792.40","1,792.40","1,792.40",59
15-Sep-21,"1,792.90","1,792.90","1,743.90","1,754.60","1,754.60","1,645"
16-Sep-21,"1,758.80","1,763.00","1,749.40","1,749.40","1,749.40",581
19-Sep-21,"1,751.80","1,761.80","1,750.90","1,761.80","1,761.80",185
20-Sep-21,"1,762.20","1,776.00","1,759.00","1,776.00","1,776.00",106
21-Sep-21,"1,776.70","1,784.30","1,767.00","1,776.70","1,776.70",17
22-Sep-21,"1,766.80","1,766.80","1,738.20","1,747.70","1,747.70",31
23-Sep-21,"1,749.70","1,749.70","1,745.00","1,749.70","1,749.70",76
26-Sep-21,"1,751.70","1,754.40","1,747.50","1,750.00","1,750.00",808
27-Sep-21,"1,739.60","1,741.70","1,726.80","1,735.80","1,735.80","15,748"
28-Sep-21,"1,732.40","1,744.10","1,721.40","1,721.50","1,721.50","6,634"
29-Sep-21,"1,725.50","1,760.30","1,724.50","1,755.30","1,755.30",997
30-Sep-21,"1,754.30","1,762.60","1,748.50","1,757.00","1,757.00","2,220"
3-Oct-21,"1,764.50","1,768.90","1,749.50","1,766.20","1,766.20",417
4-Oct-21,"1,764.30","1,764.30","1,749.00","1,759.60","1,759.60",98
5-Oct-21,"1,759.30","1,762.90","1,744.70","1,760.50","1,760.50",56
6-Oct-21,"1,762.40","1,762.40","1,752.80","1,757.90","1,757.90",336
7-Oct-21,"1,757.00","1,780.00","1,754.20","1,756.30","1,756.30",254
10-Oct-21,"1,756.60","1,757.80","1,752.20","1,754.60","1,754.60",128
11-Oct-21,"1,751.90","1,768.00","1,749.80","1,758.30","1,758.30",139
12-Oct-21,"1,760.80","1,794.50","1,760.80","1,793.70","1,793.70",150
13-Oct-21,"1,792.20","1,799.90","1,792.00","1,796.70","1,796.70",337
14-Oct-21,"1,794.50","1,795.40","1,766.60","1,767.20","1,767.20",874
17-Oct-21,"1,761.60","1,770.10","1,759.50","1,764.80","1,764.80",266
18-Oct-21,"1,777.60","1,785.00","1,767.50","1,769.70","1,769.70",51
19-Oct-21,"1,774.60","1,785.60","1,774.00","1,784.10","1,784.10",127
20-Oct-21,"1,782.00","1,785.70","1,781.00","1,781.20","1,781.20",146
21-Oct-21,"1,787.10","1,806.90","1,784.00","1,795.50","1,795.50",532
24-Oct-21,"1,794.30","1,809.00","1,794.00","1,806.00","1,806.00",140
25-Oct-21,"1,808.80","1,808.80","1,788.60","1,792.70","1,792.70",359
26-Oct-21,"1,791.50","1,798.10","1,791.50","1,797.90","1,797.90",543
27-Oct-21,"1,795.50","1,807.30","1,795.50","1,801.60","1,801.60",452
28-Oct-21,"1,793.10","1,797.00","1,774.60","1,783.00","1,783.00",583
31-Oct-21,"1,787.50","1,795.10","1,786.70","1,795.10","1,795.10",142
1-Nov-21,"1,790.50","1,795.50","1,787.70","1,788.70","1,788.70",213
2-Nov-21,"1,768.00","1,768.00","1,761.80","1,763.60","1,763.60",108
3-Nov-21,"1,776.60","1,798.20","1,776.20","1,793.00","1,793.00",103
4-Nov-21,"1,794.90","1,817.10","1,794.90","1,816.40","1,816.40",239
8-Nov-21,"1,817.00","1,827.40","1,816.90","1,827.40","1,827.40",261
9-Nov-21,"1,826.10","1,832.70","1,820.70","1,830.20","1,830.20",170
10-Nov-21,"1,825.80","1,865.00","1,824.90","1,847.60","1,847.60",795
11-Nov-21,"1,853.90","1,866.50","1,853.90","1,863.20","1,863.20",292
12-Nov-21,"1,860.80","1,867.90","1,847.60","1,867.90","1,867.90",210
15-Nov-21,"1,864.50","1,866.90","1,864.50","1,866.10","1,866.10",87
16-Nov-21,"1,853.60","1,853.60","1,853.60","1,853.60","1,853.60",1
17-Nov-21,"1,862.60","1,869.70","1,862.60","1,869.70","1,869.70",2
18-Nov-21,"1,861.00","1,861.00","1,861.00","1,861.00","1,861.00",9
19-Nov-21,"1,851.20","1,851.20","1,851.20","1,851.20","1,851.20",21
22-Nov-21,"1,841.60","1,841.60","1,805.70","1,806.00","1,806.00",14
23-Nov-21,"1,795.50","1,795.50","1,783.50","1,783.50","1,783.50",264
24-Nov-21,"1,793.00","1,793.00","1,781.40","1,784.10","1,784.10",188
25-Nov-21,"1,791.10","1,791.40","1,791.10","1,791.40","1,791.40",188
26-Nov-21,"1,791.10","1,791.40","1,785.30","1,785.30","1,785.30","186,800"
29-Nov-21,"1,791.70","1,798.90","1,779.10","1,782.30","1,782.30","26,926"
30-Nov-21,"1,783.90","1,808.10","1,768.70","1,773.60","1,773.60","4,903"
1-Dec-21,"1,774.80","1,790.50","1,772.30","1,781.60","1,781.60","1,128"
2-Dec-21,"1,780.90","1,780.90","1,760.60","1,760.70","1,760.70","1,557"
3-Dec-21,"1,767.50","1,785.10","1,766.50","1,782.00","1,782.00",694
6-Dec-21,"1,780.20","1,783.00","1,777.20","1,777.50","1,777.50",381
7-Dec-21,"1,779.50","1,786.10","1,772.30","1,782.60","1,782.60",308
8-Dec-21,"1,789.90","1,789.90","1,779.00","1,783.40","1,783.40","1,383"
9-Dec-21,"1,783.50","1,783.50","1,771.80","1,774.60","1,774.60",455
10-Dec-21,"1,773.80","1,785.40","1,769.10","1,782.90","1,782.90",545
13-Dec-21,"1,784.40","1,787.10","1,783.80","1,786.30","1,786.30",206
14-Dec-21,"1,787.00","1,787.00","1,769.00","1,770.40","1,770.40",322
15-Dec-21,"1,767.40","1,778.70","1,753.90","1,762.60","1,762.60",283
16-Dec-21,"1,781.00","1,798.10","1,781.00","1,796.60","1,796.60",21
17-Dec-21,"1,804.00","1,812.90","1,803.80","1,803.80","1,803.80",654
20-Dec-21,"1,796.80","1,799.80","1,792.00","1,793.70","1,793.70",226
21-Dec-21,"1,791.40","1,796.50","1,787.90","1,787.90","1,787.90",575
22-Dec-21,"1,786.00","1,805.20","1,785.50","1,801.60","1,801.60",567
23-Dec-21,"1,806.00","1,811.20","1,800.80","1,811.20","1,811.20",193
27-Dec-21,"1,810.00","1,812.10","1,807.00","1,808.10","1,808.10",150
28-Dec-21,"1,812.00","1,818.00","1,805.50","1,810.20","1,810.20",146
29-Dec-21,"1,803.20","1,805.10","1,791.40","1,805.10","1,805.10",623
30-Dec-21,"1,801.70","1,816.00","1,796.00","1,812.70","1,812.70",306
31-Dec-21,"1,825.10","1,827.80","1,821.40","1,827.50","1,827.50",80
3-Jan-22,"1,830.10","1,830.10","1,798.80","1,799.40","1,799.40",116
4-Jan-22,"1,800.50","1,815.30","1,800.00","1,814.00","1,814.00",38
5-Jan-22,"1,813.10","1,824.60","1,813.10","1,824.60","1,824.60",8
6-Jan-22,"1,787.10","1,791.30","1,787.10","1,788.70","1,788.70",30
7-Jan-22,"1,791.80","1,797.00","1,784.40","1,797.00","1,797.00",17
10-Jan-22,"1,794.90","1,798.70","1,790.40","1,798.40","1,798.40",534
11-Jan-22,"1,803.90","1,822.50","1,803.00","1,818.60","1,818.60",743
12-Jan-22,"1,819.00","1,827.20","1,816.90","1,827.20","1,827.20","1,547"
13-Jan-22,"1,819.80","1,823.00","1,815.40","1,821.20","1,821.20",40
14-Jan-22,"1,821.50","1,822.00","1,816.50","1,816.50","1,816.50",816
18-Jan-22,"1,816.80","1,820.10","1,812.30","1,812.30","1,812.30",900
19-Jan-22,"1,817.40","1,843.10","1,817.40","1,843.10","1,843.10",4
20-Jan-22,"1,840.60","1,843.00","1,838.20","1,842.50","1,842.50",20
21-Jan-22,"1,838.00","1,842.40","1,828.90","1,831.80","1,831.80",19
24-Jan-22,"1,837.90","1,842.10","1,837.90","1,841.70","1,841.70",8
25-Jan-22,"1,843.00","1,852.70","1,842.00","1,852.70","1,852.70",11
26-Jan-22,"1,829.90","1,829.90","1,829.90","1,829.90","1,829.90",55
27-Jan-22,"1,793.30","1,793.30","1,793.30","1,793.30","1,793.30","196,036"
28-Jan-22,"1,797.50","1,798.40","1,778.80","1,784.90","1,784.90","28,521"
31-Jan-22,"1,788.50","1,798.50","1,785.10","1,795.00","1,795.00","1,735"
1-Feb-22,"1,797.20","1,806.10","1,797.10","1,800.30","1,800.30",223
2-Feb-22,"1,797.80","1,810.10","1,795.10","1,809.20","1,809.20","1,690"
3-Feb-22,"1,805.80","1,808.10","1,787.90","1,803.00","1,803.00",466
4-Feb-22,"1,806.00","1,813.70","1,792.50","1,806.60","1,806.60",571
7-Feb-22,"1,812.20","1,821.30","1,809.10","1,820.60","1,820.60",601
8-Feb-22,"1,818.90","1,827.60","1,815.00","1,826.60","1,826.60",108
9-Feb-22,"1,825.40","1,835.20","1,825.30","1,835.20","1,835.20",683
10-Feb-22,"1,833.30","1,842.10","1,820.80","1,836.20","1,836.20",365
11-Feb-22,"1,822.00","1,864.80","1,822.00","1,840.80","1,840.80",181
14-Feb-22,"1,861.80","1,870.60","1,854.60","1,868.00","1,868.00",79
15-Feb-22,"1,872.60","1,879.70","1,847.40","1,854.80","1,854.80",86
16-Feb-22,"1,858.70","1,870.20","1,856.30","1,870.20","1,870.20",34
17-Feb-22,"1,876.30","1,900.70","1,876.20","1,900.70","1,900.70",393
18-Feb-22,"1,899.40","1,899.40","1,890.70","1,898.60","1,898.60",51
22-Feb-22,"1,908.10","1,912.00","1,890.80","1,906.10","1,906.10",173
23-Feb-22,"1,896.60","1,910.60","1,895.70","1,909.20","1,909.20",73
24-Feb-22,"1,911.90","1,972.50","1,911.70","1,925.10","1,925.10","2,706"
25-Feb-22,"1,906.90","1,920.00","1,883.60","1,886.50","1,886.50",586
28-Feb-22,"1,928.30","1,928.40","1,894.20","1,899.40","1,899.40",390
1-Mar-22,"1,908.30","1,942.40","1,903.80","1,942.40","1,942.40",547
2-Mar-22,"1,945.60","1,948.20","1,919.80","1,920.90","1,920.90",109
3-Mar-22,"1,930.50","1,940.30","1,924.80","1,934.40","1,934.40",122
4-Mar-22,"1,937.00","1,970.90","1,935.60","1,965.10","1,965.10",47
7-Mar-22,"1,989.00","2,001.10","1,963.00","1,993.90","1,993.90","2,516"
8-Mar-22,"1,999.40","2,072.00","1,998.00","2,040.10","2,040.10","1,813"
9-Mar-22,"2,053.60","2,063.00","1,980.80","1,985.90","1,985.90","1,022"
10-Mar-22,"1,978.10","2,010.50","1,978.10","1,998.10","1,998.10",670
11-Mar-22,"1,985.00","1,996.00","1,959.90","1,982.70","1,982.70",865
13-Mar-22,"1,976.50","1,977.70","1,959.60","1,959.60","1,959.60",145
14-Mar-22,"1,939.80","1,939.90","1,910.70","1,928.50","1,928.50",71
15-Mar-22,"1,922.40","1,922.40","1,907.20","1,908.00","1,908.00",104
16-Mar-22,"1,933.90","1,947.20","1,933.90","1,942.10","1,942.10",39
17-Mar-22,"1,934.50","1,939.30","1,928.20","1,928.20","1,928.20",28
20-Mar-22,"1,925.40","1,928.60","1,925.00","1,928.60","1,928.60",5
21-Mar-22,"1,920.70","1,920.70","1,920.70","1,920.70","1,920.70",26
22-Mar-22,"1,936.60","1,936.60","1,936.60","1,936.60","1,936.60",204
23-Mar-22,"1,963.60","1,964.00","1,961.60","1,961.60","1,961.60",8
24-Mar-22,"1,953.80","1,953.80","1,953.80","1,953.80","1,953.80",83
27-Mar-22,"1,932.60","1,939.60","1,932.60","1,939.60","1,939.60",7
28-Mar-22,"1,893.50","1,912.00","1,893.50","1,912.00","1,912.00","128,051"
29-Mar-22,"1,918.40","1,937.00","1,914.50","1,933.50","1,933.50","17,765"
30-Mar-22,"1,933.50","1,949.90","1,919.10","1,949.20","1,949.20","3,617"
31-Mar-22,"1,935.00","1,938.00","1,917.00","1,919.10","1,919.10","1,016"
3-Apr-22,"1,921.20","1,936.10","1,915.60","1,929.20","1,929.20",371
4-Apr-22,"1,927.10","1,943.50","1,918.40","1,922.90","1,922.90",412
5-Apr-22,"1,916.70","1,931.80","1,916.70","1,918.40","1,918.40",138
6-Apr-22,"1,919.50","1,934.80","1,919.50","1,933.80","1,933.80",311
7-Apr-22,"1,928.80","1,947.70","1,928.80","1,941.60","1,941.60",153
10-Apr-22,"1,946.60","1,968.40","1,941.80","1,944.30","1,944.30",163
11-Apr-22,"1,952.50","1,977.10","1,950.60","1,972.10","1,972.10",246
12-Apr-22,"1,969.50","1,981.00","1,969.50","1,981.00","1,981.00",204
13-Apr-22,"1,977.20","1,978.70","1,963.00","1,970.90","1,970.90",101
17-Apr-22,"1,973.40","1,997.10","1,972.80","1,982.90","1,982.90",196
18-Apr-22,"1,973.80","1,978.30","1,945.70","1,955.70","1,955.70",130
19-Apr-22,"1,945.50","1,953.60","1,945.50","1,952.30","1,952.30",621
20-Apr-22,"1,942.50","1,944.90","1,942.50","1,944.90","1,944.90",4
21-Apr-22,"1,949.60","1,950.40","1,930.20","1,931.00","1,931.00",178
24-Apr-22,"1,925.00","1,925.00","1,889.30","1,893.20","1,893.20",748
25-Apr-22,"1,900.50","1,909.10","1,894.00","1,901.40","1,901.40",302
26-Apr-22,"1,897.80","1,900.60","1,882.20","1,885.90","1,885.90","1,786"
27-Apr-22,"1,883.80","1,893.00","1,872.90","1,888.70","1,888.70",513
28-Apr-22,"1,902.70","1,918.20","1,902.40","1,909.30","1,909.30",132
1-May-22,"1,896.70","1,896.80","1,853.00","1,861.80","1,861.80",385
2-May-22,"1,868.80","1,868.80","1,868.80","1,868.80","1,868.80",466
3-May-22,"1,867.00","1,867.00","1,867.00","1,867.00","1,867.00",1
4-May-22,"1,897.00","1,904.30","1,874.00","1,874.00","1,874.00",80
5-May-22,"1,874.70","1,890.30","1,871.50","1,881.20","1,881.20",214
8-May-22,"1,866.60","1,867.50","1,854.00","1,857.10","1,857.10",304
9-May-22,"1,839.90","1,839.90","1,839.90","1,839.90","1,839.90","1,540"
10-May-22,"1,841.50","1,852.60","1,841.00","1,852.60","1,852.60",892
11-May-22,"1,849.80","1,851.90","1,822.20","1,823.80","1,823.80",153
12-May-22,"1,825.00","1,825.00","1,807.40","1,807.40","1,807.40",335
15-May-22,"1,790.50","1,813.50","1,787.00","1,813.50","1,813.50",34
16-May-22,"1,824.90","1,828.60","1,816.70","1,818.20","1,818.20",121
17-May-22,"1,815.00","1,819.70","1,805.00","1,815.90","1,815.90",311
18-May-22,"1,810.90","1,841.20","1,810.70","1,841.20","1,841.20",138
19-May-22,"1,839.10","1,841.80","1,836.30","1,841.80","1,841.80",110
22-May-22,"1,846.30","1,863.00","1,845.80","1,847.80","1,847.80",216
23-May-22,"1,852.50","1,867.00","1,852.50","1,865.10","1,865.10",33
24-May-22,"1,846.20","1,846.20","1,846.20","1,846.20","1,846.20",-
25-May-22,"1,840.40","1,847.40","1,840.40","1,847.40","1,847.40","123,355"
26-May-22,"1,848.30","1,860.70","1,845.90","1,851.30","1,851.30","30,091"
29-May-22,-,-,-,-,-,-
30-May-22,"1,850.30","1,862.10","1,832.80","1,842.70","1,842.70","4,073"
31-May-22,"1,831.00","1,847.90","1,825.30","1,843.30","1,843.30","1,623"
1-Jun-22,"1,845.40","1,868.70","1,842.10","1,866.50","1,866.50",551
2-Jun-22,"1,867.60","1,871.80","1,845.40","1,845.40","1,845.40",53
5-Jun-22,"1,849.00","1,854.10","1,839.20","1,839.20","1,839.20",142
6-Jun-22,"1,836.90","1,851.60","1,835.00","1,847.50","1,847.50","1,168"
7-Jun-22,"1,844.80","1,855.00","1,844.40","1,851.90","1,851.90",218
8-Jun-22,"1,846.10","1,850.10","1,837.90","1,848.80","1,848.80",159
9-Jun-22,"1,842.70","1,875.60","1,823.90","1,871.50","1,871.50","1,490"
12-Jun-22,"1,873.80","1,873.80","1,818.70","1,828.00","1,828.00",127
13-Jun-22,"1,825.00","1,825.50","1,805.30","1,809.50","1,809.50",536
14-Jun-22,"1,814.10","1,839.00","1,810.80","1,815.30","1,815.30",108
15-Jun-22,"1,819.20","1,850.60","1,814.90","1,845.70","1,845.70",136
16-Jun-22,"1,853.70","1,853.70","1,833.60","1,835.60","1,835.60",170
19-Jun-22,-,-,-,-,-,-
20-Jun-22,"1,835.30","1,838.60","1,830.10","1,834.60","1,834.60",216
21-Jun-22,"1,829.50","1,842.70","1,821.60","1,834.30","1,834.30",115
22-Jun-22,"1,835.50","1,841.20","1,825.70","1,825.70","1,825.70",9
23-Jun-22,"1,820.50","1,826.50","1,815.80","1,826.50","1,826.50",61
26-Jun-22,"1,830.50","1,830.70","1,819.90","1,820.90","1,820.90",77
27-Jun-22,"1,824.20","1,826.00","1,817.50","1,817.50","1,817.50",391
28-Jun-22,"1,818.30","1,830.30","1,812.80","1,813.70","1,813.70",173
29-Jun-22,"1,809.60","1,817.30","1,801.00","1,804.10","1,804.10",328
30-Jun-22,"1,795.50","1,806.10","1,791.60","1,798.90","1,798.90",77
3-Jul-22,-,-,-,-,-,-
4-Jul-22,"1,805.40","1,805.40","1,761.80","1,761.80","1,761.80",64
5-Jul-22,"1,762.50","1,768.00","1,734.00","1,734.90","1,734.90","1,729"
6-Jul-22,"1,745.20","1,745.20","1,737.00","1,737.90","1,737.90","1,869"
7-Jul-22,"1,738.10","1,749.30","1,732.10","1,740.60","1,740.60",370
10-Jul-22,"1,732.50","1,736.70","1,730.00","1,730.00","1,730.00",75
11-Jul-22,"1,734.20","1,735.50","1,723.30","1,723.30","1,723.30",451
12-Jul-22,"1,710.00","1,734.20","1,710.00","1,734.20","1,734.20",368
13-Jul-22,"1,710.30","1,710.50","1,704.50","1,704.50","1,704.50","1,289"
14-Jul-22,"1,705.40","1,709.70","1,701.10","1,702.40","1,702.40",721
17-Jul-22,"1,712.20","1,712.40","1,709.20","1,709.20","1,709.20",264
18-Jul-22,"1,712.30","1,714.40","1,706.10","1,710.00","1,710.00","1,684"
19-Jul-22,"1,707.10","1,708.50","1,699.50","1,699.50","1,699.50",130
20-Jul-22,"1,687.00","1,715.50","1,679.80","1,712.70","1,712.70",183
21-Jul-22,"1,713.30","1,735.00","1,713.00","1,727.10","1,727.10",61
24-Jul-22,"1,727.00","1,732.00","1,719.00","1,719.00","1,719.00",67
25-Jul-22,"1,718.00","1,718.00","1,717.70","1,717.70","1,717.70",1
26-Jul-22,"1,719.10","1,719.10","1,719.10","1,719.10","1,719.10","144,865"
27-Jul-22,"1,732.30","1,755.00","1,732.00","1,750.30","1,750.30","37,236"
28-Jul-22,"1,754.00","1,765.70","1,750.00","1,762.90","1,762.90","3,485"
31-Jul-22,"1,763.90","1,772.50","1,756.10","1,769.00","1,769.00",705
1-Aug-22,"1,772.10","1,786.60","1,759.40","1,771.10","1,771.10","1,078"
2-Aug-22,"1,756.70","1,770.50","1,753.00","1,758.00","1,758.00",399
3-Aug-22,"1,769.40","1,792.10","1,767.70","1,788.50","1,788.50",285
4-Aug-22,"1,791.20","1,791.40","1,764.20","1,772.90","1,772.90",645
7-Aug-22,"1,771.80","1,786.80","1,771.80","1,786.80","1,786.80",127
8-Aug-22,"1,790.00","1,796.10","1,789.00","1,794.00","1,794.00",249
9-Aug-22,"1,804.40","1,804.90","1,787.80","1,795.60","1,795.60",601
10-Aug-22,"1,794.30","1,794.30","1,785.70","1,789.70","1,789.70","1,235"
11-Aug-22,"1,786.30","1,800.40","1,784.30","1,798.60","1,798.60",187
14-Aug-22,"1,799.00","1,799.00","1,774.70","1,781.40","1,781.40",64
15-Aug-22,"1,777.40","1,777.40","1,771.40","1,773.20","1,773.20",308
16-Aug-22,"1,769.70","1,769.70","1,760.00","1,760.30","1,760.30",23
17-Aug-22,"1,762.90","1,762.90","1,753.40","1,755.30","1,755.30",321
18-Aug-22,"1,753.70","1,754.30","1,747.50","1,747.60","1,747.60",49
21-Aug-22,"1,740.50","1,740.50","1,726.50","1,734.00","1,734.00",347
22-Aug-22,"1,738.00","1,748.90","1,731.90","1,746.80","1,746.80",509
23-Aug-22,"1,745.00","1,751.80","1,743.60","1,747.80","1,747.80",187
24-Aug-22,"1,761.60","1,761.80","1,755.00","1,757.70","1,757.70",172
25-Aug-22,"1,754.00","1,755.00","1,736.10","1,736.10","1,736.10",202
28-Aug-22,"1,732.40","1,741.20","1,732.10","1,736.60","1,736.60",950
29-Aug-22,"1,736.40","1,739.00","1,720.70","1,723.20","1,723.20",385
30-Aug-22,"1,718.30","1,720.90","1,708.50","1,712.80","1,712.80","2,133"
31-Aug-22,"1,707.90","1,707.90","1,693.90","1,696.60","1,696.60",683
1-Sep-22,"1,703.40","1,715.70","1,703.10","1,709.80","1,709.80",182
4-Sep-22,-,-,-,-,-,-
5-Sep-22,"1,709.70","1,717.40","1,699.70","1,700.40","1,700.40",697
6-Sep-22,"1,694.80","1,715.30","1,694.70","1,715.30","1,715.30",651
7-Sep-22,"1,718.20","1,718.20","1,705.30","1,708.00","1,708.00","1,193"
8-Sep-22,"1,719.20","1,720.00","1,712.80","1,716.20","1,716.20",635
11-Sep-22,"1,727.40","1,728.10","1,727.40","1,728.10","1,728.10",68
12-Sep-22,"1,720.50","1,720.50","1,697.30","1,705.00","1,705.00",432
13-Sep-22,"1,698.70","1,701.80","1,696.50","1,696.50","1,696.50",532
14-Sep-22,"1,685.50","1,686.00","1,662.30","1,665.40","1,665.40","1,125"
15-Sep-22,"1,660.40","1,674.90","1,651.70","1,671.70","1,671.70",464
18-Sep-22,"1,661.80","1,669.40","1,658.50","1,666.20","1,666.20",580
19-Sep-22,"1,659.70","1,659.70","1,659.70","1,659.70","1,659.70","2,830"
20-Sep-22,"1,665.50","1,680.10","1,664.60","1,664.60","1,664.60","2,337"
21-Sep-22,"1,668.30","1,670.80","1,668.30","1,670.80","1,670.80",973
22-Sep-22,"1,667.00","1,667.00","1,645.30","1,645.30","1,645.30","1,224"
25-Sep-22,"1,623.30","1,623.30","1,623.30","1,623.30","1,623.30","1,205"
26-Sep-22,"1,632.20","1,636.60","1,626.70","1,626.70","1,626.70",888
27-Sep-22,"1,620.40","1,660.40","1,620.40","1,660.40","1,660.40","18,311"
28-Sep-22,"1,657.00","1,662.60","1,640.00","1,658.50","1,658.50","6,028"
29-Sep-22,"1,661.70","1,672.70","1,658.00","1,662.40","1,662.40",548
2-Oct-22,"1,667.20","1,700.00","1,661.90","1,692.90","1,692.90",410
3-Oct-22,"1,701.20","1,728.00","1,696.00","1,721.10","1,721.10",291
4-Oct-22,"1,724.10","1,726.60","1,703.00","1,711.40","1,711.40",418
5-Oct-22,"1,721.00","1,723.30","1,709.10","1,711.70","1,711.70",133
6-Oct-22,"1,710.10","1,710.10","1,693.70","1,700.50","1,700.50",179
9-Oct-22,"1,693.40","1,693.40","1,667.00","1,667.30","1,667.30",195
10-Oct-22,"1,661.80","1,678.70","1,661.00","1,678.70","1,678.70",167
11-Oct-22,"1,668.00","1,672.70","1,668.00","1,670.30","1,670.30",149
12-Oct-22,"1,675.20","1,675.30","1,641.50","1,670.00","1,670.00",729
13-Oct-22,"1,665.30","1,667.00","1,640.00","1,641.70","1,641.70",82
16-Oct-22,"1,650.20","1,657.00","1,646.80","1,657.00","1,657.00",238
17-Oct-22,"1,651.40","1,655.20","1,649.00","1,649.00","1,649.00",597
18-Oct-22,"1,637.50","1,637.50","1,627.50","1,627.50","1,627.50",84
19-Oct-22,"1,622.80","1,641.40","1,622.80","1,630.80","1,630.80",477
20-Oct-22,"1,634.10","1,653.90","1,634.10","1,651.00","1,651.00",224
23-Oct-22,"1,662.70","1,662.70","1,648.70","1,648.70","1,648.70",29
24-Oct-22,"1,648.20","1,652.80","1,637.30","1,652.80","1,652.80",880
25-Oct-22,"1,649.80","1,667.00","1,649.80","1,664.00","1,664.00",89
26-Oct-22,"1,660.70","1,660.70","1,660.70","1,660.70","1,660.70","2,298"
27-Oct-22,"1,661.00","1,661.00","1,638.70","1,639.60","1,639.60",626
30-Oct-22,"1,641.80","1,641.80","1,633.40","1,635.90","1,635.90",522
31-Oct-22,"1,630.80","1,653.70","1,630.80","1,645.00","1,645.00",985
1-Nov-22,"1,650.80","1,664.70","1,634.00","1,645.70","1,645.70",612
2-Nov-22,"1,629.20","1,629.20","1,615.10","1,627.30","1,627.30","1,427"
3-Nov-22,"1,630.20","1,674.50","1,629.00","1,672.50","1,672.50",159
7-Nov-22,"1,676.90","1,677.90","1,672.90","1,676.50","1,676.50",42
8-Nov-22,"1,703.20","1,712.10","1,703.20","1,712.10","1,712.10",23
9-Nov-22,"1,707.40","1,720.20","1,706.00","1,710.10","1,710.10",497
10-Nov-22,"1,708.20","1,750.30","1,708.20","1,750.30","1,750.30",325
11-Nov-22,"1,763.80","1,766.00","1,757.60","1,766.00","1,766.00",257
14-Nov-22,"1,762.00","1,773.60","1,761.60","1,773.60","1,773.60",358
15-Nov-22,"1,770.80","1,773.80","1,769.90","1,773.80","1,773.80",57
16-Nov-22,"1,776.60","1,778.90","1,773.00","1,773.00","1,773.00",303
17-Nov-22,"1,763.00","1,763.00","1,756.00","1,760.80","1,760.80",18
18-Nov-22,"1,763.30","1,763.30","1,747.60","1,751.90","1,751.90",414
21-Nov-22,"1,739.00","1,744.90","1,736.10","1,737.40","1,737.40",544
22-Nov-22,"1,741.70","1,741.70","1,738.30","1,738.30","1,738.30",15
23-Nov-22,"1,736.50","1,750.90","1,736.50","1,744.90","1,744.90",39
24-Nov-22,-,-,-,-,-,-
25-Nov-22,"1,753.00","1,757.90","1,749.20","1,753.30","1,753.30",216
28-Nov-22,"1,741.30","1,741.30","1,740.10","1,740.10","1,740.10","132,767"
29-Nov-22,"1,739.50","1,758.20","1,737.90","1,748.40","1,748.40","19,416"
30-Nov-22,"1,748.10","1,769.40","1,745.10","1,746.00","1,746.00","3,339"
1-Dec-22,"1,768.70","1,803.70","1,768.70","1,801.10","1,801.10","1,053"
2-Dec-22,"1,802.00","1,802.30","1,779.40","1,795.90","1,795.90","1,725"
5-Dec-22,"1,795.70","1,808.00","1,764.30","1,767.40","1,767.40","1,713"
6-Dec-22,"1,768.60","1,779.40","1,767.90","1,769.30","1,769.30",105
7-Dec-22,"1,769.30","1,790.30","1,769.30","1,785.50","1,785.50",422
8-Dec-22,"1,782.00","1,790.90","1,782.00","1,788.70","1,788.70",713
9-Dec-22,"1,794.90","1,804.30","1,791.10","1,798.10","1,798.10",125
12-Dec-22,"1,787.30","1,793.90","1,777.70","1,780.50","1,780.50",85
13-Dec-22,"1,780.70","1,819.80","1,780.50","1,813.90","1,813.90",205
14-Dec-22,"1,810.80","1,812.80","1,797.90","1,807.50","1,807.50","1,074"
15-Dec-22,"1,801.00","1,801.00","1,774.80","1,777.20","1,777.20",421
16-Dec-22,"1,777.90","1,791.40","1,777.90","1,790.00","1,790.00",206
19-Dec-22,"1,791.60","1,796.30","1,785.60","1,787.70","1,787.70",79
20-Dec-22,"1,786.50","1,821.40","1,786.50","1,815.90","1,815.90",51
21-Dec-22,"1,817.40","1,821.40","1,814.40","1,815.90","1,815.90",35
22-Dec-22,"1,818.10","1,818.10","1,785.00","1,787.00","1,787.00",411
23-Dec-22,"1,794.30","1,802.80","1,794.10","1,795.90","1,795.90",49
26-Dec-22,-,-,-,-,-,-
27-Dec-22,"1,803.40","1,826.30","1,803.40","1,814.80","1,814.80",69
28-Dec-22,"1,803.20","1,807.90","1,803.10","1,807.90","1,807.90",434
29-Dec-22,"1,805.80","1,819.50","1,805.80","1,819.50","1,819.50",434
