Date_nifty_50,Open_nifty_50,High_nifty_50,Volume_nifty_50,Low_nifty_50,Close_nifty_50,Adj Close_nifty_50,oil_price.Close_crude_oil_price
1/2/2018,10477.54981,10495.2002,153400,10404.65039,10442.2002,10442.2002,60.37
1/3/2018,10482.65039,10503.59961,167300,10429.54981,10443.2002,10443.2002,61.63
1/4/2018,10469.40039,10513,174900,10441.4502,10504.79981,10504.79981,62.01
1/5/2018,10534.25,10566.09961,180900,10520.09961,10558.84961,10558.84961,61.44
1/8/2018,10591.7002,10631.2002,169000,10588.54981,10623.59961,10623.59961,61.73
1/9/2018,10645.09961,10659.15039,205000,10603.59961,10637,10637,62.96
1/10/2018,10652.04981,10655.5,176400,10592.7002,10632.2002,10632.2002,63.57
1/11/2018,10637.04981,10664.59961,153800,10612.34961,10651.2002,10651.2002,63.8
1/12/2018,10682.54981,10690.40039,175200,10597.09961,10681.25,10681.25,64.3
1/16/2018,10761.5,10762.34961,211000,10687.84961,10700.4502,10700.4502,63.73
1/17/2018,10702.4502,10803,252700,10666.75,10788.54981,10788.54981,63.97
1/18/2018,10873.40039,10887.5,312000,10782.40039,10817,10817,63.95
1/19/2018,10829.2002,10906.84961,207600,10793.90039,10894.7002,10894.7002,63.37
1/22/2018,10883.2002,10975.09961,231600,10881.40039,10966.2002,10966.2002,63.49
1/23/2018,10997.40039,11092.90039,284600,10994.54981,11083.7002,11083.7002,64.47
1/24/2018,11069.34961,11110.09961,283400,11046.15039,11086,11086,65.61
1/25/2018,11095.59961,11095.59961,330300,11009.2002,11069.65039,11069.65039,65.51
1/29/2018,11079.34961,11171.54981,241700,11075.9502,11130.40039,11130.40039,65.56
1/30/2018,11120.84961,11121.09961,228000,11033.90039,11049.65039,11049.65039,64.5
1/31/2018,11018.79981,11058.5,245900,10979.29981,11027.7002,11027.7002,64.73
2/1/2018,11044.54981,11117.34961,306200,10878.79981,11016.90039,11016.90039,65.8
2/2/2018,10938.2002,10954.9502,282700,10736.09961,10760.59961,10760.59961,65.45
2/5/2018,10604.29981,10702.75,240100,10586.79981,10666.54981,10666.54981,64.15
2/6/2018,10295.15039,10594.15039,266500,10276.29981,10498.25,10498.25,63.39
2/7/2018,10607.2002,10614,250400,10446.40039,10476.7002,10476.7002,61.79
2/8/2018,10518.5,10637.79981,232200,10479.54981,10576.84961,10576.84961,61.15
2/9/2018,10416.5,10480.2002,191600,10398.2002,10454.9502,10454.9502,59.2
2/12/2018,10518.2002,10555.5,217400,10485.40039,10539.75,10539.75,59.29
2/14/2018,10585.75,10590.54981,229200,10456.65039,10500.90039,10500.90039,60.6
2/15/2018,10537.90039,10618.09961,210600,10511.04981,10545.5,10545.5,61.34
2/16/2018,10596.2002,10612.90039,184300,10434.04981,10452.29981,10452.29981,61.68
2/20/2018,10391,10429.34961,187700,10347.65039,10360.40039,10360.40039,61.9
2/21/2018,10426,10426.09961,234100,10349.59961,10397.4502,10397.4502,61.68
2/22/2018,10354.34961,10397.54981,313600,10340.65039,10382.7002,10382.7002,62.77
2/23/2018,10408.09961,10499.09961,210600,10396.65039,10491.04981,10491.04981,63.55
2/26/2018,10526.54981,10592.9502,171900,10520.2002,10582.59961,10582.59961,63.91
2/27/2018,10615.2002,10631.65039,187500,10537.25,10554.29981,10554.29981,63.01
2/28/2018,10488.9502,10535.5,286000,10461.54981,10492.84961,10492.84961,61.64
3/1/2018,10479.9502,10525.5,176000,10447.15039,10458.34961,10458.34961,60.99
3/5/2018,10428.29981,10428.7002,194000,10323.90039,10358.84961,10358.84961,62.57
3/6/2018,10420.5,10441.34961,222900,10215.90039,10249.25,10249.25,62.6
3/7/2018,10232.9502,10243.34961,249500,10141.54981,10154.2002,10154.2002,61.15
3/8/2018,10216.25,10270.34961,226400,10146.40039,10242.65039,10242.65039,60.12
3/9/2018,10271.29981,10296.7002,186500,10211.90039,10226.84961,10226.84961,62.04
3/12/2018,10301.59961,10433.65039,216400,10295.4502,10421.40039,10421.40039,60.71
3/13/2018,10389.5,10478.59961,266700,10377.84961,10426.84961,10426.84961,60.96
3/14/2018,10393.04981,10420.34961,181400,10336.29981,10410.90039,10410.90039,61.19
3/15/2018,10405.4502,10420,173900,10346.2002,10360.15039,10360.15039,62.34
3/19/2018,10215.34961,10224.54981,210200,10075.29981,10094.25,10094.25,63.4
3/20/2018,10051.54981,10155.65039,203000,10049.09961,10124.34961,10124.34961,65.17
3/21/2018,10181.9502,10227.29981,204800,10132.9502,10155.25,10155.25,64.3
3/22/2018,10167.5,10207.84961,230500,10105.40039,10114.75,10114.75,65.88
3/26/2018,9989.150391,10143.5,262600,9958.549805,10130.65039,10130.65039,65.25
3/27/2018,10188,10207.90039,225700,10139.65039,10184.15039,10184.15039,64.38
3/28/2018,10143.59961,10158.34961,344400,10096.90039,10113.7002,10113.7002,64.94
4/2/2018,10151.65039,10220.09961,225400,10127.75,10211.79981,10211.79981,63.51
4/3/2018,10186.84961,10255.34961,205300,10171.04981,10245,10245,63.37
4/4/2018,10274.59961,10279.84961,231100,10111.29981,10128.40039,10128.40039,63.54
4/5/2018,10228.4502,10331.79981,236800,10227.4502,10325.15039,10325.15039,62.06
4/9/2018,10333.7002,10397.7002,221600,10328.5,10379.34961,10379.34961,65.51
4/10/2018,10412.90039,10424.84961,251700,10381.5,10402.25,10402.25,66.82
4/11/2018,10428.15039,10428.15039,250400,10355.59961,10417.15039,10417.15039,67.07
4/12/2018,10410.65039,10469.90039,238600,10395.25,10458.65039,10458.65039,67.39
4/16/2018,10398.29981,10540.15039,195000,10396.34961,10528.34961,10528.34961,66.52
4/17/2018,10557.29981,10560.4502,206100,10495.65039,10548.7002,10548.7002,68.47
4/18/2018,10578.90039,10594.2002,205400,10509.7002,10526.2002,10526.2002,68.29
4/19/2018,10563.65039,10572.2002,262600,10546.2002,10565.29981,10565.29981,68.38
4/23/2018,10592.79981,10638.34961,194200,10514.9502,10584.7002,10584.7002,67.7
4/24/2018,10578.09961,10636.79981,219200,10569,10614.34961,10614.34961,68.05
4/25/2018,10612.40039,10612.59961,189200,10536.4502,10570.54981,10570.54981,68.19
4/26/2018,10586.5,10628.40039,335100,10559.65039,10617.79981,10617.79981,68.1
4/30/2018,10705.75,10759,173800,10704.59961,10739.34961,10739.34961,67.25
5/2/2018,10783.84961,10784.65039,229700,10689.79981,10718.04981,10718.04981,68.43
5/3/2018,10720.15039,10720.59961,185200,10647.4502,10679.65039,10679.65039,69.72
5/7/2018,10653.15039,10725.65039,168400,10635.65039,10715.5,10715.5,69.06
5/8/2018,10757.90039,10758.54981,269800,10689.40039,10717.79981,10717.79981,71.14
5/9/2018,10693.34961,10766.25,215400,10689.84961,10741.7002,10741.7002,71.36
5/10/2018,10779.65039,10785.54981,192100,10705,10716.54981,10716.54981,70.7
5/14/2018,10815.15039,10834.84961,171400,10774.75,10806.59961,10806.59961,71.31
5/15/2018,10812.59961,10929.2002,254300,10781.40039,10801.84961,10801.84961,71.49
5/16/2018,10751.9502,10790.4502,231100,10699.7002,10741.09961,10741.09961,71.49
5/17/2018,10775.59961,10777.25,214100,10664.5,10682.7002,10682.7002,71.28
5/21/2018,10616.7002,10621.7002,0,10505.79981,10516.7002,10516.7002,72.13
5/22/2018,10518.4502,10558.59961,241700,10490.54981,10536.7002,10536.7002,71.84
5/23/2018,10521.09961,10533.54981,290900,10417.79981,10430.34961,10430.34961,70.71
5/24/2018,10464.84961,10535.15039,297600,10419.79981,10513.84961,10513.84961,67.88
5/28/2018,10648.34961,10709.79981,232600,10640.54981,10688.65039,10688.65039,66.73
5/29/2018,10689.40039,10717.25,225800,10616.09961,10633.29981,10633.29981,68.21
5/30/2018,10579,10648.7002,238700,10558.4502,10614.34961,10614.34961,67.04
5/31/2018,10670.09961,10763.79981,610300,10620.40039,10736.15039,10736.15039,65.81
6/4/2018,10765.9502,10770.29981,203800,10618.34961,10628.5,10628.5,65.52
6/5/2018,10630.7002,10633.15039,167700,10550.90039,10593.15039,10593.15039,64.73
6/6/2018,10603.4502,10698.34961,189900,10587.5,10684.65039,10684.65039,65.95
6/7/2018,10722.59961,10818,220900,10722.59961,10768.34961,10768.34961,65.74
6/11/2018,10781.84961,10850.54981,211400,10777.04981,10786.9502,10786.9502,66.36
6/12/2018,10816.15039,10856.54981,198300,10789.40039,10842.84961,10842.84961,66.64
6/13/2018,10887.5,10893.25,213400,10842.65039,10856.7002,10856.7002,66.89
6/14/2018,10832.90039,10833.7002,184300,10773.54981,10808.04981,10808.04981,65.06
6/18/2018,10830.2002,10830.2002,196600,10787.34961,10799.84961,10799.84961,65.07
6/19/2018,10789.4502,10789.4502,224500,10701.2002,10710.4502,10710.4502,66.22
6/20/2018,10734.65039,10781.79981,193500,10724.04981,10772.04981,10772.04981,65.54
6/21/2018,10808.4502,10809.59961,223600,10725.90039,10741.09961,10741.09961,68.58
6/25/2018,10822.90039,10831.04981,229600,10753.04981,10762.4502,10762.4502,70.53
6/26/2018,10742.7002,10805.25,220000,10732.54981,10769.15039,10769.15039,72.76
6/27/2018,10785.5,10785.5,246000,10652.40039,10671.40039,10671.40039,73.45
6/28/2018,10660.79981,10674.2002,352300,10557.7002,10589.09961,10589.09961,74.15
7/3/2018,10668.59961,10713.29981,202100,10630.25,10699.90039,10699.90039,74.14
7/4/2018,10715,10777.15039,173900,10677.75,10769.90039,10769.90039,72.94
7/5/2018,10786.04981,10786.04981,220500,10726.25,10749.75,10749.75,73.8
7/9/2018,10838.29981,10860.34961,183600,10807.15039,10852.90039,10852.90039,74.11
7/10/2018,10902.75,10956.90039,197000,10876.65039,10947.25,10947.25,70.38
7/11/2018,10956.40039,10976.65039,222300,10923,10948.29981,10948.29981,70.33
7/12/2018,11006.9502,11078.29981,248300,10999.65039,11023.2002,11023.2002,71.01
7/16/2018,11018.9502,11019.5,210500,10926.25,10936.84961,10936.84961,68.08
7/17/2018,10939.65039,11018.5,210600,10925.59961,11008.04981,11008.04981,68.76
7/18/2018,11060.2002,11076.2002,225500,10956.29981,10980.4502,10980.4502,69.46
7/19/2018,10999.5,11006.5,215400,10935.4502,10957.09961,10957.09961,70.46
7/23/2018,11019.84961,11093.40039,229100,11010.9502,11084.75,11084.75,68.52
7/24/2018,11109,11143.40039,205800,11092.5,11134.29981,11134.29981,69.3
7/25/2018,11148.40039,11157.15039,205900,11113.25,11132,11132,69.61
7/26/2018,11132.9502,11185.84961,365400,11125.7002,11167.29981,11167.29981,68.69
7/30/2018,11296.65039,11328.09961,278800,11261.4502,11319.54981,11319.54981,68.76
7/31/2018,11311.04981,11366,256500,11267.75,11356.5,11356.5,67.66
8/1/2018,11359.79981,11390.54981,269700,11313.54981,11346.2002,11346.2002,68.96
8/2/2018,11328.90039,11328.90039,210000,11234.9502,11244.7002,11244.7002,68.49
8/6/2018,11401.5,11427.65039,203700,11370.59961,11387.09961,11387.09961,69.17
8/7/2018,11423.15039,11428.9502,226400,11359.7002,11389.4502,11389.4502,66.94
8/8/2018,11412.5,11459.9502,210500,11379.29981,11450,11450,66.81
8/9/2018,11493.25,11495.2002,302200,11454.09961,11470.7002,11470.7002,67.63
8/13/2018,11369.59961,11406.29981,246900,11340.29981,11355.75,11355.75,67.04
8/14/2018,11381.7002,11452.4502,232600,11370.79981,11435.09961,11435.09961,65.01
8/16/2018,11397.15039,11449.84961,290600,11366.25,11385.04981,11385.04981,65.91
8/20/2018,11502.09961,11565.29981,232600,11499.65039,11551.75,11551.75,67.35
8/21/2018,11576.2002,11581.75,224200,11539.59961,11570.90039,11570.90039,67.86
8/23/2018,11620.7002,11620.7002,248500,11546.7002,11582.75,11582.75,68.72
8/27/2018,11605.84961,11700.9502,199500,11595.59961,11691.9502,11691.9502,68.53
8/28/2018,11731.9502,11760.2002,241900,11710.5,11738.5,11738.5,69.51
8/29/2018,11744.9502,11753.2002,251600,11678.84961,11691.90039,11691.90039,70.25
8/30/2018,11694.75,11698.79981,313800,11639.7002,11676.79981,11676.79981,69.8
9/3/2018,11751.79981,11751.79981,234400,11567.40039,11582.34961,11582.34961,69.87
9/4/2018,11598.75,11602.54981,254800,11496.84961,11520.29981,11520.29981,68.72
9/5/2018,11514.84961,11542.65039,246100,11393.84961,11476.9502,11476.9502,67.77
9/6/2018,11514.15039,11562.25,247900,11436.04981,11536.90039,11536.90039,67.75
9/10/2018,11570.25,11573,286700,11427.29981,11438.09961,11438.09961,69.25
9/11/2018,11476.84961,11479.40039,0,11274,11287.5,11287.5,70.37
9/12/2018,11340.09961,11380.75,268200,11250.2002,11369.90039,11369.90039,68.59
9/17/2018,11464.9502,11464.9502,201400,11366.90039,11377.75,11377.75,69.85
9/18/2018,11381.54981,11411.4502,240900,11268.9502,11278.90039,11278.90039,71.12
9/19/2018,11326.65039,11332.04981,250600,11210.90039,11234.34961,11234.34961,70.8
9/24/2018,11164.40039,11170.15039,0,10943.59961,10967.40039,10967.40039,72.28
9/25/2018,10969.9502,11080.59961,405000,10882.84961,11067.4502,11067.4502,71.57
9/26/2018,11145.54981,11145.54981,340500,10993.04981,11053.79981,11053.79981,72.12
9/27/2018,11079.79981,11089.4502,405700,10953.34961,10977.54981,10977.54981,73.25
10/1/2018,10930.90039,11035.65039,387000,10821.54981,11008.29981,11008.29981,75.23
10/3/2018,10982.7002,10989.04981,386800,10843.75,10858.25,10858.25,74.33
10/4/2018,10754.7002,10754.7002,425100,10547.25,10599.25,10599.25,74.34
10/8/2018,10310.15039,10398.34961,456200,10198.40039,10348.04981,10348.04981,74.96
10/9/2018,10390.29981,10397.59961,430500,10279.34961,10301.04981,10301.04981,73.17
10/10/2018,10331.84961,10482.34961,0,10318.25,10460.09961,10460.09961,70.97
10/11/2018,10169.79981,10335.9502,483500,10138.59961,10234.65039,10234.65039,71.34
10/15/2018,10524.2002,10526.29981,259500,10410.15039,10512.5,10512.5,71.92
10/16/2018,10550.15039,10604.90039,265200,10525.29981,10584.75,10584.75,69.75
10/17/2018,10688.7002,10710.15039,284800,10436.4502,10453.04981,10453.04981,68.65
10/22/2018,10405.84961,10408.54981,297300,10224,10245.25,10245.25,66.43
10/23/2018,10152.59961,10222.09961,302600,10102.34961,10146.79981,10146.79981,66.82
10/24/2018,10278.15039,10290.65039,351400,10126.7002,10224.75,10224.75,67.33
10/25/2018,10135.04981,10166.59961,0,10079.29981,10124.90039,10124.90039,67.59
10/29/2018,10078.09961,10275.29981,364400,10020.34961,10250.84961,10250.84961,66.18
10/30/2018,10239.40039,10285.09961,289800,10175.34961,10198.40039,10198.40039,65.31
10/31/2018,10209.54981,10396,375000,10105.09961,10386.59961,10386.59961,63.69
11/1/2018,10441.7002,10441.90039,348500,10341.90039,10380.4502,10380.4502,63.14
11/5/2018,10558.75,10558.79981,301900,10477,10524,10524,63.1
11/6/2018,10552,10600.25,0,10491.4502,10530,10530,62.21
11/7/2018,10614.4502,10616.4502,31200,10582.29981,10598.40039,10598.40039,61.67
11/9/2018,10614.7002,10619.54981,296600,10544.84961,10585.2002,10585.2002,60.19
11/12/2018,10607.79981,10645.5,259700,10464.04981,10482.2002,10482.2002,59.93
11/13/2018,10451.90039,10596.25,254600,10440.54981,10582.5,10582.5,55.69
11/14/2018,10634.90039,10651.59961,384500,10532.7002,10576.29981,10576.29981,56.25
11/15/2018,10580.59961,10646.5,0,10557.5,10616.7002,10616.7002,56.46
11/16/2018,10644,10695.15039,342800,10631.15039,10682.2002,10682.2002,56.46
11/19/2018,10731.25,10774.7002,272100,10688.79981,10763.40039,10763.40039,56.76
11/20/2018,10740.09961,10740.84961,295200,10640.84961,10656.2002,10656.2002,53.43
11/21/2018,10670.9502,10671.29981,300900,10562.34961,10600.04981,10600.04981,54.63
11/26/2018,10568.29981,10637.79981,0,10489.75,10628.59961,10628.59961,51.63
11/27/2018,10621.4502,10695.15039,0,10596.34961,10685.59961,10685.59961,51.56
11/28/2018,10708.75,10757.79981,424500,10699.84961,10728.84961,10728.84961,50.29
11/29/2018,10808.7002,10883.04981,691300,10782.34961,10858.7002,10858.7002,51.45
11/30/2018,10892.09961,10922.4502,453900,10835.09961,10876.75,10876.75,50.93
12/3/2018,10930.7002,10941.2002,409700,10845.34961,10883.75,10883.75,52.95
12/4/2018,10877.09961,10890.9502,322100,10833.34961,10869.5,10869.5,53.25
12/6/2018,10718.15039,10722.65039,318500,10588.25,10601.15039,10601.15039,51.49
12/7/2018,10644.79981,10704.54981,325800,10599.34961,10693.7002,10693.7002,52.61
12/10/2018,10508.7002,10558.84961,381300,10474.9502,10488.4502,10488.4502,51
12/11/2018,10350.04981,10567.15039,425500,10333.84961,10549.15039,10549.15039,51.65
12/12/2018,10591,10752.2002,360500,10560.79981,10737.59961,10737.59961,51.15
12/13/2018,10810.75,10838.59961,376200,10749.5,10791.54981,10791.54981,52.58
12/14/2018,10784.5,10815.75,340100,10752.09961,10805.4502,10805.4502,51.2
12/17/2018,10853.2002,10900.34961,296900,10844.84961,10888.34961,10888.34961,49.88
12/18/2018,10850.90039,10915.40039,286100,10819.09961,10908.7002,10908.7002,46.24
12/19/2018,10930.54981,10985.15039,312100,10928,10967.29981,10967.29981,47.2
12/20/2018,10885.2002,10962.54981,318900,10880.04981,10951.7002,10951.7002,45.88
12/21/2018,10944.25,10963.65039,377500,10738.65039,10754,10754,45.59
12/24/2018,10780.90039,10782.29981,223400,10649.25,10663.5,10663.5,42.53
12/26/2018,10635.4502,10747.5,263700,10534.54981,10729.84961,10729.84961,46.22
12/27/2018,10817.90039,10834.2002,456100,10764.4502,10779.79981,10779.79981,44.61
12/28/2018,10820.9502,10893.59961,245500,10817.15039,10859.90039,10859.90039,45.33
12/31/2018,10913.2002,10923.54981,180900,10853.2002,10862.54981,10862.54981,45.41
1/2/2019,10868.84961,10895.34961,309700,10735.04981,10792.5,10792.5,46.54
1/3/2019,10796.79981,10814.04981,286200,10661.25,10672.25,10672.25,47.09
1/4/2019,10699.7002,10741.04981,296600,10628.65039,10727.34961,10727.34961,47.96
1/7/2019,10804.84961,10835.9502,269400,10750.15039,10771.79981,10771.79981,48.52
1/8/2019,10786.25,10818.4502,277700,10733.25,10802.15039,10802.15039,49.78
1/9/2019,10862.40039,10870.40039,333000,10749.40039,10855.15039,10855.15039,52.36
1/10/2019,10859.34961,10859.34961,254400,10801.79981,10821.59961,10821.59961,52.59
1/11/2019,10834.75,10850.15039,260800,10739.40039,10794.9502,10794.9502,51.59
1/14/2019,10807,10808,298800,10692.34961,10737.59961,10737.59961,50.51
1/15/2019,10777.54981,10896.9502,310700,10777.54981,10886.79981,10886.79981,52.11
1/16/2019,10899.65039,10928.15039,276500,10876.90039,10890.29981,10890.29981,52.31
1/17/2019,10920.84961,10930.65039,271700,10844.65039,10905.2002,10905.2002,52.07
1/18/2019,10914.84961,10928.2002,323800,10852.2002,10906.9502,10906.9502,53.8
1/22/2019,10949.79981,10949.79981,300800,10864.15039,10922.75,10922.75,52.57
1/23/2019,10931.04981,10944.79981,298900,10811.9502,10831.5,10831.5,52.62
1/24/2019,10844.04981,10866.59961,361100,10798.65039,10849.79981,10849.79981,53.13
1/25/2019,10859.75,10931.7002,463400,10756.4502,10780.54981,10780.54981,53.69
1/28/2019,10792.4502,10804.4502,419700,10630.9502,10661.54981,10661.54981,51.99
1/29/2019,10653.7002,10690.34961,356900,10583.65039,10652.2002,10652.2002,53.31
1/30/2019,10702.25,10710.2002,410100,10612.84961,10651.79981,10651.79981,54.23
1/31/2019,10690.54981,10838.04981,604800,10678.54981,10830.9502,10830.9502,53.79
2/1/2019,10851.34961,10983.4502,482300,10813.4502,10893.65039,10893.65039,55.26
2/4/2019,10876.75,10927.90039,318300,10814.15039,10912.25,10912.25,54.56
2/5/2019,10908.65039,10956.7002,268100,10886.7002,10934.34961,10934.34961,53.66
2/6/2019,10965.09961,11072.59961,298500,10962.7002,11062.4502,11062.4502,54.01
2/7/2019,11070.4502,11118.09961,263500,11043.59961,11069.40039,11069.40039,52.64
2/8/2019,11023.5,11041.2002,352800,10925.4502,10943.59961,10943.59961,52.72
2/11/2019,10930.90039,10930.90039,286000,10857.09961,10888.79981,10888.79981,52.41
2/12/2019,10879.7002,10910.90039,292300,10823.79981,10831.40039,10831.40039,53.1
2/14/2019,10786.09961,10792.7002,627000,10718.75,10746.04981,10746.04981,54.41
2/15/2019,10780.25,10785.75,521900,10620.40039,10724.40039,10724.40039,55.59
2/19/2019,10636.7002,10722.84961,291500,10585.65039,10604.34961,10604.34961,56.09
2/20/2019,10655.4502,10752.7002,289200,10646.40039,10735.4502,10735.4502,56.92
2/21/2019,10744.09961,10808.84961,279600,10721.5,10789.84961,10789.84961,56.96
2/22/2019,10782.7002,10801.54981,396800,10758.40039,10791.65039,10791.65039,57.26
2/25/2019,10813.25,10887.09961,385900,10788.04981,10880.09961,10880.09961,55.48
2/26/2019,10775.29981,10888.75,415000,10729.29981,10835.29981,10835.29981,55.5
2/27/2019,10881.2002,10939.7002,381100,10751.2002,10806.65039,10806.65039,56.94
2/28/2019,10865.7002,10865.7002,644200,10784.84961,10792.5,10792.5,57.22
3/1/2019,10842.65039,10877.90039,308500,10823.09961,10863.5,10863.5,55.8
3/5/2019,10864.84961,10994.90039,373200,10817,10987.4502,10987.4502,56.56
3/6/2019,11024.84961,11062.29981,372600,10998.84961,11053,11053,56.22
3/7/2019,11077.9502,11089.04981,321200,11027.09961,11058.2002,11058.2002,56.66
3/8/2019,11038.84961,11049,326600,11008.9502,11035.40039,11035.40039,56.07
3/11/2019,11068.75,11180.90039,352200,11059.84961,11168.04981,11168.04981,56.87
3/12/2019,11231.34961,11320.40039,391300,11227,11301.2002,11301.2002,58.26
3/13/2019,11326.2002,11352.29981,383000,11276.59961,11341.7002,11341.7002,58.61
3/14/2019,11382.5,11383.4502,294500,11313.75,11343.25,11343.25,58.52
3/18/2019,11473.84961,11530.15039,320300,11412.5,11462.2002,11462.2002,59.03
3/19/2019,11500.29981,11543.84961,326100,11451.25,11532.40039,11532.40039,59.83
3/20/2019,11553.34961,11556.09961,366300,11503.09961,11521.04981,11521.04981,59.98
3/25/2019,11395.65039,11395.65039,294500,11311.59961,11354.25,11354.25,59.94
3/26/2019,11375.2002,11496.75,282600,11352.4502,11483.25,11483.25,59.41
3/27/2019,11531.4502,11546.2002,350400,11413,11445.04981,11445.04981,59.3
3/28/2019,11463.65039,11588.5,527700,11452.4502,11570,11570,60.14
4/1/2019,11665.2002,11738.09961,379600,11644.75,11669.15039,11669.15039,62.58
4/2/2019,11711.54981,11729.34961,386100,11655.84961,11713.2002,11713.2002,62.46
4/3/2019,11735.29981,11761,365800,11629.15039,11643.9502,11643.9502,62.1
4/4/2019,11660.2002,11662.54981,349000,11559.2002,11598,11598,63.08
4/8/2019,11704.34961,11710.29981,260900,11549.09961,11604.5,11604.5,63.98
4/9/2019,11612.04981,11683.90039,300500,11569.7002,11671.9502,11671.9502,64.61
4/10/2019,11646.84961,11680.04981,359900,11571.75,11584.29981,11584.29981,63.58
4/11/2019,11592.54981,11606.7002,279800,11550.54981,11596.7002,11596.7002,63.89
4/15/2019,11667,11704.59961,290000,11648.25,11690.34961,11690.34961,64.05
4/16/2019,11736.2002,11810.9502,354300,11731.54981,11787.15039,11787.15039,63.76
4/22/2019,11727.04981,11727.04981,260400,11583.9502,11594.4502,11594.4502,66.3
4/23/2019,11612.9502,11645.9502,272500,11564.79981,11575.9502,11575.9502,65.89
4/24/2019,11601.5,11740.84961,335200,11578.84961,11726.15039,11726.15039,65.21
4/25/2019,11735.7002,11796.75,604400,11624.29981,11641.79981,11641.79981,63.3
4/30/2019,11748.75,11756.25,532600,11655.90039,11748.15039,11748.15039,63.6
5/2/2019,11725.54981,11789.29981,380300,11699.54981,11724.75,11724.75,61.94
5/6/2019,11605.79981,11632.54981,299000,11571.34961,11598.25,11598.25,61.4
5/7/2019,11651.5,11657.04981,337500,11484.4502,11497.90039,11497.90039,62.12
5/8/2019,11478.7002,11479.09961,372800,11346.9502,11359.4502,11359.4502,61.7
5/9/2019,11322.40039,11357.59961,373000,11255.04981,11301.79981,11301.79981,61.66
5/13/2019,11258.7002,11300.2002,357600,11125.59961,11148.2002,11148.2002,61.78
5/14/2019,11151.65039,11294.75,398100,11108.29981,11222.04981,11222.04981,62.02
5/15/2019,11271.7002,11286.79981,414200,11136.9502,11157,11157,62.87
5/16/2019,11180.34961,11281.54981,350700,11143.34961,11257.09961,11257.09961,62.76
5/20/2019,11651.90039,11845.2002,452100,11591.7002,11828.25,11828.25,62.99
5/21/2019,11863.65039,11883.54981,381000,11682.79981,11709.09961,11709.09961,61.42
5/22/2019,11727.9502,11784.79981,355900,11682.40039,11737.90039,11737.90039,57.91
5/23/2019,11901.29981,12041.15039,569000,11614.5,11657.04981,11657.04981,58.63
5/27/2019,11855.5,11957.15039,348400,11812.40039,11924.75,11924.75,59.14
5/28/2019,11958.34961,11958.54981,598300,11864.90039,11928.75,11928.75,58.81
5/29/2019,11905.79981,11931.90039,318100,11836.79981,11861.09961,11861.09961,56.59
5/30/2019,11865.29981,11968.54981,421200,11859.40039,11945.90039,11945.90039,53.5
6/3/2019,11953.75,12103.04981,315300,11920.09961,12088.54981,12088.54981,53.48
6/4/2019,12052.65039,12095.2002,289200,12005.84961,12021.65039,12021.65039,51.68
6/6/2019,12039.79981,12039.79981,415200,11830.25,11843.75,11843.75,53.99
6/10/2019,11934.90039,11975.04981,303300,11871.75,11922.7002,11922.7002,53.27
6/11/2019,11959.84961,12000.34961,332200,11904.34961,11965.59961,11965.59961,51.14
6/12/2019,11962.4502,11962.4502,283700,11866.34961,11906.2002,11906.2002,52.28
6/13/2019,11873.90039,11931.34961,447900,11817.04981,11914.04981,11914.04981,52.51
6/17/2019,11844,11844.04981,295500,11657.75,11672.15039,11672.15039,53.9
6/18/2019,11677.04981,11727.2002,365500,11641.15039,11691.5,11691.5,53.76
6/19/2019,11744.4502,11802.5,446900,11625.09961,11691.4502,11691.4502,56.65
6/20/2019,11653.65039,11843.5,442000,11635.04981,11831.75,11831.75,57.43
6/24/2019,11725.79981,11754,277600,11670.2002,11699.65039,11699.65039,57.83
6/25/2019,11681,11814.40039,300500,11651,11796.4502,11796.4502,59.38
6/26/2019,11768.15039,11871.84961,327900,11757.54981,11847.54981,11847.54981,59.43
6/27/2019,11860.84961,11911.15039,480200,11821.04981,11841.54981,11841.54981,58.47
7/1/2019,11839.90039,11884.65039,278400,11830.79981,11865.59961,11865.59961,56.25
7/3/2019,11932.15039,11945.2002,340500,11887.04981,11916.75,11916.75,57.34
7/4/2019,11928.79981,11969.25,333600,11923.65039,11946.75,11946.75,57.51
7/8/2019,11770.40039,11771.90039,464000,11523.29981,11558.59961,11558.59961,57.83
7/9/2019,11531.59961,11582.54981,442500,11461,11555.90039,11555.90039,60.43
7/10/2019,11536.15039,11593.7002,337600,11475.65039,11498.90039,11498.90039,60.2
7/11/2019,11561.4502,11599,317300,11519.5,11582.90039,11582.90039,60.21
7/15/2019,11614.75,11618.40039,368800,11532.29981,11588.34961,11588.34961,57.62
7/16/2019,11596.65039,11670.04981,480200,11573.9502,11662.59961,11662.59961,56.78
7/17/2019,11670.75,11706.65039,464800,11651.15039,11687.5,11687.5,55.3
7/18/2019,11675.59961,11677.15039,498300,11582.40039,11596.90039,11596.90039,55.63
7/22/2019,11392.84961,11398.15039,516000,11301.25,11346.2002,11346.2002,56.77
7/23/2019,11372.25,11398.15039,458900,11302.79981,11331.04981,11331.04981,55.88
7/24/2019,11322.4502,11359.75,413200,11229.79981,11271.29981,11271.29981,56.02
7/25/2019,11290.40039,11361.40039,553700,11239.34961,11252.15039,11252.15039,56.2
7/29/2019,11307.5,11310.9502,482900,11152.40039,11189.2002,11189.2002,58.05
7/30/2019,11213.7002,11267.4502,479100,11072.65039,11085.40039,11085.40039,58.58
7/31/2019,11034.04981,11145.29981,536700,10999.40039,11118,11118,53.95
8/1/2019,11060.2002,11076.75,499900,10881,10980,10980,55.66
8/5/2019,10895.79981,10895.79981,506600,10782.59961,10862.59961,10862.59961,53.63
8/6/2019,10815.40039,11018.54981,517900,10813.79981,10948.25,10948.25,51.09
8/7/2019,10958.09961,10975.65039,548500,10835.90039,10855.5,10855.5,52.54
8/8/2019,10899.2002,11058.04981,482500,10842.9502,11032.4502,11032.4502,54.5
8/13/2019,11139.40039,11145.90039,624600,10901.59961,10925.84961,10925.84961,55.23
8/14/2019,11003.25,11078.15039,511500,10935.59961,11029.40039,11029.40039,54.47
8/19/2019,11094.79981,11146.90039,369500,11037.84961,11053.90039,11053.90039,56.34
8/20/2019,11063.90039,11076.29981,444700,10985.29981,11017,11017,55.68
8/21/2019,11018.15039,11034.2002,557900,10906.65039,10918.7002,10918.7002,55.35
8/22/2019,10905.29981,10908.25,668200,10718.29981,10741.34961,10741.34961,54.17
8/26/2019,11000.29981,11070.29981,684100,10756.54981,11057.84961,11057.84961,54.93
8/27/2019,11106.54981,11141.75,685600,11049.5,11105.34961,11105.34961,55.78
8/28/2019,11101.29981,11129.65039,550000,10987.65039,11046.09961,11046.09961,56.71
8/29/2019,10996.04981,11021.09961,649900,10922.40039,10948.29981,10948.29981,55.1
9/3/2019,10960.9502,10967.5,483000,10772.7002,10797.90039,10797.90039,56.26
9/4/2019,10790.40039,10858.75,508800,10746.34961,10844.65039,10844.65039,56.3
9/5/2019,10860.9502,10920.09961,595700,10816,10847.90039,10847.90039,56.52
9/9/2019,10936.7002,11028.84961,412500,10889.79981,11003.04981,11003.04981,57.4
9/11/2019,11028.5,11054.79981,687100,11011.65039,11035.7002,11035.7002,55.09
9/12/2019,11058.29981,11081.75,551400,10964.9502,10982.79981,10982.79981,54.85
9/16/2019,10994.84961,11052.7002,434500,10968.2002,11003.5,11003.5,59.34
9/17/2019,11000.09961,11000.09961,482000,10796.5,10817.59961,10817.59961,58.11
9/18/2019,10872.79981,10885.15039,519200,10804.84961,10840.65039,10840.65039,58.13
9/19/2019,10845.2002,10845.2002,642600,10670.25,10704.79981,10704.79981,58.09
9/23/2019,11542.7002,11694.84961,882800,11471.34961,11600.2002,11600.2002,57.29
9/24/2019,11590.7002,11655.04981,651700,11539.2002,11588.2002,11588.2002,56.49
9/25/2019,11564.84961,11564.9502,629100,11416.09961,11440.2002,11440.2002,56.41
9/26/2019,11469.84961,11610.84961,844500,11466.34961,11571.2002,11571.2002,55.91
9/30/2019,11491.15039,11508.25,756800,11390.79981,11474.4502,11474.4502,53.62
10/1/2019,11515.40039,11554.2002,1305400,11247.90039,11359.90039,11359.90039,52.64
10/3/2019,11322.25,11370.40039,1017500,11257.34961,11314,11314,52.81
10/7/2019,11196.2002,11233.84961,733200,11112.65039,11126.40039,11126.40039,52.63
10/9/2019,11152.9502,11321.59961,741100,11090.15039,11313.29981,11313.29981,53.55
10/10/2019,11280.5,11293.34961,562000,11208.54981,11234.54981,11234.54981,54.7
10/14/2019,11335.90039,11420.4502,587600,11290.04981,11341.15039,11341.15039,52.81
10/15/2019,11360.84961,11462.34961,527400,11342.09961,11428.29981,11428.29981,53.36
10/16/2019,11464.9502,11481.04981,533500,11411.09961,11464,11464,53.93
10/17/2019,11466.29981,11599.09961,797600,11439.65039,11586.34961,11586.34961,53.78
10/22/2019,11657.15039,11714.34961,867600,11573.65039,11588.34961,11588.34961,55.97
10/23/2019,11596.2002,11651.59961,664200,11554.40039,11604.09961,11604.09961,56.23
10/24/2019,11661.65039,11679.59961,700500,11534.65039,11582.59961,11582.59961,56.66
10/27/2019,,,,,,,55.81
10/29/2019,11643.9502,11809.40039,951700,11627.34961,11786.84961,11786.84961,55.06
10/30/2019,11883.90039,11883.9502,725200,11784.4502,11844.09961,11844.09961,54.18
10/31/2019,11890.4502,11945,1414800,11855.09961,11877.4502,11877.4502,56.2
11/4/2019,11928.90039,11989.15039,823100,11905.34961,11941.29981,11941.29981,56.54
11/5/2019,11974.59961,11978.9502,632000,11861.90039,11917.2002,11917.2002,57.23
11/6/2019,11911.5,12002.90039,603400,11850.25,11966.04981,11966.04981,56.35
11/7/2019,12021.09961,12021.40039,563000,11946.84961,12012.04981,12012.04981,57.15
11/8/2019,11987.15039,12034.15039,789300,11888.75,11908.15039,11908.15039,57.24
11/11/2019,11879.2002,11932.65039,549000,11853.9502,11913.4502,11913.4502,56.86
11/13/2019,11908.29981,11946.79981,659000,11823.2002,11840.4502,11840.4502,57.12
11/14/2019,11858.75,11895.65039,559500,11802.65039,11872.09961,11872.09961,56.77
11/15/2019,11904.2002,11973.65039,580200,11879.25,11895.4502,11895.4502,57.72
11/18/2019,11915.15039,11946.2002,514400,11867.59961,11884.5,11884.5,57.05
11/19/2019,11919.4502,11958.84961,613900,11881.75,11940.09961,11940.09961,55.21
11/20/2019,12004.75,12038.59961,646700,11966.04981,11999.09961,11999.09961,57.11
11/21/2019,12025.65039,12028.2002,557700,11956.90039,11968.40039,11968.40039,58.58
11/22/2019,11967.29981,11968.09961,486800,11883.5,11914.40039,11914.40039,57.77
11/25/2019,11922.4502,12084.5,534300,11919.75,12073.75,12073.75,58.01
11/26/2019,12110.2002,12132.4502,1201300,12006.34961,12037.7002,12037.7002,58.41
11/27/2019,12068.5,12114.90039,584200,12055.15039,12100.7002,12100.7002,58.11
11/29/2019,12146.2002,12147.40039,804400,12017.40039,12056.04981,12056.04981,55.17
12/2/2019,12137.04981,12137.15039,720900,12023.7002,12048.2002,12048.2002,55.96
12/3/2019,12067.65039,12068.59961,605800,11956.40039,11994.2002,11994.2002,56.1
12/4/2019,11969.9502,12054.7002,747200,11935.29981,12043.2002,12043.2002,58.43
12/5/2019,12071.25,12081.2002,562200,11998.75,12018.40039,12018.40039,58.43
12/6/2019,12047.34961,12057.04981,609200,11888.84961,11921.5,11921.5,59.2
12/9/2019,11939.09961,11981.9502,599100,11888.04981,11937.5,11937.5,59.02
12/10/2019,11950.5,11953.2002,650200,11844.7002,11856.79981,11856.79981,59.24
12/11/2019,11867.34961,11923.2002,997700,11832.29981,11910.15039,11910.15039,58.76
12/12/2019,11944.29981,12005.5,752600,11934,11971.79981,11971.79981,59.18
12/13/2019,12026.40039,12098.84961,597700,12023.59961,12086.7002,12086.7002,60.07
12/16/2019,12131.34961,12134.65039,437700,12046.29981,12053.9502,12053.9502,60.21
12/17/2019,12082.4502,12182.75,499600,12070.34961,12165,12165,60.94
12/18/2019,12197,12237.7002,518900,12163.4502,12221.65039,12221.65039,60.93
12/19/2019,12223.40039,12268.34961,623100,12191.15039,12259.7002,12259.7002,61.22
12/20/2019,12266.4502,12293.90039,810700,12252.75,12271.79981,12271.79981,60.44
12/23/2019,12235.4502,12287.15039,604800,12213.25,12262.75,12262.75,60.52
12/24/2019,12269.25,12283.7002,470300,12202.09961,12214.54981,12214.54981,61.11
12/26/2019,12211.84961,12221.54981,520300,12118.84961,12126.54981,12126.54981,61.68
12/27/2019,12172.90039,12258.4502,383800,12157.90039,12245.79981,12245.79981,61.72
12/30/2019,12274.90039,12286.4502,411100,12213.79981,12255.84961,12255.84961,61.68
12/31/2019,12247.09961,12247.09961,426900,12151.79981,12168.4502,12168.4502,61.06
1/2/2020,12198.54981,12289.90039,407700,12195.25,12282.2002,12282.2002,61.18
1/3/2020,12261.09961,12265.59961,428800,12191.34961,12226.65039,12226.65039,63.05
1/6/2020,12170.59961,12179.09961,396500,11974.2002,11993.04981,11993.04981,63.27
1/7/2020,12079.09961,12152.15039,447800,12005.34961,12052.9502,12052.9502,62.7
1/8/2020,11939.09961,12044.9502,446000,11929.59961,12025.34961,12025.34961,59.61
1/9/2020,12153.15039,12224.04981,477500,12132.54981,12215.90039,12215.90039,59.56
1/10/2020,12271,12311.2002,660600,12213.2002,12256.79981,12256.79981,59.04
1/13/2020,12296.7002,12337.75,501000,12285.79981,12329.54981,12329.54981,58.08
1/14/2020,12333.09961,12374.25,616300,12308.7002,12362.29981,12362.29981,58.23
1/15/2020,12349.40039,12355.15039,684400,12278.75,12343.29981,12343.29981,57.81
1/16/2020,12347.09961,12389.04981,395700,12315.79981,12355.5,12355.5,58.52
1/17/2020,12328.40039,12385.4502,502100,12321.40039,12352.34961,12352.34961,58.54
1/21/2020,12195.29981,12230.04981,400,12162.29981,12169.84961,12169.84961,58.34
1/22/2020,12218.34961,12225.04981,500,12087.90039,12106.90039,12106.90039,56.74
1/23/2020,12123.75,12189,867700,12094.09961,12180.34961,12180.34961,55.59
1/24/2020,12174.54981,12272.15039,593200,12149.65039,12248.25,12248.25,54.19
1/27/2020,12197.09961,12216.59961,441200,12107,12119,12119,53.14
1/28/2020,12148.09961,12163.54981,478500,12024.5,12055.79981,12055.79981,53.48
1/29/2020,12114.90039,12169.59961,514400,12103.79981,12129.5,12129.5,53.33
1/30/2020,12147.75,12150.29981,538100,12010.59961,12035.79981,12035.79981,52.14
1/31/2020,12100.40039,12103.54981,771300,11945.84961,11962.09961,11962.09961,51.56
2/3/2020,11627.4502,11749.84961,669800,11614.5,11707.90039,11707.90039,50.11
2/4/2020,11786.25,11986.15039,560400,11783.40039,11979.65039,11979.65039,49.61
2/5/2020,12005.84961,12098.15039,758000,11953.34961,12089.15039,12089.15039,50.75
2/6/2020,12120,12160.59961,565100,12084.65039,12137.9502,12137.9502,50.95
2/7/2020,12151.15039,12154.7002,473500,12073.9502,12098.34961,12098.34961,50.32
2/10/2020,12102.34961,12103.54981,524700,11990.75,12031.5,12031.5,49.57
2/11/2020,12108.40039,12172.29981,480000,12099,12107.90039,12107.90039,49.94
2/12/2020,12151,12231.75,411700,12144.29981,12201.2002,12201.2002,51.17
2/13/2020,12219.54981,12225.65039,501200,12139.79981,12174.65039,12174.65039,51.42
2/14/2020,12190.15039,12246.7002,622800,12091.2002,12113.4502,12113.4502,52.05
2/18/2020,12028.25,12030.75,676900,11908.04981,11992.5,11992.5,52.05
2/19/2020,12090.59961,12134.7002,513600,12042.09961,12125.90039,12125.90039,53.29
2/20/2020,12119,12152,502600,12071.4502,12080.84961,12080.84961,53.78
2/24/2020,12012.54981,12012.54981,490800,11813.40039,11829.40039,11829.40039,51.43
2/25/2020,11877.5,11883.04981,461000,11779.90039,11797.90039,11797.90039,49.9
2/26/2020,11738.54981,11783.25,567600,11639.59961,11678.5,11678.5,48.73
2/27/2020,11661.25,11663.84961,608600,11536.7002,11633.29981,11633.29981,47.09
2/28/2020,11382,11384.79981,809900,11175.04981,11201.75,11201.75,44.76
3/2/2020,11387.34961,11433,680800,11036.25,11132.75,11132.75,46.75
3/3/2020,11217.54981,11342.25,696500,11152.54981,11303.29981,11303.29981,47.18
3/4/2020,11351.34961,11356.59961,797700,11082.15039,11251,11251,46.78
3/5/2020,11306.04981,11389.5,1352500,11244.59961,11269,11269,45.9
3/6/2020,10942.65039,11035.09961,1811000,10827.40039,10989.4502,10989.4502,41.28
3/9/2020,10742.04981,10751.54981,1565500,10294.4502,10451.4502,10451.4502,34.36
3/11/2020,10334.29981,10545.09961,1218500,10334,10458.40039,10458.40039,31.5
3/12/2020,10039.9502,10040.75,1343500,9508,9590.150391,9590.150391,31.73
3/16/2020,9587.799805,9602.200195,897700,9165.099609,9197.400391,9197.400391,26.95
3/17/2020,9285.400391,9403.799805,935600,8915.599609,8967.049805,8967.049805,20.37
3/18/2020,9088.450195,9127.549805,1516600,8407.049805,8468.799805,8468.799805,25.22
3/19/2020,8063.299805,8575.450195,925700,7832.549805,8263.450195,8263.450195,22.43
3/23/2020,7945.700195,8159.25,653500,7583.600098,7610.25,7610.25,24.01
3/24/2020,7848.299805,8036.950195,738400,7511.100098,7801.049805,7801.049805,24.49
3/25/2020,7735.149902,8376.75,736900,7714.75,8317.849609,8317.849609,22.6
3/26/2020,8451,8749.049805,865600,8304.900391,8641.450195,8641.450195,21.51
3/30/2020,8385.950195,8576,593300,8244,8281.099609,8281.099609,20.48
3/31/2020,8529.349609,8678.299805,712700,8358,8597.75,8597.75,20.31
4/1/2020,8584.099609,8588.099609,506300,8198.349609,8253.799805,8253.799805,25.32
4/7/2020,8446.299805,8819.400391,814200,8360.950195,8792.200195,8792.200195,25.09
4/8/2020,8688.900391,9131.700195,896500,8653.900391,8748.75,8748.75,22.76
4/13/2020,9103.950195,9112.049805,644000,8912.400391,8993.849609,8993.849609,20.11
4/15/2020,9196.400391,9261.200195,879100,8874.099609,8925.299805,8925.299805,19.87
4/16/2020,8851.25,9053.75,719400,8821.900391,8992.799805,8992.799805,18.27
4/20/2020,9390.200195,9390.849609,726400,9230.799805,9261.849609,9261.849609,10.01
4/21/2020,9016.950195,9044.400391,655100,8909.400391,8981.450195,8981.450195,13.78
4/22/2020,9026.75,9209.75,734400,8946.25,9187.299805,9187.299805,16.5
4/23/2020,9232.349609,9343.599609,666700,9170.150391,9313.900391,9313.900391,16.94
4/27/2020,9259.700195,9377.099609,512800,9250.349609,9282.299805,9282.299805,12.34
4/28/2020,9389.799805,9404.400391,614500,9260,9380.900391,9380.900391,15.06
4/29/2020,9408.599609,9599.849609,653000,9392.349609,9553.349609,9553.349609,18.84
4/30/2020,9753.5,9889.049805,931200,9731.5,9859.900391,9859.900391,19.78
5/4/2020,9533.5,9533.5,687500,9266.950195,9293.5,9293.5,24.56
5/5/2020,9429.400391,9450.900391,725200,9190.75,9205.599609,9205.599609,23.99
5/6/2020,9226.799805,9346.900391,722200,9116.5,9270.900391,9270.900391,23.55
5/7/2020,9234.049805,9277.849609,708700,9175.900391,9199.049805,9199.049805,24.74
5/11/2020,9348.150391,9439.900391,704600,9219.950195,9239.200195,9239.200195,25.78
5/12/2020,9168.849609,9240.849609,805500,9043.950195,9196.549805,9196.549805,25.29
5/13/2020,9584.200195,9584.5,846400,9351.099609,9383.549805,9383.549805,27.56
5/14/2020,9213.950195,9281.099609,602600,9119.75,9142.75,9142.75,29.43
5/18/2020,9158.299805,9158.299805,773000,8806.75,8823.25,8823.25,32.5
5/19/2020,8961.700195,9030.349609,762200,8855.299805,8879.099609,8879.099609,33.49
5/20/2020,8889.150391,9093.799805,622300,8875.349609,9066.549805,9066.549805,33.92
5/21/2020,9079.450195,9178.549805,631500,9056.099609,9106.25,9106.25,33.25
5/26/2020,9099.75,9161.650391,655000,8996.650391,9029.049805,9029.049805,32.81
5/27/2020,9082.200195,9334,763500,9004.25,9314.950195,9314.950195,33.71
5/28/2020,9364.950195,9511.25,837900,9336.5,9490.099609,9490.099609,35.49
6/1/2020,9726.849609,9931.599609,794200,9706.950195,9826.150391,9826.150391,36.81
6/2/2020,9880.849609,9995.599609,770200,9824.049805,9979.099609,9979.099609,37.29
6/3/2020,10108.29981,10176.2002,794700,10035.54981,10061.54981,10061.54981,37.41
6/4/2020,10054.25,10123.84961,775100,9944.25,10029.09961,10029.09961,39.55
6/8/2020,10326.75,10328.5,936500,10120.25,10167.4502,10167.4502,38.94
6/9/2020,10181.15039,10291.15039,754200,10021.4502,10046.65039,10046.65039,39.6
6/10/2020,10072.59961,10148.75,632400,10036.84961,10116.15039,10116.15039,36.34
6/11/2020,10094.09961,10112.04981,715500,9885.049805,9902,9902,36.26
6/15/2020,9919.349609,9943.349609,716100,9726.349609,9813.700195,9813.700195,38.38
6/16/2020,10014.79981,10046.15039,899900,9728.5,9914,9914,37.96
6/17/2020,9876.700195,10003.59961,685400,9833.799805,9881.150391,9881.150391,38.84
6/18/2020,9863.25,10111.2002,622900,9845.049805,10091.65039,10091.65039,39.75
6/22/2020,10318.75,10393.65039,685400,10277.59961,10311.2002,10311.2002,40.37
6/23/2020,10347.9502,10484.7002,669200,10301.75,10471,10471,38.01
6/24/2020,10529.25,10553.15039,854800,10281.9502,10305.29981,10305.29981,38.72
6/25/2020,10235.54981,10361.79981,994200,10194.5,10288.90039,10288.90039,38.49
6/29/2020,10311.9502,10337.9502,574500,10223.59961,10312.40039,10312.40039,39.27
6/30/2020,10382.59961,10401.04981,556200,10267.34961,10302.09961,10302.09961,39.82
7/1/2020,10323.79981,10447.04981,573600,10299.59961,10430.04981,10430.04981,40.65
7/6/2020,10723.84961,10811.40039,571200,10695.09961,10763.65039,10763.65039,40.62
7/7/2020,10802.84961,10813.79981,636800,10689.7002,10799.65039,10799.65039,40.9
7/8/2020,10818.65039,10847.84961,767900,10676.54981,10705.75,10705.75,39.62
7/9/2020,10755.54981,10836.84961,618700,10733,10813.4502,10813.4502,40.55
7/13/2020,10851.84961,10894.04981,554100,10756.04981,10802.7002,10802.7002,40.29
7/14/2020,10750.84961,10755.65039,532400,10562.90039,10607.34961,10607.34961,41.2
7/15/2020,10701,10827.4502,715900,10577.75,10618.2002,10618.2002,40.75
7/16/2020,10706.2002,10755.29981,694400,10595.2002,10739.9502,10739.9502,40.59
7/20/2020,10999.4502,11037.90039,554300,10953,11022.2002,11022.2002,41.96
7/21/2020,11126.09961,11179.54981,772000,11113.25,11162.25,11162.25,41.9
7/22/2020,11231.2002,11238.09961,765100,11056.54981,11132.59961,11132.59961,41.07
7/23/2020,11135,11239.79981,621600,11103.15039,11215.4502,11215.4502,41.29
7/27/2020,11225,11225,588100,11087.84961,11131.79981,11131.79981,41.04
7/28/2020,11154.09961,11317.75,683900,11151.40039,11300.54981,11300.54981,41.27
7/29/2020,11276.90039,11341.40039,600700,11149.75,11202.84961,11202.84961,39.92
7/30/2020,11254.29981,11299.9502,677800,11084.9502,11102.15039,11102.15039,40.27
8/3/2020,11057.54981,11058.04981,680900,10882.25,10891.59961,10891.59961,41.7
8/4/2020,10946.65039,11112.25,625700,10908.09961,11095.25,11095.25,42.19
8/5/2020,11155.75,11225.65039,667600,11064.04981,11101.65039,11101.65039,41.95
8/6/2020,11185.7002,11256.79981,600400,11127.29981,11200.15039,11200.15039,41.22
8/10/2020,11270.25,11337.29981,492000,11238,11270.15039,11270.15039,41.61
8/11/2020,11322.25,11373.59961,586100,11299.15039,11322.5,11322.5,42.67
8/12/2020,11289,11322,609900,11242.65039,11308.40039,11308.40039,42.24
8/13/2020,11334.84961,11359.29981,562400,11269.9502,11300.4502,11300.4502,42.01
8/17/2020,11248.90039,11267.09961,634000,11144.5,11247.09961,11247.09961,42.89
8/18/2020,11259.79981,11401.7002,579200,11253.15039,11385.34961,11385.34961,42.93
8/19/2020,11452.15039,11460.34961,626200,11394.09961,11408.40039,11408.40039,42.58
8/20/2020,11317.4502,11361.4502,791600,11289.79981,11312.2002,11312.2002,42.34
8/24/2020,11412,11497.25,532900,11410.65039,11466.4502,11466.4502,43.35
8/25/2020,11513.09961,11525.90039,638200,11423.34961,11472.25,11472.25,43.39
8/26/2020,11512.84961,11561.75,743400,11461.84961,11549.59961,11549.59961,43.04
8/27/2020,11609.29981,11617.34961,719800,11540.59961,11559.25,11559.25,42.97
8/31/2020,11777.54981,11794.25,1371800,11325.84961,11387.5,11387.5,42.76
9/1/2020,11464.29981,11553.54981,783800,11366.90039,11470.25,11470.25,41.51
9/2/2020,11478.54981,11554.75,593500,11430.40039,11535,11535,41.37
9/3/2020,11566.2002,11584.9502,607100,11507.65039,11527.4502,11527.4502,39.77
9/7/2020,11359.59961,11381.15039,560300,11251.7002,11355.04981,11355.04981,36.76
9/8/2020,11378.54981,11437.25,572200,11290.4502,11317.34961,11317.34961,38.05
9/9/2020,11218.59961,11298.15039,728900,11185.15039,11278,11278,37.3
9/10/2020,11363.29981,11464.04981,679400,11327.40039,11449.25,11449.25,37.33
9/14/2020,11540.15039,11568.90039,642300,11383.54981,11440.04981,11440.04981,38.28
9/15/2020,11487.2002,11535.9502,506700,11442.25,11521.79981,11521.79981,40.16
9/16/2020,11538.4502,11618.09961,527800,11516.75,11604.54981,11604.54981,40.97
9/17/2020,11539.40039,11587.2002,0,11498.5,11516.09961,11516.09961,41.11
9/21/2020,11503.79981,11535.25,602900,11218.5,11250.54981,11250.54981,39.6
9/22/2020,11301.75,11302.2002,672200,11084.65039,11153.65039,11153.65039,39.93
9/23/2020,11258.75,11259.54981,714900,11024.40039,11131.84961,11131.84961,40.31
9/24/2020,11011,11015.29981,706100,10790.2002,10805.54981,10805.54981,40.25
9/28/2020,11140.84961,11239.34961,472800,11099.84961,11227.54981,11227.54981,39.29
9/29/2020,11288.59961,11305.40039,498300,11181,11222.40039,11222.40039,40.22
9/30/2020,11244.4502,11295.40039,499300,11184.54981,11247.54981,11247.54981,38.72
10/1/2020,11364.4502,11428.59961,447700,11347.04981,11416.9502,11416.9502,37.05
10/5/2020,11487.79981,11578.04981,530600,11452.29981,11503.34961,11503.34961,40.67
10/6/2020,11603.4502,11680.29981,561400,11564.29981,11662.40039,11662.40039,39.95
10/7/2020,11679.25,11763.04981,513400,11629.34961,11738.84961,11738.84961,41.19
10/8/2020,11835.40039,11905.7002,608800,11791.15039,11834.59961,11834.59961,40.6
10/12/2020,11973.54981,12022.04981,522600,11867.2002,11930.9502,11930.9502,40.2
10/13/2020,11934.65039,11988.2002,458300,11888.90039,11934.5,11934.5,41.04
10/14/2020,11917.40039,11997.2002,569200,11822.15039,11971.04981,11971.04981,40.96
10/15/2020,12023.4502,12025.4502,608900,11661.29981,11680.34961,11680.34961,40.88
10/19/2020,11879.2002,11898.25,541400,11820.40039,11873.04981,11873.04981,41.46
10/20/2020,11861,11949.25,453600,11837.25,11896.79981,11896.79981,40.03
10/21/2020,11958.54981,12018.65039,623700,11775.75,11937.65039,11937.65039,40.64
10/22/2020,11890,11939.54981,544900,11823.4502,11896.4502,11896.4502,39.85
10/26/2020,11937.40039,11942.84961,519800,11711.7002,11767.75,11767.75,39.57
10/27/2020,11807.09961,11899.04981,616300,11723,11889.40039,11889.40039,37.39
10/28/2020,11922.59961,11929.40039,704000,11684.84961,11729.59961,11729.59961,36.17
10/29/2020,11633.29981,11744.15039,555000,11606.4502,11670.79981,11670.79981,35.79
11/2/2020,11697.34961,11725.65039,568400,11557.40039,11669.15039,11669.15039,36.81
11/3/2020,11734.4502,11836.2002,674300,11723.29981,11813.5,11813.5,37.66
11/4/2020,11783.34961,11929.65039,667300,11756.40039,11908.5,11908.5,39.15
11/5/2020,12062.40039,12131.09961,632500,12027.59961,12120.29981,12120.29981,38.79
11/6/2020,12156.65039,12280.40039,576800,12131.84961,12263.54981,12263.54981,37.14
11/9/2020,12399.40039,12474.04981,553400,12367.34961,12461.04981,12461.04981,40.29
11/10/2020,12556.40039,12643.90039,847500,12475.25,12631.09961,12631.09961,41.36
11/11/2020,12680.59961,12769.75,880500,12571.09961,12749.15039,12749.15039,41.45
11/12/2020,12702.15039,12741.15039,622000,12624.84961,12690.79981,12690.79981,41.12
11/13/2020,12659.7002,12735.9502,513900,12607.7002,12719.9502,12719.9502,40.13
11/17/2020,12932.5,12934.04981,707700,12797.09961,12874.2002,12874.2002,41.43
11/18/2020,12860.09961,12948.84961,731300,12819.34961,12938.25,12938.25,41.82
11/19/2020,12839.5,12963,768800,12745.75,12771.7002,12771.7002,41.74
11/20/2020,12813.40039,12892.4502,664000,12730.25,12859.04981,12859.04981,42.15
11/23/2020,12960.29981,12968.84961,633100,12825.7002,12926.4502,12926.4502,43.06
11/24/2020,13002.59961,13079.09961,571900,12978,13055.15039,13055.15039,44.91
11/25/2020,13130,13145.84961,679000,12833.65039,12858.40039,12858.40039,45.71
11/27/2020,13012.04981,13035.29981,1162400,12914.29981,12968.9502,12968.9502,45.53
12/1/2020,13062.2002,13128.40039,583600,12962.79981,13109.04981,13109.04981,44.55
12/2/2020,13121.40039,13128.5,717700,12983.54981,13113.75,13113.75,45.28
12/3/2020,13215.29981,13216.59961,713700,13107.90039,13133.90039,13133.90039,45.64
12/4/2020,13177.40039,13280.04981,640500,13152.84961,13258.54981,13258.54981,46.26
12/7/2020,13264.84961,13366.65039,591700,13241.9502,13355.75,13355.75,45.76
12/8/2020,13393.84961,13435.4502,543200,13311.04981,13392.9502,13392.9502,45.6
12/9/2020,13458.09961,13548.90039,502600,13449.59961,13529.09961,13529.09961,45.52
12/10/2020,13488.5,13503.54981,553400,13399.29981,13478.29981,13478.29981,46.78
12/11/2020,13512.29981,13579.34961,787700,13402.84961,13513.84961,13513.84961,46.57
12/14/2020,13571.4502,13597.5,558400,13472.4502,13558.15039,13558.15039,46.99
12/15/2020,13547.2002,13589.65039,497600,13447.04981,13567.84961,13567.84961,47.62
12/16/2020,13663.09961,13692.34961,462200,13606.4502,13682.7002,13682.7002,47.82
12/17/2020,13713.54981,13773.25,416000,13673.54981,13740.7002,13740.7002,48.36
12/18/2020,13764.40039,13772.84961,519400,13658.59961,13760.54981,13760.54981,49.1
12/21/2020,13741.90039,13777.5,687300,13131.4502,13328.40039,13328.40039,47.74
12/22/2020,13373.65039,13492.04981,696200,13192.90039,13466.29981,13466.29981,47.02
12/23/2020,13473.5,13619.4502,458700,13432.2002,13601.09961,13601.09961,48.12
12/24/2020,13672.15039,13771.75,471400,13626.90039,13749.25,13749.25,48.23
12/28/2020,13815.15039,13885.29981,403600,13811.54981,13873.2002,13873.2002,47.62
12/29/2020,13910.34961,13967.59961,439600,13859.90039,13932.59961,13932.59961,48
12/30/2020,13980.90039,13997,380700,13864.9502,13981.9502,13981.9502,48.4
12/31/2020,13970,14024.84961,452400,13936.4502,13981.75,13981.75,48.52
1/4/2021,14104.34961,14147.9502,495000,13953.75,14132.90039,14132.90039,47.62
1/5/2021,14075.15039,14215.59961,492500,14048.15039,14199.5,14199.5,49.93
1/6/2021,14240.9502,14244.15039,632300,14039.90039,14146.25,14146.25,50.63
1/7/2021,14253.75,14256.25,559200,14123.09961,14137.34961,14137.34961,50.83
1/8/2021,14258.40039,14367.29981,613500,14221.65039,14347.25,14347.25,52.24
1/11/2021,14474.04981,14498.2002,672900,14383.09961,14484.75,14484.75,52.25
1/12/2021,14473.79981,14590.65039,929600,14432.84961,14563.4502,14563.4502,53.21
1/13/2021,14639.79981,14653.34961,874000,14435.7002,14564.84961,14564.84961,52.91
1/14/2021,14550.04981,14617.79981,620200,14471.5,14595.59961,14595.59961,53.57
1/15/2021,14594.34961,14617.4502,789600,14357.84961,14433.7002,14433.7002,52.36
1/19/2021,14371.65039,14546.04981,546100,14350.84961,14521.15039,14521.15039,52.98
1/20/2021,14538.29981,14666.4502,623100,14517.54981,14644.7002,14644.7002,53.24
1/21/2021,14730.9502,14753.54981,704600,14517.25,14590.34961,14590.34961,53.13
1/22/2021,14583.40039,14619.90039,776800,14357.75,14371.90039,14371.90039,52.27
1/25/2021,14477.79981,14491.09961,618600,14218.59961,14238.90039,14238.90039,52.77
1/27/2021,14237.9502,14237.9502,660700,13929.29981,13967.5,13967.5,52.85
1/28/2021,13810.40039,13898.25,637900,13713.25,13817.54981,13817.54981,52.34
1/29/2021,13946.59961,13966.84961,753200,13596.75,13634.59961,13634.59961,52.2
2/1/2021,13758.59961,14336.34961,870500,13661.75,14281.2002,14281.2002,53.55
2/2/2021,14481.09961,14731.7002,915000,14469.15039,14647.84961,14647.84961,54.76
2/3/2021,14754.90039,14868.84961,869500,14574.15039,14789.9502,14789.9502,55.69
2/4/2021,14789.04981,14913.7002,884700,14714.75,14895.65039,14895.65039,56.23
2/5/2021,14952.59961,15014.65039,935600,14864.75,14924.25,14924.25,56.85
2/8/2021,15064.29981,15159.90039,671200,15041.04981,15115.79981,15115.79981,57.97
2/9/2021,15164.15039,15257.09961,713300,15064.29981,15109.29981,15109.29981,58.36
2/10/2021,15119.04981,15168.25,624800,14977.2002,15106.5,15106.5,58.68
2/11/2021,15073.25,15188.5,500100,15065.40039,15173.29981,15173.29981,58.24
2/12/2021,15186.2002,15243.5,571800,15081,15163.29981,15163.29981,59.47
2/16/2021,15371.4502,15431.75,648500,15242.2002,15313.4502,15313.4502,60.05
2/17/2021,15279.90039,15314.29981,504800,15170.75,15208.90039,15208.90039,61.14
2/18/2021,15238.7002,15250.75,770600,15078.04981,15118.9502,15118.9502,60.52
2/19/2021,15074.79981,15144.04981,712200,14898.2002,14981.75,14981.75,59.24
2/22/2021,14999.04981,15010.09961,609900,14635.04981,14675.7002,14675.7002,61.49
2/23/2021,14782.25,14854.5,744100,14651.84961,14707.79981,14707.79981,61.67
2/24/2021,14729.15039,15008.79981,403800,14504.5,14982,14982,63.22
2/25/2021,15079.84961,15176.5,803900,15065.34961,15097.34961,15097.34961,63.53
2/26/2021,14888.59961,14919.4502,1103600,14467.75,14529.15039,14529.15039,61.5
3/1/2021,14702.5,14806.79981,507300,14638.54981,14761.54981,14761.54981,60.64
3/2/2021,14865.29981,14959.09961,621700,14760.79981,14919.09961,14919.09961,59.75
3/3/2021,15064.40039,15273.15039,544200,14995.79981,15245.59961,15245.59961,61.28
3/4/2021,15026.75,15202.34961,534900,14980.2002,15080.75,15080.75,63.83
3/5/2021,14977.9502,15092.34961,640700,14862.09961,14938.09961,14938.09961,66.09
3/8/2021,15002.4502,15111.15039,0,14919.90039,14956.2002,14956.2002,65.05
3/9/2021,15049.90039,15126.84961,675300,14925.4502,15098.40039,15098.40039,64.01
3/10/2021,15202.15039,15218.4502,404600,15100.84961,15174.79981,15174.79981,64.44
3/12/2021,15321.15039,15336.29981,493200,14953.59961,15030.9502,15030.9502,65.61
3/15/2021,15048.40039,15048.40039,467500,14745.84961,14929.5,14929.5,64.8
3/16/2021,14996.09961,15051.59961,100,14890.65039,14910.4502,14910.4502,64.6
3/17/2021,14946.54981,14956.54981,100,14696.04981,14721.29981,14721.29981,60
3/18/2021,14855.5,14875.2002,542200,14478.59961,14557.84961,14557.84961,61.42
3/22/2021,14736.29981,14763.90039,459000,14597.84961,14736.40039,14736.40039,57.76
3/23/2021,14768.54981,14878.59961,474200,14707,14814.75,14814.75,61.18
3/24/2021,14712.4502,14752.34961,456400,14535,14549.40039,14549.40039,58.56
3/25/2021,14570.90039,14575.59961,606800,14264.40039,14324.90039,14324.90039,60.97
3/30/2021,14628.5,14876.29981,594500,14617.59961,14845.09961,14845.09961,59.16
3/31/2021,14811.84961,14813.75,463900,14670.25,14690.7002,14690.7002,61.45
4/5/2021,14837.7002,14849.84961,509700,14459.5,14637.79981,14637.79981,59.33
4/6/2021,14737,14779.09961,475300,14573.90039,14683.5,14683.5,59.77
4/7/2021,14716.4502,14879.79981,0,14649.84961,14819.04981,14819.04981,59.6
4/8/2021,14875.65039,14984.15039,514800,14821.09961,14873.79981,14873.79981,59.32
4/12/2021,14644.65039,14652.5,650200,14248.7002,14310.79981,14310.79981,60.18
4/13/2021,14364.90039,14528.90039,605100,14274.90039,14504.79981,14504.79981,63.15
4/15/2021,14522.40039,14597.54981,568000,14353.2002,14581.4502,14581.4502,63.13
4/19/2021,14306.59961,14382.29981,512300,14191.40039,14359.4502,14359.4502,62.44
4/20/2021,14526.7002,14526.9502,467400,14207.29981,14296.40039,14296.40039,61.35
4/22/2021,14219.15039,14424.75,524600,14151.40039,14406.15039,14406.15039,62.14
4/26/2021,14449.4502,14557.5,452700,14421.29981,14485,14485,62.94
4/27/2021,14493.79981,14667.54981,451800,14484.84961,14653.04981,14653.04981,63.86
4/28/2021,14710.5,14890.25,457000,14694.9502,14864.54981,14864.54981,65.01
4/29/2021,14979,15044.34961,517500,14814.4502,14894.90039,14894.90039,63.58
5/3/2021,14481.04981,14673.84961,448900,14416.25,14634.15039,14634.15039,65.69
5/4/2021,14687.25,14723.40039,503400,14461.5,14496.5,14496.5,65.63
5/5/2021,14604.15039,14637.90039,455900,14506.59961,14617.84961,14617.84961,64.71
5/6/2021,14668.34961,14743.90039,467800,14611.5,14724.79981,14724.79981,64.9
5/10/2021,14928.25,14966.90039,522000,14892.5,14942.34961,14942.34961,65.28
5/11/2021,14789.7002,14900,647400,14771.40039,14850.75,14850.75,66.08
5/12/2021,14823.54981,14824.04981,643800,14649.7002,14696.5,14696.5,63.82
5/17/2021,14756.25,14938,546400,14725.34961,14923.15039,14923.15039,65.49
5/18/2021,15067.2002,15137.25,583900,15043.7002,15108.09961,15108.09961,63.36
5/19/2021,15058.59961,15133.40039,569100,15008.84961,15030.15039,15030.15039,62.05
5/20/2021,15042.59961,15069.79981,480300,14884.90039,14906.04981,14906.04981,63.58
5/24/2021,15211.34961,15256.25,579800,15145.4502,15197.7002,15197.7002,66.07
5/25/2021,15291.75,15293.84961,441500,15163.40039,15208.4502,15208.4502,66.21
5/26/2021,15257.04981,15319.90039,384000,15194.9502,15301.4502,15301.4502,66.85
5/27/2021,15323.9502,15384.54981,0,15272.5,15337.84961,15337.84961,66.32
5/31/2021,15437.75,15606.34961,436000,15374,15582.79981,15582.79981,67.72
6/1/2021,15629.65039,15660.75,409600,15528.29981,15574.84961,15574.84961,68.83
6/2/2021,15520.34961,15597.4502,428600,15459.84961,15576.2002,15576.2002,68.81
6/3/2021,15655.54981,15705.09961,410200,15611,15690.34961,15690.34961,69.62
6/7/2021,15725.09961,15773.4502,394000,15678.09961,15751.65039,15751.65039,70.05
6/8/2021,15773.90039,15778.79981,378200,15680,15740.09961,15740.09961,69.96
6/9/2021,15766.29981,15800.4502,457900,15566.90039,15635.34961,15635.34961,70.29
6/10/2021,15692.09961,15751.25,298300,15648.5,15737.75,15737.75,70.91
6/14/2021,15791.40039,15823.04981,392900,15606.5,15811.84961,15811.84961,72.12
6/15/2021,15866.9502,15901.59961,323300,15842.40039,15869.25,15869.25,72.15
6/16/2021,15847.5,15880.84961,340200,15742.59961,15767.54981,15767.54981,71.04
6/17/2021,15648.29981,15769.34961,357600,15616.75,15691.40039,15691.40039,71.64
6/21/2021,15525.84961,15765.15039,351500,15505.65039,15746.5,15746.5,73.06
6/22/2021,15840.5,15895.75,322200,15752.09961,15772.75,15772.75,73.08
6/23/2021,15862.79981,15862.9502,287500,15673.9502,15686.9502,15686.9502,73.3
6/24/2021,15737.29981,15821.40039,316700,15702.7002,15790.4502,15790.4502,74.05
6/28/2021,15915.34961,15915.65039,255100,15792.15039,15814.7002,15814.7002,72.98
6/29/2021,15807.5,15835.90039,360300,15724.04981,15748.4502,15748.4502,73.47
6/30/2021,15776.90039,15839.09961,262400,15708.75,15721.5,15721.5,75.23
7/1/2021,15755.04981,15755.54981,224900,15667.04981,15680,15680,75.16
7/5/2021,15793.40039,15845.9502,207000,15762.04981,15834.34961,15834.34961,73.37
7/6/2021,15813.75,15914.2002,391400,15801,15818.25,15818.25,72.2
7/7/2021,15819.59961,15893.54981,329300,15779.7002,15879.65039,15879.65039,72.94
7/8/2021,15855.40039,15885.75,307900,15682.90039,15727.90039,15727.90039,74.56
7/12/2021,15766.79981,15789.2002,216300,15644.75,15692.59961,15692.59961,75.25
7/13/2021,15794,15820.79981,246700,15744.59961,15812.34961,15812.34961,73.13
7/14/2021,15808.7002,15877.34961,0,15764.2002,15853.9502,15853.9502,71.65
7/15/2021,15872.15039,15952.34961,284900,15855,15924.2002,15924.2002,71.81
7/19/2021,15754.5,15836.90039,242100,15707.5,15752.40039,15752.40039,67.42
7/20/2021,15703.9502,15728.4502,274300,15578.54981,15632.09961,15632.09961,70.3
7/22/2021,15736.59961,15834.79981,265300,15726.40039,15824.04981,15824.04981,72.07
7/26/2021,15849.29981,15893.34961,267100,15797,15824.4502,15824.4502,71.65
7/27/2021,15860.5,15881.54981,311000,15701,15746.4502,15746.4502,72.39
7/28/2021,15761.54981,15767.5,318600,15513.4502,15709.40039,15709.40039,73.62
7/29/2021,15762.7002,15817.34961,401600,15737.79981,15778.4502,15778.4502,73.95
8/2/2021,15874.90039,15892.90039,244800,15834.65039,15885.15039,15885.15039,70.56
8/3/2021,15951.54981,16146.90039,341300,15914.34961,16130.75,16130.75,68.15
8/4/2021,16195.25,16290.2002,427300,16176.15039,16258.79981,16258.79981,69.09
8/5/2021,16288.9502,16349.4502,418200,16210.29981,16294.59961,16294.59961,68.28
8/9/2021,16281.34961,16320.75,240500,16179.04981,16258.25,16258.25,68.29
8/10/2021,16274.79981,16359.25,288000,16202.25,16280.09961,16280.09961,69.25
8/11/2021,16327.29981,16338.75,277900,16162.54981,16282.25,16282.25,69.09
8/12/2021,16303.65039,16375.5,280200,16286.90039,16364.40039,16364.40039,68.44
8/16/2021,16518.40039,16589.40039,254000,16480.75,16563.05078,16563.05078,66.59
8/17/2021,16545.25,16628.55078,297400,16495.40039,16614.59961,16614.59961,65.46
8/18/2021,16691.94922,16701.84961,251800,16535.84961,16568.84961,16568.84961,63.69
8/23/2021,16592.25,16592.5,275600,16395.69922,16496.44922,16496.44922,67.54
8/24/2021,16561.40039,16647.09961,275400,16495.30078,16624.59961,16624.59961,68.36
8/25/2021,16654,16712.44922,265900,16617.5,16634.65039,16634.65039,67.42
8/26/2021,16627.94922,16683.69922,253500,16603.40039,16636.90039,16636.90039,68.74
8/30/2021,16775.84961,16951.5,283500,16764.84961,16931.05078,16931.05078,68.5
8/31/2021,16947.5,17153.5,464400,16915.84961,17132.19922,17132.19922,68.59
9/1/2021,17185.59961,17225.75,301900,17055.05078,17076.25,17076.25,69.99
9/2/2021,17095.40039,17245.5,242400,17059.69922,17234.15039,17234.15039,69.29
9/6/2021,17399.34961,17429.55078,228000,17345.55078,17377.80078,17377.80078,68.35
9/7/2021,17401.55078,17436.5,243400,17287,17362.09961,17362.09961,69.3
9/8/2021,17375.75,17383.40039,252700,17254.19922,17353.5,17353.5,68.14
9/9/2021,17312.84961,17379.65039,241500,17302.69922,17369.25,17369.25,69.72
9/13/2021,17363.55078,17378.34961,241100,17269.15039,17355.30078,17355.30078,70.46
9/14/2021,17420.34961,17438.55078,230400,17367.05078,17380,17380,72.61
9/15/2021,17387.65039,17532.69922,388200,17386.90039,17519.44922,17519.44922,72.61
9/16/2021,17539.19922,17644.59961,503300,17510.44922,17629.5,17629.5,71.97
9/20/2021,17443.84961,17622.75,339100,17361.80078,17396.90039,17396.90039,70.56
9/21/2021,17450.5,17578.34961,363600,17326.09961,17562,17562,72.23
9/22/2021,17580.90039,17610.44922,295200,17524,17546.65039,17546.65039,73.3
9/23/2021,17670.84961,17843.90039,320500,17646.55078,17822.94922,17822.94922,73.98
9/27/2021,17932.19922,17943.5,295700,17802.90039,17855.09961,17855.09961,75.29
9/28/2021,17906.44922,17912.84961,398000,17576.09961,17748.59961,17748.59961,74.83
9/29/2021,17657.94922,17781.75,562200,17608.15039,17711.30078,17711.30078,75.03
9/30/2021,17718.90039,17742.15039,378600,17585.34961,17618.15039,17618.15039,75.88
10/4/2021,17615.55078,17750.90039,295800,17581.34961,17691.25,17691.25,78.93
10/5/2021,17661.34961,17833.44922,427000,17640.90039,17822.30078,17822.30078,77.43
10/6/2021,17861.5,17884.59961,395800,17613.15039,17646,17646,78.3
10/7/2021,17810.55078,17857.55078,419900,17763.80078,17790.34961,17790.34961,79.35
10/11/2021,17867.55078,18041.94922,375800,17839.09961,17945.94922,17945.94922,80.64
10/12/2021,17915.80078,18008.65039,355600,17864.94922,17991.94922,17991.94922,80.44
10/13/2021,18097.84961,18197.80078,506700,18050.75,18161.75,18161.75,81.31
10/14/2021,18272.84961,18350.75,538700,18248.69922,18338.55078,18338.55078,82.28
10/18/2021,18500.09961,18543.15039,469900,18445.30078,18477.05078,18477.05078,82.96
10/19/2021,18602.34961,18604.44922,368200,18377.69922,18418.75,18418.75,83.87
10/20/2021,18439.90039,18458.30078,371300,18209.34961,18266.59961,18266.59961,82.5
10/21/2021,18382.69922,18384.19922,365900,18048,18178.09961,18178.09961,83.76
10/25/2021,18229.5,18241.40039,418700,17968.5,18125.40039,18125.40039,84.65
10/26/2021,18154.5,18310.44922,341400,18099.30078,18268.40039,18268.40039,82.66
10/27/2021,18295.84961,18342.05078,335200,18167.90039,18210.94922,18210.94922,82.81
10/28/2021,18187.65039,18190.69922,374200,17799.44922,17857.25,17857.25,83.57
11/1/2021,17783.15039,17954.09961,281200,17697.09961,17929.65039,17929.65039,83.91
11/2/2021,17970.90039,18012.25,296400,17847.59961,17888.94922,17888.94922,80.86
11/3/2021,17947.94922,17988.75,331000,17757.94922,17829.19922,17829.19922,78.81
11/4/2021,17935.05078,17947.55078,48500,17900.59961,17916.80078,17916.80078,81.27
11/8/2021,18040.19922,18087.80078,338900,17836.09961,18068.55078,18068.55078,81.93
11/9/2021,18084.34961,18112.59961,270200,17983.05078,18044.25,18044.25,84.15
11/10/2021,17973.44922,18061.25,261400,17915,18017.19922,18017.19922,81.34
11/11/2021,17967.44922,17971.34961,232100,17798.19922,17873.59961,17873.59961,81.59
11/12/2021,17977.59961,18123,249100,17905.90039,18102.75,18102.75,80.79
11/15/2021,18140.94922,18210.15039,280400,18071.30078,18109.44922,18109.44922,80.88
11/16/2021,18127.05078,18132.65039,267400,17958.80078,17999.19922,17999.19922,80.76
11/17/2021,17939.34961,18022.65039,295700,17879.25,17898.65039,17898.65039,78.36
11/18/2021,17890.55078,17945.59961,278400,17688.5,17764.80078,17764.80078,79.01
11/22/2021,17796.25,17805.25,356400,17280.44922,17416.55078,17416.55078,76.75
11/23/2021,17281.75,17553.69922,308800,17216.09961,17503.34961,17503.34961,78.5
11/24/2021,17550.05078,17600.59961,298100,17354,17415.05078,17415.05078,78.39
11/25/2021,17417.30078,17564.34961,255900,17351.69922,17536.25,17536.25,78.03
11/26/2021,17338.75,17355.40039,356300,16985.69922,17026.44922,17026.44922,68.15
11/29/2021,17055.80078,17160.69922,348900,16782.40039,17053.94922,17053.94922,69.95
11/30/2021,17051.15039,17324.65039,498000,16931.40039,16983.19922,16983.19922,66.18
12/1/2021,17104.40039,17213.05078,295500,17064.25,17166.90039,17166.90039,65.57
12/2/2021,17183.19922,17420.34961,279900,17149.30078,17401.65039,17401.65039,66.5
12/3/2021,17424.90039,17489.80078,292500,17180.80078,17196.69922,17196.69922,66.26
12/6/2021,17209.05078,17216.75,231700,16891.69922,16912.25,16912.25,69.49
12/7/2021,17044.09961,17251.65039,254100,16987.75,17176.69922,17176.69922,72.05
12/8/2021,17315.25,17484.59961,257800,17308.94922,17469.75,17469.75,72.36
12/9/2021,17524.40039,17543.25,237200,17379.59961,17516.84961,17516.84961,70.94
12/10/2021,17476.05078,17534.34961,204500,17405.25,17511.30078,17511.30078,71.67
12/13/2021,17619.09961,17639.5,256600,17355.94922,17368.25,17368.25,71.29
12/14/2021,17283.19922,17376.19922,271000,17225.80078,17324.90039,17324.90039,70.73
12/15/2021,17323.65039,17351.19922,215000,17192.19922,17221.40039,17221.40039,70.87
12/16/2021,17373,17379.34961,219500,17184.94922,17248.40039,17248.40039,72.38
12/17/2021,17276,17298.15039,354600,16966.44922,16985.19922,16985.19922,70.86
12/20/2021,16824.25,16840.09961,330600,16410.19922,16614.19922,16614.19922,68.23
12/21/2021,16773.15039,16936.40039,241000,16688.25,16770.84961,16770.84961,71.12
12/22/2021,16865.55078,16971,207900,16819.5,16955.44922,16955.44922,72.76
12/23/2021,17066.80078,17118.65039,197000,17015.55078,17072.59961,17072.59961,73.79
12/27/2021,16937.75,17112.05078,144800,16833.19922,17086.25,17086.25,75.57
12/28/2021,17177.59961,17250.25,176000,17161.15039,17233.25,17233.25,75.98
12/29/2021,17220.09961,17285.94922,161700,17176.65039,17213.59961,17213.59961,76.56
12/30/2021,17201.44922,17264.05078,320800,17146.34961,17203.94922,17203.94922,76.99
12/31/2021,17244.5,17400.80078,167000,17238.5,17354.05078,17354.05078,75.21
1/3/2022,17387.15039,17646.65039,200500,17383.30078,17625.69922,17625.69922,76.08
1/4/2022,17681.40039,17827.59961,247400,17593.55078,17805.25,17805.25,76.99
1/5/2022,17820.09961,17944.69922,251500,17748.84961,17925.25,17925.25,77.85
1/6/2022,17768.5,17797.94922,236500,17655.55078,17745.90039,17745.90039,79.46
1/7/2022,17797.59961,17905,239300,17704.55078,17812.69922,17812.69922,78.9
1/10/2022,17913.30078,18017.44922,232400,17879.15039,18003.30078,18003.30078,78.23
1/11/2022,17997.75,18081.25,220200,17964.40039,18055.75,18055.75,81.22
1/12/2022,18170.40039,18227.94922,245000,18128.80078,18212.34961,18212.34961,82.64
1/13/2022,18257,18272.25,303700,18163.80078,18257.80078,18257.80078,82.12
1/14/2022,18185,18286.94922,229500,18119.65039,18255.75,18255.75,83.82
1/18/2022,18337.19922,18350.94922,227500,18085.90039,18113.05078,18113.05078,85.43
1/19/2022,18129.19922,18129.19922,276700,17884.90039,17938.40039,17938.40039,86.96
1/20/2022,17921,17943.69922,258100,17648.44922,17757,17757,86.9
1/21/2022,17613.69922,17707.59961,277600,17485.84961,17617.15039,17617.15039,85.14
1/24/2022,17575.15039,17599.40039,323800,16997.84961,17149.09961,17149.09961,83.31
1/25/2022,17001.55078,17309.15039,326500,16836.80078,17277.94922,17277.94922,85.6
1/27/2022,17062,17182.5,395600,16866.75,17110.15039,17110.15039,86.61
1/28/2022,17208.30078,17373.5,355300,17077.09961,17101.94922,17101.94922,86.82
1/31/2022,17301.05078,17410,321700,17264.15039,17339.84961,17339.84961,88.15
2/1/2022,17529.44922,17622.40039,386400,17244.55078,17576.84961,17576.84961,88.2
2/2/2022,17706.19922,17794.59961,271200,17674.80078,17780,17780,88.26
2/3/2022,17767.75,17781.15039,226600,17511.15039,17560.19922,17560.19922,90.27
2/4/2022,17590.19922,17617.80078,261400,17462.55078,17516.30078,17516.30078,92.31
2/7/2022,17456.30078,17536.75,265000,17119.40039,17213.59961,17213.59961,91.32
2/8/2022,17279.84961,17306.44922,268500,17043.65039,17266.75,17266.75,89.36
2/9/2022,17370.09961,17477.15039,236400,17339,17463.80078,17463.80078,89.66
2/10/2022,17554.09961,17639.44922,273600,17427.15039,17605.84961,17605.84961,89.88
2/11/2022,17451,17454.75,253100,17303,17374.75,17374.75,93.1
2/14/2022,17076.15039,17099.5,305500,16809.65039,16842.80078,16842.80078,95.46
2/15/2022,16933.25,17375,298700,16839.25,17352.44922,17352.44922,92.07
2/16/2022,17408.44922,17490.59961,244500,17257.69922,17322.19922,17322.19922,93.66
2/17/2022,17396.55078,17442.90039,232100,17235.84961,17304.59961,17304.59961,91.76
2/18/2022,17236.05078,17380.80078,189600,17219.19922,17276.30078,17276.30078,91.07
2/22/2022,16847.94922,17148.55078,300100,16843.80078,17092.19922,17092.19922,92.35
2/23/2022,17194.5,17220.69922,200200,17027.84961,17063.25,17063.25,92.1
2/24/2022,16548.90039,16705.25,458000,16203.25,16247.9502,16247.9502,92.81
2/25/2022,16515.65039,16748.80078,329800,16478.30078,16658.40039,16658.40039,91.59
2/28/2022,16481.59961,16815.90039,404200,16356.29981,16793.90039,16793.90039,95.72
3/2/2022,16593.09961,16678.5,517700,16478.65039,16605.94922,16605.94922,110.6
3/3/2022,16723.19922,16768.94922,442100,16442.94922,16498.05078,16498.05078,107.67
3/4/2022,16339.4502,16456,456100,16133.79981,16245.34961,16245.34961,115.68
3/7/2022,15867.9502,15944.59961,585400,15711.4502,15863.15039,15863.15039,119.4
3/8/2022,15747.75,16028.75,543600,15671.4502,16013.4502,16013.4502,123.7
3/9/2022,16078,16418.05078,462200,15990,16345.34961,16345.34961,108.7
3/10/2022,16757.09961,16757.30078,486400,16447.90039,16594.90039,16594.90039,106.02
3/11/2022,16528.80078,16694.40039,343700,16470.90039,16630.44922,16630.44922,109.33
3/14/2022,16633.69922,16887.94922,314700,16606.5,16871.30078,16871.30078,96.44
3/15/2022,16900.65039,16927.75,381600,16555,16663,16663,95.04
3/16/2022,16876.65039,16987.90039,260000,16837.84961,16975.34961,16975.34961,102.98
3/17/2022,17202.90039,17344.59961,448300,17175.75,17287.05078,17287.05078,104.7
3/21/2022,17329.5,17353.34961,285500,17096.40039,17117.59961,17117.59961,111.76
3/22/2022,17120.40039,17334.40039,338300,17006.30078,17315.5,17315.5,114.93
3/23/2022,17405.05078,17442.40039,292100,17199.59961,17245.65039,17245.65039,112.34
3/24/2022,17094.94922,17291.75,290300,17091.15039,17222.75,17222.75,113.9
3/28/2022,17181.84961,17235.09961,253200,17003.90039,17222,17222,104.24
3/29/2022,17297.19922,17343.65039,235100,17235.69922,17325.30078,17325.30078,107.82
3/30/2022,17468.15039,17522.5,505000,17387.19922,17498.25,17498.25,100.28
3/31/2022,17519.19922,17559.80078,281100,17435.19922,17464.75,17464.75,99.27
4/4/2022,17809.09961,18114.65039,345500,17791.40039,18053.40039,18053.40039,101.96
4/5/2022,18080.59961,18095.44922,283500,17921.55078,17957.40039,17957.40039,96.23
4/6/2022,17842.75,17901,328800,17779.84961,17807.65039,17807.65039,96.03
4/7/2022,17723.30078,17787.5,308800,17623.69922,17639.55078,17639.55078,98.26
4/11/2022,17740.90039,17779.05078,251700,17650.94922,17674.94922,17674.94922,100.6
4/12/2022,17584.84961,17595.30078,266000,17442.34961,17530.30078,17530.30078,104.25
4/13/2022,17599.90039,17663.65039,245100,17457.40039,17475.65039,17475.65039,106.95
4/18/2022,17183.44922,17237.75,376100,17067.84961,17173.65039,17173.65039,102.56
4/19/2022,17258.94922,17275.65039,401400,16824.69922,16958.65039,16958.65039,102.75
4/20/2022,17045.25,17186.90039,286100,16978.94922,17136.55078,17136.55078,103.79
4/21/2022,17234.59961,17414.69922,285200,17215.5,17392.59961,17392.59961,102.07
4/25/2022,17009.05078,17054.30078,275700,16888.69922,16953.94922,16953.94922,101.7
4/26/2022,17121.30078,17223.84961,261100,17064.44922,17200.80078,17200.80078,102.02
4/27/2022,17073.34961,17110.69922,265100,16958.44922,17038.40039,17038.40039,105.36
4/28/2022,17189.5,17322.5,312900,17071.05078,17245.05078,17245.05078,104.69
5/2/2022,16924.44922,17092.25,278200,16917.25,17069.09961,17069.09961,102.41
5/4/2022,17096.59961,17132.84961,310600,16623.94922,16677.59961,16677.59961,108.26
5/5/2022,16854.75,16945.69922,265800,16651.84961,16682.65039,16682.65039,109.77
5/9/2022,16227.7002,16403.69922,288400,16142.09961,16301.84961,16301.84961,99.76
5/10/2022,16248.90039,16404.55078,283100,16197.29981,16240.04981,16240.04981,105.71
5/11/2022,16270.04981,16318.75,284300,15992.59961,16167.09961,16167.09961,106.13
5/12/2022,16021.09961,16041.9502,314900,15735.75,15808,15808,110.49
5/16/2022,15845.09961,15977.9502,217600,15739.65039,15842.29981,15842.29981,112.4
5/17/2022,15912.59961,16284.25,295700,15900.79981,16259.29981,16259.29981,109.59
5/18/2022,16318.15039,16399.80078,290400,16211.2002,16240.29981,16240.29981,112.21
5/19/2022,15917.40039,15984.75,313900,15775.2002,15809.40039,15809.40039,113.23
5/23/2022,16290.9502,16414.69922,293800,16185.75,16214.7002,16214.7002,109.77
5/24/2022,16225.54981,16262.79981,249800,16078.59961,16125.15039,16125.15039,110.33
5/25/2022,16196.34961,16223.34961,243300,16006.9502,16025.79981,16025.79981,114.09
5/26/2022,16105,16204.4502,314300,15903.7002,16170.15039,16170.15039,115.07
5/30/2022,16527.90039,16695.5,251400,16506.15039,16661.40039,16661.40039,114.67
5/31/2022,16578.44922,16690.75,651600,16521.90039,16584.55078,16584.55078,115.26
6/1/2022,16594.40039,16649.19922,249600,16438.84961,16522.75,16522.75,116.87
6/2/2022,16481.65039,16646.40039,236000,16443.05078,16628,16628,118.87
6/6/2022,16530.69922,16610.94922,233600,16444.55078,16569.55078,16569.55078,119.41
6/7/2022,16469.59961,16487.25,233800,16347.09961,16416.34961,16416.34961,122.11
6/8/2022,16474.94922,16514.30078,243500,16293.34961,16356.25,16356.25,121.51
6/9/2022,16263.84961,16492.80078,205000,16243.84961,16478.09961,16478.09961,120.67
6/13/2022,15877.54981,15886.15039,225500,15684,15774.40039,15774.40039,118.93
6/14/2022,15674.25,15858,225400,15659.4502,15732.09961,15732.09961,115.31
6/15/2022,15729.25,15783.65039,183000,15678.90039,15692.15039,15692.15039,117.59
6/16/2022,15832.25,15863.15039,264700,15335.09961,15360.59961,15360.59961,109.56
6/20/2022,15334.5,15382.5,260000,15191.09961,15350.15039,15350.15039,110.65
6/21/2022,15455.9502,15707.25,262800,15419.84961,15638.79981,15638.79981,106.19
6/22/2022,15545.65039,15565.40039,220900,15385.9502,15413.29981,15413.29981,104.27
6/23/2022,15451.54981,15628.4502,259200,15367.5,15556.65039,15556.65039,107.62
6/27/2022,15926.2002,15927.4502,210900,15815.5,15832.04981,15832.04981,111.76
6/28/2022,15757.4502,15892.09961,251900,15710.15039,15850.2002,15850.2002,109.78
6/29/2022,15701.7002,15861.59961,444900,15687.79981,15799.09961,15799.09961,105.76
6/30/2022,15774.5,15890,306000,15728.84961,15780.25,15780.25,108.43
7/4/2022,15710.5,15852.34961,304300,15661.79981,15835.34961,15835.34961,99.5
7/5/2022,15909.15039,16025.75,254200,15785.4502,15810.84961,15810.84961,98.53
7/6/2022,15818.2002,16011.34961,288400,15800.90039,15989.79981,15989.79981,102.73
7/7/2022,16113.75,16150.5,264600,16045.9502,16132.90039,16132.90039,104.79
7/11/2022,16136.15039,16248.54981,255900,16115.5,16216,16216,95.84
7/12/2022,16126.2002,16158.75,208600,16031.15039,16058.29981,16058.29981,96.3
7/13/2022,16128.2002,16140,233300,15950.15039,15966.65039,15966.65039,95.78
7/14/2022,16018.84961,16070.84961,228600,15858.2002,15938.65039,15938.65039,97.59
7/18/2022,16151.40039,16287.9502,227700,16142.2002,16278.5,16278.5,104.22
7/19/2022,16187.04981,16359.5,222600,16187.04981,16340.54981,16340.54981,102.26
7/20/2022,16562.80078,16588,284400,16490.94922,16520.84961,16520.84961,96.35
7/21/2022,16523.55078,16626.94922,243600,16483.90039,16605.25,16605.25,94.7
7/25/2022,16662.55078,16706.05078,211400,16564.25,16631,16631,94.98
7/26/2022,16632.90039,16636.09961,208200,16463.30078,16483.84961,16483.84961,97.26
7/27/2022,16475.34961,16653.44922,185200,16438.75,16641.80078,16641.80078,96.42
7/28/2022,16774.84961,16947.65039,376300,16746.25,16929.59961,16929.59961,98.62
8/1/2022,17243.19922,17356.25,381500,17154.80078,17340.05078,17340.05078,94.42
8/2/2022,17310.15039,17390.15039,333600,17215.84961,17345.44922,17345.44922,90.66
8/3/2022,17349.25,17407.5,285400,17225.84961,17388.15039,17388.15039,88.54
8/4/2022,17463.09961,17490.69922,325000,17161.25,17382,17382,89.01
8/8/2022,17401.5,17548.80078,257000,17359.75,17525.09961,17525.09961,90.5
8/10/2022,17566.09961,17566.09961,312700,17442.80078,17534.75,17534.75,94.34
8/11/2022,17711.65039,17719.30078,311200,17631.94922,17659,17659,92.09
8/16/2022,17797.19922,17839.09961,0,17764.05078,17825.25,17825.25,88.11
8/17/2022,17868.15039,17965.94922,262800,17833.34961,17944.25,17944.25,90.5
8/18/2022,17898.65039,17968.44922,263900,17852.05078,17956.5,17956.5,90.77
8/22/2022,17682.90039,17690.05078,287600,17467.34961,17490.69922,17490.69922,93.74
8/23/2022,17357.34961,17625.55078,285600,17345.19922,17577.5,17577.5,94.89
8/24/2022,17525.44922,17623.65039,262000,17499.25,17604.94922,17604.94922,92.52
8/25/2022,17679,17726.5,230200,17487.44922,17522.44922,17522.44922,93.06
8/29/2022,17188.65039,17380.15039,244900,17166.19922,17312.90039,17312.90039,91.64
8/30/2022,17414.94922,17777.65039,324700,17401.5,17759.30078,17759.30078,89.55
9/1/2022,17485.69922,17695.59961,308500,17468.44922,17542.80078,17542.80078,86.87
9/5/2022,17546.44922,17683.15039,230300,17540.34961,17665.80078,17665.80078,86.88
9/6/2022,17695.69922,17764.65039,251200,17587.65039,17655.59961,17655.59961,81.94
9/7/2022,17519.40039,17650.75,354100,17484.30078,17624.40039,17624.40039,83.54
9/8/2022,17748.15039,17807.65039,279800,17691.94922,17798.75,17798.75,86.79
9/12/2022,17890.84961,17980.55078,228200,17889.15039,17936.34961,17936.34961,87.31
9/13/2022,18044.44922,18088.30078,259900,18015.44922,18070.05078,18070.05078,88.48
9/14/2022,17771.15039,18091.55078,365900,17771.15039,18003.75,18003.75,85.1
9/15/2022,18046.34961,18096.15039,289600,17861.5,17877.40039,17877.40039,85.11
9/19/2022,17540.65039,17667.19922,258300,17429.69922,17622.25,17622.25,84.45
9/20/2022,17770.40039,17919.30078,263100,17744.40039,17816.25,17816.25,82.94
9/21/2022,17766.34961,17838.69922,245500,17663.59961,17718.34961,17718.34961,83.49
9/22/2022,17609.65039,17722.75,284100,17532.44922,17629.80078,17629.80078,78.74
9/26/2022,17156.30078,17196.40039,492000,16978.30078,17016.30078,17016.30078,78.5
9/27/2022,17110.90039,17176.44922,359900,16942.34961,17007.40039,17007.40039,82.15
9/28/2022,16870.55078,17037.59961,323900,16820.40039,16858.59961,16858.59961,81.23
9/29/2022,16993.59961,17026.05078,340000,16788.59961,16818.09961,16818.09961,79.49
10/3/2022,17102.09961,17114.65039,278400,16855.55078,16887.34961,16887.34961,86.52
10/4/2022,17147.44922,17287.30078,226000,17117.30078,17274.30078,17274.30078,87.76
10/6/2022,17379.25,17428.80078,265500,17315.65039,17331.80078,17331.80078,92.64
10/10/2022,17094.34961,17280.15039,234000,17064.69922,17241,17241,89.35
10/11/2022,17256.05078,17261.80078,282600,16950.30078,16983.55078,16983.55078,87.27
10/12/2022,17025.55078,17142.34961,256000,16960.05078,17123.59961,17123.59961,89.11
10/13/2022,17087.34961,17112.34961,266400,16956.94922,17014.34961,17014.34961,85.61
10/17/2022,17144.80078,17328.55078,212200,17098.55078,17311.80078,17311.80078,82.82
10/18/2022,17438.75,17527.80078,239500,17434.05078,17486.94922,17486.94922,85.55
10/19/2022,17568.15039,17607.59961,210500,17472.84961,17512.25,17512.25,85.98
10/20/2022,17423.09961,17584.15039,249600,17421,17563.94922,17563.94922,85.05
10/24/2022,17736.34961,17777.55078,45000,17707.40039,17730.75,17730.75,85.32
10/25/2022,17808.30078,17811.5,251400,17637,17656.34961,17656.34961,87.91
10/27/2022,17771.40039,17783.90039,324600,17654.5,17736.94922,17736.94922,87.9
10/31/2022,17910.19922,18022.80078,227200,17899.90039,18012.19922,18012.19922,88.37
11/1/2022,18130.69922,18175.80078,349900,18060.15039,18145.40039,18145.40039,90
11/2/2022,18177.90039,18178.75,270900,18048.65039,18082.84961,18082.84961,88.17
11/3/2022,17968.34961,18106.30078,213000,17959.19922,18052.69922,18052.69922,92.61
11/7/2022,18211.75,18255.5,314800,18064.75,18202.80078,18202.80078,91.79
11/9/2022,18288.25,18296.40039,307200,18117.5,18157,18157,85.83
11/10/2022,18044.34961,18103.09961,256500,17969.40039,18028.19922,18028.19922,86.47
11/11/2022,18272.34961,18362.30078,378500,18259.34961,18349.69922,18349.69922,88.96
11/14/2022,18376.40039,18399.44922,301400,18311.40039,18329.15039,18329.15039,85.87
11/15/2022,18362.75,18427.94922,250900,18282,18403.40039,18403.40039,86.92
11/16/2022,18398.25,18442.15039,219300,18344.15039,18409.65039,18409.65039,85.59
11/17/2022,18358.69922,18417.59961,200500,18312.94922,18343.90039,18343.90039,81.64
11/18/2022,18382.94922,18394.59961,198800,18209.80078,18307.65039,18307.65039,80.08
11/21/2022,18246.40039,18262.30078,213800,18133.34961,18159.94922,18159.94922,79.73
11/22/2017,10350.79981,10368.7002,157600,10309.54981,10342.29981,10342.29981,
11/23/2017,10358.4502,10374.29981,153000,10307.29981,10348.75,10348.75,
11/24/2017,10366.79981,10404.5,129200,10362.25,10389.7002,10389.7002,
11/27/2017,10361.04981,10407.15039,141900,10340.2002,10399.54981,10399.54981,
11/28/2017,10387.90039,10409.54981,196000,10355.2002,10370.25,10370.25,
11/29/2017,10376.65039,10392.9502,152500,10345.90039,10361.29981,10361.29981,
11/30/2017,10332.7002,10332.7002,342500,10211.25,10226.54981,10226.54981,
12/1/2017,10263.7002,10272.7002,143400,10108.54981,10121.79981,10121.79981,
12/4/2017,10175.04981,10179.2002,148600,10095.7002,10127.75,10127.75,
12/5/2017,10118.25,10147.9502,155500,10069.09961,10118.25,10118.25,
12/6/2017,10088.79981,10104.2002,166100,10033.34961,10044.09961,10044.09961,
12/7/2017,10063.4502,10182.65039,166200,10061.90039,10166.7002,10166.7002,
12/8/2017,10198.4502,10270.84961,200000,10195.25,10265.65039,10265.65039,
12/11/2017,10310.5,10329.2002,147400,10282.04981,10322.25,10322.25,
12/12/2017,10324.90039,10326.09961,175100,10230.2002,10240.15039,10240.15039,
12/13/2017,10236.59961,10296.54981,181600,10169.84961,10192.9502,10192.9502,
12/14/2017,10229.29981,10276.09961,154300,10141.54981,10252.09961,10252.09961,
12/15/2017,10345.65039,10373.09961,255100,10319.65039,10333.25,10333.25,
12/18/2017,10263.09961,10443.54981,230400,10074.79981,10388.75,10388.75,
12/19/2017,10414.79981,10472.2002,169100,10406,10463.2002,10463.2002,
12/20/2017,10494.40039,10494.4502,175200,10437.15039,10444.2002,10444.2002,
12/21/2017,10473.9502,10473.9502,151900,10426.90039,10440.29981,10440.29981,
12/22/2017,10457.29981,10501.09961,138800,10448.25,10493,10493,
12/26/2017,10512.29981,10545.4502,155600,10477.9502,10531.5,10531.5,
12/27/2017,10531.04981,10552.40039,165200,10469.25,10490.75,10490.75,
12/28/2017,10498.2002,10534.54981,272900,10460.4502,10477.90039,10477.90039,
12/29/2017,10492.34961,10538.7002,152000,10488.65039,10530.7002,10530.7002,
1/1/2018,,,,,,,
1/15/2018,10718.5,10782.65039,175900,10713.79981,10741.54981,10741.54981,
2/19/2018,10488.90039,10489.34961,187300,10302.75,10378.40039,10378.40039,
3/16/2018,10345.15039,10346.29981,328500,10180.25,10195.15039,10195.15039,
3/23/2018,9968.799805,10027.7002,285700,9951.900391,9998.049805,9998.049805,
4/6/2018,10322.75,10350.4502,200200,10290.84961,10331.59961,10331.59961,
4/13/2018,10495.29981,10519.90039,213100,10451.4502,10480.59961,10480.59961,
4/20/2018,10560.34961,10582.34961,244600,10527.4502,10564.04981,10564.04981,
4/27/2018,10651.65039,10719.79981,0,10647.54981,10692.29981,10692.29981,
5/4/2018,10700.4502,10700.4502,186500,10601.59961,10618.25,10618.25,
5/11/2018,10741.9502,10812.04981,203100,10724.4502,10806.5,10806.5,
5/18/2018,10671.84961,10674.9502,223000,10589.09961,10596.40039,10596.40039,
5/25/2018,10533.04981,10628.04981,260800,10524,10605.15039,10605.15039,
6/1/2018,10738.4502,10764.75,220600,10681.5,10696.2002,10696.2002,
6/8/2018,10736.40039,10779.4502,209400,10709.04981,10767.65039,10767.65039,
6/15/2018,10808.65039,10834,305400,10755.40039,10817.7002,10817.7002,
6/22/2018,10742.7002,10837,229800,10710.4502,10821.84961,10821.84961,
6/29/2018,10612.84961,10723.04981,242800,10612.34961,10714.29981,10714.29981,
7/2/2018,10732.34961,10736.15039,295400,10604.65039,10657.29981,10657.29981,
7/6/2018,10744.15039,10816.34961,0,10735.04981,10772.65039,10772.65039,
7/13/2018,11056.90039,11071.34961,0,10999.75,11018.90039,11018.90039,
7/20/2018,10963.5,11030.25,187300,10946.2002,11010.2002,11010.2002,
7/27/2018,11232.75,11283.40039,314600,11210.25,11278.34961,11278.34961,
8/3/2018,11297.79981,11368,218300,11294.54981,11360.79981,11360.79981,
8/10/2018,11474.9502,11478.75,0,11419.65039,11429.5,11429.5,
8/17/2018,11437.15039,11486.4502,234700,11431.79981,11470.75,11470.75,
8/24/2018,11566.59961,11604.59961,218800,11532,11557.09961,11557.09961,
8/31/2018,11675.84961,11727.65039,346500,11640.09961,11680.5,11680.5,
9/7/2018,11558.25,11603,295900,11484.40039,11589.09961,11589.09961,
9/14/2018,11443.5,11523.25,276600,11430.54981,11515.2002,11515.2002,
9/21/2018,11271.29981,11346.79981,719000,10866.4502,11143.09961,11143.09961,
9/28/2018,11008.09961,11034.09961,478100,10850.29981,10930.4502,10930.4502,
10/5/2018,10514.09961,10540.65039,606400,10261.90039,10316.4502,10316.4502,
10/12/2018,10331.54981,10492.4502,343500,10322.15039,10472.5,10472.5,
10/19/2018,10339.7002,10380.09961,357500,10249.59961,10303.54981,10303.54981,
10/26/2018,10122.34961,10128.84961,364300,10004.54981,10030,10030,
11/2/2018,10462.29981,10606.9502,421200,10457.7002,10553,10553,
11/22/2018,10612.65039,10646.25,239500,10512,10526.75,10526.75,
12/5/2018,10820.4502,10821.04981,312300,10747.9502,10782.90039,10782.90039,
1/1/2019,,,,,,,
1/21/2019,10919.34961,10987.4502,288800,10885.75,10961.84961,10961.84961,
2/18/2019,10738.65039,10759.90039,345400,10628.40039,10640.9502,10640.9502,
3/15/2019,11376.84961,11487,463700,11370.79981,11426.84961,11426.84961,
3/22/2019,11549.2002,11572.79981,386200,11434.54981,11456.90039,11456.90039,
4/5/2019,11638.40039,11689.65039,266700,11609.5,11665.9502,11665.9502,
4/12/2019,11612.84961,11657.34961,246000,11578.79981,11643.4502,11643.4502,
4/18/2019,11856.15039,11856.15039,339700,11738.5,11752.79981,11752.79981,
4/26/2019,11683.75,11762.90039,333500,11661.75,11754.65039,11754.65039,
5/3/2019,11722.59961,11770.90039,305500,11699.34961,11712.25,11712.25,
5/10/2019,11314.15039,11345.79981,387300,11251.04981,11278.90039,11278.90039,
5/17/2019,11261.90039,11426.15039,412100,11259.84961,11407.15039,11407.15039,
5/24/2019,11748,11859,374600,11658.09961,11844.09961,11844.09961,
5/31/2019,11999.79981,12039.25,438900,11829.4502,11922.79981,11922.79981,
6/7/2019,11865.2002,11897.5,302500,11769.5,11870.65039,11870.65039,
6/14/2019,11910.09961,11911.84961,390300,11797.7002,11823.29981,11823.29981,
6/21/2019,11827.59961,11827.9502,468400,11705.09961,11724.09961,11724.09961,
6/28/2019,11861.15039,11871.7002,303900,11775.5,11788.84961,11788.84961,
7/2/2019,11890.29981,11917.4502,363200,11814.7002,11910.29981,11910.29981,
7/5/2019,11964.75,11981.75,530700,11797.90039,11811.15039,11811.15039,
7/12/2019,11601.15039,11639.54981,359400,11538.59961,11552.5,11552.5,
7/19/2019,11627.9502,11640.34961,446000,11399.29981,11419.25,11419.25,
7/26/2019,11247.4502,11307.59961,522700,11210.04981,11284.29981,11284.29981,
8/2/2019,10930.29981,11080.15039,547400,10848.9502,10997.34961,10997.34961,
8/9/2019,11087.90039,11181.4502,538100,11062.79981,11109.65039,11109.65039,
8/16/2019,11043.65039,11068.65039,470900,10924.29981,11047.79981,11047.79981,
8/23/2019,10699.59961,10862.54981,667100,10637.15039,10829.34961,10829.34961,
8/30/2019,10987.79981,11042.59961,628200,10874.79981,11023.25,11023.25,
9/6/2019,10883.79981,10957.04981,497200,10867.4502,10946.2002,10946.2002,
9/13/2019,10986.79981,11084.4502,624300,10945.75,11075.90039,11075.90039,
9/20/2019,10746.79981,11381.90039,1356800,10691,11274.2002,11274.2002,
9/27/2019,11556.34961,11593.59961,650000,11499.75,11512.40039,11512.40039,
10/4/2019,11388.4502,11400.29981,928500,11158.34961,11174.75,11174.75,
10/11/2019,11257.7002,11362.90039,737800,11189.40039,11305.04981,11305.04981,
10/18/2019,11580.29981,11684.7002,853400,11553.15039,11661.84961,11661.84961,
10/25/2019,11646.15039,11646.90039,812000,11490.75,11583.90039,11583.90039,
11/1/2019,11886.59961,11918.29981,855300,11843.34961,11890.59961,11890.59961,
11/28/2019,12132.09961,12158.79981,620500,12099.9502,12151.15039,12151.15039,
1/1/2020,12202.15039,12222.2002,304100,12165.29981,12182.5,12182.5,
1/20/2020,12430.5,12430.5,491600,12216.90039,12224.54981,12224.54981,
2/17/2020,12131.79981,12159.59961,0,12037,12045.79981,12045.79981,
3/13/2020,9107.599609,10159.40039,1388000,8555.150391,9955.200195,9955.200195,
3/20/2020,8284.450195,8883,1071500,8178.200195,8745.450195,8745.450195,
3/27/2020,8949.099609,9038.900391,801500,8522.900391,8660.25,8660.25,
4/3/2020,8356.549805,8356.549805,697000,8055.799805,8083.799805,8083.799805,
4/9/2020,8973.049805,9128.349609,742100,8904.549805,9111.900391,9111.900391,
4/17/2020,9323.450195,9324,684200,9091.349609,9266.75,9266.75,
4/24/2020,9163.900391,9296.900391,659400,9141.299805,9154.400391,9154.400391,
5/8/2020,9376.950195,9382.650391,609100,9238.200195,9251.5,9251.5,
5/15/2020,9182.400391,9182.400391,575900,9050,9136.849609,9136.849609,
5/22/2020,9067.900391,9149.599609,675800,8968.549805,9039.25,9039.25,
5/29/2020,9422.200195,9598.849609,967000,9376.900391,9580.299805,9580.299805,
6/5/2020,10093.79981,10177.79981,987100,10040.75,10142.15039,10142.15039,
6/12/2020,9544.950195,9996.049805,796300,9544.349609,9972.900391,9972.900391,
6/19/2020,10119,10272.40039,892100,10072.65039,10244.40039,10244.40039,
6/26/2020,10378.90039,10409.84961,671900,10311.25,10383,10383,
7/2/2020,10493.04981,10598.2002,597400,10485.54981,10551.7002,10551.7002,
7/3/2020,10614.9502,10631.29981,525200,10562.65039,10607.34961,10607.34961,
7/10/2020,10764.09961,10819.40039,590700,10713,10768.04981,10768.04981,
7/17/2020,10752,10933.4502,676900,10749.65039,10901.7002,10901.7002,
7/24/2020,11149.9502,11225.40039,678900,11090.29981,11194.15039,11194.15039,
7/31/2020,11139.5,11150.40039,642600,11026.65039,11073.4502,11073.4502,
8/7/2020,11186.65039,11231.90039,452600,11142.04981,11214.04981,11214.04981,
8/14/2020,11353.29981,11366.25,645100,11111.4502,11178.40039,11178.40039,
8/21/2020,11409.65039,11418.5,668700,11362.2002,11371.59961,11371.59961,
8/28/2020,11602.9502,11686.04981,807000,11589.40039,11647.59961,11647.59961,
9/4/2020,11354.40039,11452.04981,681300,11303.65039,11333.84961,11333.84961,
9/11/2020,11447.79981,11493.5,554800,11419.90039,11464.4502,11464.4502,
9/18/2020,11584.09961,11584.09961,764200,11446.09961,11504.9502,11504.9502,
9/25/2020,10910.40039,11072.59961,559600,10854.84961,11050.25,11050.25,
10/9/2020,11852.04981,11938.59961,611100,11805.2002,11914.2002,11914.2002,
10/16/2020,11727.40039,11789.75,555800,11667.84961,11762.4502,11762.4502,
10/23/2020,11957.90039,11974.54981,502300,11908.75,11930.34961,11930.34961,
10/30/2020,11678.4502,11748.9502,553700,11535.4502,11642.40039,11642.40039,
11/14/2020,,,,,,,
11/26/2020,12906.4502,13018,549800,12790.40039,12987,12987,
1/1/2021,13996.09961,14049.84961,358100,13991.34961,14018.5,14018.5,
1/18/2021,14453.29981,14459.15039,762000,14222.79981,14281.29981,14281.29981,
2/15/2021,15270.29981,15340.15039,456000,15243.40039,15314.7002,15314.7002,
3/19/2021,14471.15039,14788.25,919200,14350.09961,14744,14744,
3/26/2021,14506.29981,14572.90039,481000,14414.25,14507.29981,14507.29981,
4/1/2021,14798.40039,14883.2002,445000,14692.4502,14867.34961,14867.34961,
4/9/2021,14882.65039,14918.4502,504100,14785.65039,14834.84961,14834.84961,
4/16/2021,14599.59961,14697.7002,577200,14559,14617.84961,14617.84961,
4/23/2021,14326.34961,14461.15039,498100,14273.29981,14341.34961,14341.34961,
4/30/2021,14747.34961,14855.4502,613900,14601.7002,14631.09961,14631.09961,
5/7/2021,14816.84961,14863.04981,488000,14765.5,14823.15039,14823.15039,
5/14/2021,14749.40039,14749.65039,620700,14591.90039,14677.79981,14677.79981,
5/21/2021,14987.79981,15190,572900,14985.84961,15175.29981,15175.29981,
5/28/2021,15421.2002,15469.65039,468100,15394.75,15435.65039,15435.65039,
6/4/2021,15712.5,15733.59961,414200,15622.34961,15670.25,15670.25,
6/11/2021,15796.4502,15835.54981,363000,15749.79981,15799.34961,15799.34961,
6/18/2021,15756.5,15761.5,640800,15450.90039,15683.34961,15683.34961,
6/25/2021,15839.34961,15870.79981,314600,15772.29981,15860.34961,15860.34961,
7/2/2021,15705.84961,15738.34961,254800,15635.9502,15722.2002,15722.2002,
7/9/2021,15688.25,15730.84961,243200,15632.75,15689.79981,15689.79981,
7/16/2021,15958.34961,15962.25,276300,15882.59961,15923.40039,15923.40039,
7/23/2021,15856.79981,15899.79981,294100,15768.40039,15856.04981,15856.04981,
7/30/2021,15800.59961,15862.79981,400000,15744.84961,15763.04981,15763.04981,
8/6/2021,16304.40039,16336.75,320100,16223.29981,16238.2002,16238.2002,
8/13/2021,16385.69922,16543.59961,321900,16376.29981,16529.09961,16529.09961,
8/20/2021,16382.5,16509.55078,350800,16376.04981,16450.5,16450.5,
8/27/2021,16642.55078,16722.05078,217400,16565.59961,16705.19922,16705.19922,
9/3/2021,17262.44922,17340.09961,261400,17212.19922,17323.59961,17323.59961,
9/17/2021,17709.65039,17792.94922,508300,17537.65039,17585.15039,17585.15039,
9/24/2021,17897.44922,17947.65039,360100,17819.40039,17853.19922,17853.19922,
10/1/2021,17531.90039,17557.15039,305800,17452.90039,17532.05078,17532.05078,
10/8/2021,17886.84961,17941.84961,324100,17840.34961,17895.19922,17895.19922,
10/22/2021,18230.69922,18314.25,324700,18034.34961,18114.90039,18114.90039,
10/29/2021,17833.05078,17915.84961,336500,17613.09961,17671.65039,17671.65039,
12/24/2021,17149.5,17155.59961,182600,16909.59961,17003.75,17003.75,
1/17/2022,18235.65039,18321.55078,266700,18228.75,18308.09961,18308.09961,
2/21/2022,17192.25,17351.05078,215200,17070.69922,17206.65039,17206.65039,
3/25/2022,17289,17294.90039,237100,17076.55078,17153,17153,
4/1/2022,17436.90039,17703.69922,291800,17422.69922,17670.44922,17670.44922,
4/8/2022,17698.15039,17842.75,274400,17600.55078,17784.34961,17784.34961,
4/22/2022,17242.75,17315.30078,262700,17149.19922,17171.94922,17171.94922,
4/29/2022,17329.25,17377.65039,336200,17053.25,17102.55078,17102.55078,
5/6/2022,16415.55078,16484.19922,300500,16340.90039,16411.25,16411.25,
5/13/2022,15977,16083.59961,369100,15740.84961,15782.15039,15782.15039,
5/20/2022,16043.79981,16283.04981,252400,16003.84961,16266.15039,16266.15039,
5/27/2022,16296.59961,16370.59961,274100,16221.9502,16352.4502,16352.4502,
6/3/2022,16761.65039,16793.84961,245500,16567.90039,16584.30078,16584.30078,
6/10/2022,16283.9502,16324.7002,189700,16172.59961,16201.79981,16201.79981,
6/17/2022,15272.65039,15400.40039,342600,15183.40039,15293.5,15293.5,
6/24/2022,15657.40039,15749.25,219600,15619.4502,15699.25,15699.25,
7/1/2022,15703.7002,15793.9502,364100,15511.04981,15752.04981,15752.04981,
7/8/2022,16273.65039,16275.5,281100,16157.90039,16220.59961,16220.59961,
7/15/2022,16010.79981,16066.9502,205800,15927.29981,16049.2002,16049.2002,
7/22/2022,16661.25,16752.25,190900,16610.90039,16719.44922,16719.44922,
7/29/2022,17079.5,17172.80078,436100,17018.15039,17158.25,17158.25,
8/5/2022,17423.65039,17474.40039,355300,17348.75,17397.5,17397.5,
8/12/2022,17659.65039,17724.65039,303900,17597.84961,17698.15039,17698.15039,
8/19/2022,17966.55078,17992.19922,295600,17710.75,17758.44922,17758.44922,
8/26/2022,17619.30078,17685.84961,266600,17519.34961,17558.90039,17558.90039,
9/2/2022,17598.40039,17643.84961,256300,17476.44922,17539.44922,17539.44922,
9/9/2022,17923.34961,17925.94922,270300,17786,17833.34961,17833.34961,
9/16/2022,17796.80078,17820.05078,468500,17497.25,17530.84961,17530.84961,
9/23/2022,17593.84961,17642.15039,390800,17291.65039,17327.34961,17327.34961,
9/30/2022,16798.05078,17187.09961,376100,16747.69922,17094.34961,17094.34961,
10/7/2022,17287.19922,17337.34961,216300,17216.94922,17314.65039,17314.65039,
10/14/2022,17322.30078,17348.55078,227000,17169.75,17185.69922,17185.69922,
10/21/2022,17622.84961,17670.15039,277700,17520.75,17576.30078,17576.30078,
10/28/2022,17756.40039,17838.90039,250000,17723.69922,17786.80078,17786.80078,
11/4/2022,18053.40039,18135.09961,267900,18017.15039,18117.15039,18117.15039,
