Date,Volume_nifty_50,crude_oil_price,usd_vs_inr,gold_price,nifty_50,change in oil,change in usd vs inr,chang in gold price,change in volume,change in nifty 50,oil,usd vs inr,gold price,volume,nifty 50
1/2/2018,153400,60.37,63.867599,1313.7,10442.2002,0.36,-0.4078,2.5,13800,64.55,1,0,1,1,1
1/3/2018,167300,61.63,63.459999,1316.2,10443.2002,1.26,-0.4076,2.5,13900,1,1,0,1,1,1
1/4/2018,174900,62.01,63.419102,1319.4,10504.79981,0.38,-0.040897,3.2,7600,61.59961,1,0,1,1,1
1/5/2018,180900,61.44,63.369598,1320.3,10558.84961,-0.57,-0.049504,0.9,6000,54.0498,0,0,1,1,1
1/8/2018,169000,61.73,63.264999,1318.6,10623.59961,0.29,-0.104599,-1.7,-11900,64.75,1,0,0,0,1
1/9/2018,205000,62.96,63.452,1311.7,10637,1.23,0.187001,-6.9,36000,13.40039,1,1,0,1,1
1/10/2018,176400,63.57,63.636101,1317.4,10632.2002,0.61,0.184101,5.7,-28600,-4.7998,1,1,1,0,0
1/11/2018,153800,63.8,63.759998,1320.6,10651.2002,0.23,0.123897,3.2,-22600,19,1,1,1,0,1
1/12/2018,175200,64.3,63.6721,1333.4,10681.25,0.5,-0.087898,12.8,21400,30.0498,1,0,1,1,1
1/16/2018,211000,63.73,63.521198,1335.4,10700.4502,-0.57,-0.150902,2,35800,19.2002,0,0,1,1,1
1/17/2018,252700,63.97,63.994301,1338,10788.54981,0.24,0.473103,2.6,41700,88.09961,1,1,1,1,1
1/18/2018,312000,63.95,63.825001,1326,10817,-0.02,-0.1693,-12,59300,28.45019,0,0,0,1,1
1/19/2018,207600,63.37,63.867599,1331.9,10894.7002,-0.58,0.042598,5.9,-104400,77.7002,0,1,1,0,1
1/22/2018,231600,63.49,63.8321,1330.9,10966.2002,0.12,-0.035499,-1,24000,71.5,1,0,0,1,1
1/23/2018,284600,64.47,63.8801,1335.7,11083.7002,0.98,0.048,4.8,53000,117.5,1,1,1,1,1
1/24/2018,283400,65.61,63.7505,1355.9,11086,1.14,-0.1296,20.2,-1200,2.2998,1,0,1,0,1
1/25/2018,330300,65.51,63.5779,1362.4,11069.65039,-0.1,-0.1726,6.5,46900,-16.34961,0,0,1,1,0
1/29/2018,241700,65.56,63.57,1348.4,11130.40039,0.05,-0.0079,-14,-88600,60.75,1,0,0,0,1
1/30/2018,228000,64.5,63.669399,1335.4,11049.65039,-1.06,0.099399,-13,-13700,-80.75,0,1,0,0,0
1/31/2018,245900,64.73,63.769901,1339,11027.7002,0.23,0.100502,3.6,17900,-21.95019,1,1,1,1,0
2/1/2018,306200,65.8,63.665001,1344.3,11016.90039,1.07,-0.1049,5.3,60300,-10.79981,1,0,1,1,0
2/2/2018,282700,65.45,63.974998,1333.7,10760.59961,-0.35,0.309997,-10.6,-23500,-256.30078,0,1,0,0,0
2/5/2018,240100,64.15,64.1325,1333,10666.54981,-1.3,0.157502,-0.7,-42600,-94.0498,0,1,0,0,0
2/6/2018,266500,63.39,64.314697,1326.1,10498.25,-0.76,0.182197,-6.9,26400,-168.29981,0,1,0,1,0
2/7/2018,250400,61.79,63.98,1311.6,10476.7002,-1.6,-0.334697,-14.5,-16100,-21.5498,0,0,0,0,0
2/8/2018,232200,61.15,64.199997,1316.9,10576.84961,-0.64,0.219997,5.3,-18200,100.14941,0,1,1,0,1
2/9/2018,191600,59.2,64.440498,1313.1,10454.9502,-1.95,0.240501,-3.8,-40600,-121.89941,0,1,0,0,0
2/12/2018,217400,59.29,64.211304,1324.2,10539.75,0.09,-0.229194,11.1,25800,84.7998,1,0,1,1,1
2/14/2018,229200,60.6,64.250099,1355.5,10500.90039,1.31,0.038795,31.3,11800,-38.84961,1,1,1,1,0
2/15/2018,210600,61.34,64.0252,1352.1,10545.5,0.74,-0.224899,-3.4,-18600,44.59961,1,0,0,0,1
2/16/2018,184300,61.68,63.8909,1353.2,10452.29981,0.34,-0.1343,1.1,-26300,-93.20019,1,0,1,0,0
2/20/2018,187700,61.9,64.504997,1328.8,10360.40039,0.22,0.614097,-24.4,3400,-91.89942,1,1,0,1,0
2/21/2018,234100,61.68,64.864998,1330,10397.4502,-0.22,0.360001,1.2,46400,37.04981,0,1,1,1,1
2/22/2018,313600,62.77,64.894997,1330.6,10382.7002,1.09,0.029999,0.6,79500,-14.75,1,1,1,1,0
2/23/2018,210600,63.55,64.951401,1328.2,10491.04981,0.78,0.056404,-2.4,-103000,108.34961,1,1,0,0,1
2/26/2018,171900,63.91,64.703003,1330.7,10582.59961,0.36,-0.248398,2.5,-38700,91.5498,1,0,1,0,1
2/27/2018,187500,63.01,64.780403,1315.5,10554.29981,-0.9,0.0774,-15.2,15600,-28.2998,0,1,0,1,0
2/28/2018,286000,61.64,64.910004,1315.5,10492.84961,-1.37,0.129601,0,98500,-61.4502,0,1,0,1,0
3/1/2018,176000,60.99,65.239998,1302.9,10458.34961,-0.65,0.329994,-12.6,-110000,-34.5,0,1,0,0,0
3/5/2018,194000,62.57,65.186699,1318.1,10358.84961,1.58,-0.053299,15.2,18000,-99.5,1,0,1,1,0
3/6/2018,222900,62.6,65.0037,1333.6,10249.25,0.03,-0.182999,15.5,28900,-109.59961,1,0,1,1,0
3/7/2018,249500,61.15,64.889999,1326,10154.2002,-1.45,-0.113701,-7.6,26600,-95.0498,0,0,0,1,0
3/8/2018,226400,60.12,64.891197,1319.9,10242.65039,-1.03,0.001198,-6.1,-23100,88.45019,0,1,0,0,1
3/9/2018,186500,62.04,65.090401,1322.4,10226.84961,1.92,0.199204,2.5,-39900,-15.80078,1,1,1,0,0
3/12/2018,216400,60.71,64.964897,1325.9,10421.40039,-1.33,-0.125504,3.5,29900,194.55078,0,0,1,1,1
3/13/2018,266700,60.96,64.945503,1324.4,10426.84961,0.25,-0.019394,-1.5,50300,5.44922,1,0,0,1,1
3/14/2018,181400,61.19,64.828102,1316.8,10410.90039,0.23,-0.117401,-7.6,-85300,-15.94922,1,0,0,0,0
3/15/2018,173900,62.34,64.8368,1311.3,10360.15039,1.15,0.008698,-5.5,-7500,-50.75,1,1,0,0,0
3/19/2018,210200,63.4,65.065002,1311.1,10094.25,1.06,0.228202,-0.2,36300,-265.90039,1,1,0,1,0
3/20/2018,203000,65.17,65.210098,1320.7,10124.34961,1.77,0.145096,9.6,-7200,30.09961,1,1,1,0,1
3/21/2018,204800,64.3,65.232399,1326.6,10155.25,-0.87,0.022301,5.9,1800,30.90039,0,1,1,1,1
3/22/2018,230500,65.88,65.065598,1349.3,10114.75,1.58,-0.166801,22.7,25700,-40.5,1,0,1,1,0
3/26/2018,262600,65.25,65.014999,1341.3,10130.65039,-0.63,-0.050599,-8,32100,15.90039,0,0,0,1,1
3/27/2018,225700,64.38,64.695,1324.2,10184.15039,-0.87,-0.319999,-17.1,-36900,53.5,0,0,0,0,1
3/28/2018,344400,64.94,64.8955,1322.8,10113.7002,0.56,0.2005,-1.4,118700,-70.45019,1,1,0,1,0
4/2/2018,225400,63.51,65.105499,1332.8,10211.79981,-1.43,0.209999,10,-119000,98.09961,0,1,1,0,1
4/3/2018,205300,63.37,65.139999,1335.8,10245,-0.14,0.0345,3,-20100,33.20019,0,1,1,0,1
4/4/2018,231100,63.54,64.904999,1324.3,10128.40039,0.17,-0.235,-11.5,25800,-116.59961,1,0,0,1,0
4/5/2018,236800,62.06,64.995003,1331.9,10325.15039,-1.48,0.090004,7.6,5700,196.75,0,1,1,1,1
4/9/2018,221600,65.51,64.904503,1342,10379.34961,3.45,-0.0905,10.1,-15200,54.19922,1,0,1,0,1
4/10/2018,251700,66.82,64.870003,1356.5,10402.25,1.31,-0.0345,14.5,30100,22.90039,1,0,1,1,1
4/11/2018,250400,67.07,64.925301,1338.4,10417.15039,0.25,0.055298,-18.1,-1300,14.90039,1,1,0,0,1
4/12/2018,238600,67.39,65.190002,1344.8,10458.65039,0.32,0.264701,6.4,-11800,41.5,1,1,1,0,1
4/16/2018,195000,66.52,65.195602,1347.2,10528.34961,-0.87,0.0056,2.4,-43600,69.69922,0,1,1,0,1
4/17/2018,206100,68.47,65.429298,1351.2,10548.7002,1.95,0.233696,4,11100,20.35059,1,1,1,1,1
4/18/2018,205400,68.29,65.675003,1346.8,10526.2002,-0.18,0.245705,-4.4,-700,-22.5,0,1,0,0,0
4/19/2018,262600,68.38,66.010002,1336.7,10565.29981,0.09,0.334999,-10.1,57200,39.09961,1,1,0,1,1
4/23/2018,194200,67.7,66.196899,1331.4,10584.7002,-0.68,0.186897,-5.3,-68400,19.40039,0,1,0,0,1
4/24/2018,219200,68.05,66.544998,1321.2,10614.34961,0.35,0.348099,-10.2,25000,29.64941,1,1,0,1,1
4/25/2018,189200,68.19,66.414101,1316.3,10570.54981,0.14,-0.130897,-4.9,-30000,-43.7998,1,0,0,0,0
4/26/2018,335100,68.1,66.9077,1320.3,10617.79981,-0.09,0.493599,4,145900,47.25,0,1,1,1,1
4/30/2018,173800,67.25,66.610001,1303.8,10739.34961,-0.85,-0.297699,-16.5,-161300,121.5498,0,0,0,0,1
5/2/2018,229700,68.43,66.788696,1310.7,10718.04981,1.18,0.178695,6.9,55900,-21.2998,1,1,1,1,0
5/3/2018,185200,69.72,67.080002,1312.7,10679.65039,1.29,0.291306,2,-44500,-38.39942,1,1,1,0,0
5/7/2018,168400,69.06,66.810501,1312,10715.5,-0.66,-0.269501,-0.7,-16800,35.84961,0,0,0,0,1
5/8/2018,269800,71.14,67.118797,1311.3,10717.79981,2.08,0.308296,-0.7,101400,2.29981,1,1,0,1,1
5/9/2018,215400,71.36,67.162498,1320.8,10741.7002,0.22,0.043701,9.5,-54400,23.90039,1,1,1,0,1
5/10/2018,192100,70.7,67.620003,1319,10716.54981,-0.66,0.457505,-1.8,-23300,-25.15039,0,1,0,0,0
5/14/2018,171400,71.31,67.382202,1288.9,10806.59961,0.61,-0.237801,-30.1,-20700,90.0498,1,0,0,0,1
5/15/2018,254300,71.49,67.678001,1290.2,10801.84961,0.18,0.295799,1.3,82900,-4.75,1,1,1,1,0
5/16/2018,231100,71.49,68.459999,1288.2,10741.09961,0,0.781998,-2,-23200,-60.75,0,1,0,0,0
5/17/2018,214100,71.28,68.059998,1290.2,10682.7002,-0.21,-0.400001,2,-17000,-58.39941,0,0,1,0,0
5/21/2018,214300,72.13,67.974998,1291.7,10516.7002,0.85,-0.085,1.5,200,-166,1,0,1,1,0
5/22/2018,241700,71.84,68.400002,1289.3,10536.7002,-0.29,0.425004,-2.4,27400,20,0,1,0,1,1
5/23/2018,290900,70.71,68.43,1303.7,10430.34961,-1.13,0.029998,14.4,49200,-106.35059,0,1,1,1,0
5/24/2018,297600,67.88,68.650002,1303.3,10513.84961,-2.83,0.220002,-0.4,6700,83.5,0,1,0,1,1
5/28/2018,232600,66.73,67.721703,1298.7,10688.65039,-1.15,-0.928299,-4.6,-65000,174.80078,0,0,0,0,1
5/29/2018,225800,68.21,67.402802,1301.5,10633.29981,1.48,-0.318901,2.8,-6800,-55.35058,1,0,1,0,0
5/30/2018,238700,67.04,68.129997,1300.1,10614.34961,-1.17,0.727195,-1.4,12900,-18.9502,0,1,0,1,0
5/31/2018,610300,65.81,67.43,1294.8,10736.15039,-1.23,-0.699997,-5.3,371600,121.80078,0,0,0,1,1
6/4/2018,203800,65.52,66.925003,1297.5,10628.5,-0.29,-0.504997,2.7,-406500,-107.65039,0,0,1,0,0
6/5/2018,167700,64.73,67.059998,1297.1,10593.15039,-0.79,0.134995,-0.4,-36100,-35.34961,0,1,0,0,0
6/6/2018,189900,65.95,67.089996,1298.7,10684.65039,1.22,0.029998,1.6,22200,91.5,1,1,1,1,1
6/7/2018,220900,65.74,66.830101,1298.1,10768.34961,-0.21,-0.259895,-0.6,31000,83.69922,0,0,0,1,1
6/11/2018,211400,66.36,67.510002,1295.1,10786.9502,0.62,0.679901,-3,-9500,18.60059,1,1,0,0,1
6/12/2018,198300,66.64,67.489998,1296.9,10842.84961,0.28,-0.020004,1.8,-13100,55.89941,1,0,1,0,1
6/13/2018,213400,66.89,67.910004,1304,10856.7002,0.25,0.420006,7.1,15100,13.85059,1,1,1,1,1
6/14/2018,184300,65.06,67.779999,1274.6,10808.04981,-1.83,-0.130005,-29.4,-29100,-48.65039,0,0,0,0,0
6/18/2018,196600,65.07,68.050003,1275.6,10799.84961,0.01,0.270004,1,12300,-8.2002,1,1,1,1,0
6/19/2018,224500,66.22,68.010002,1271.2,10710.4502,1.15,-0.040001,-4.4,27900,-89.39941,1,0,0,1,0
6/20/2018,193500,65.54,68.050003,1267.2,10772.04981,-0.68,0.040001,-4,-31000,61.59961,0,1,0,0,1
6/21/2018,223600,68.58,68.349998,1267.4,10741.09961,3.04,0.299995,0.2,30100,-30.9502,1,1,1,1,0
6/25/2018,229600,70.53,67.854897,1256.6,10762.4502,1.95,-0.495101,-10.8,6000,21.35059,1,0,0,1,1
6/26/2018,220000,72.76,68.339996,1252.8,10769.15039,2.23,0.485099,-3.8,-9600,6.70019,1,1,0,0,1
6/27/2018,246000,73.45,68.364998,1247.8,10671.40039,0.69,0.025002,-5,26000,-97.75,1,1,0,1,0
6/28/2018,352300,74.15,69.239998,1251.3,10589.09961,0.7,0.875,3.5,106300,-82.30078,1,1,1,1,0
7/3/2018,202100,74.14,68.694801,1251.6,10699.90039,-0.01,-0.545197,0.3,-150200,110.80078,0,0,1,0,1
7/4/2018,173900,72.94,68.830002,1257.3,10769.90039,-1.2,0.135201,5.7,-28200,70,0,1,1,0,1
7/5/2018,220500,73.8,68.980003,1254.3,10749.75,0.86,0.150001,-3,46600,-20.15039,1,1,0,1,0
7/9/2018,183600,74.11,68.754997,1253.8,10852.90039,0.31,-0.225006,-0.5,-36900,103.15039,1,0,0,0,1
7/10/2018,197000,70.38,68.659798,1242.8,10947.25,-3.73,-0.095199,-11,13400,94.34961,0,0,0,1,1
7/11/2018,222300,70.33,68.900002,1245,10948.29981,-0.05,0.240204,2.2,25300,1.04981,0,1,1,1,1
7/12/2018,248300,71.01,68.720001,1239.6,11023.2002,0.68,-0.180001,-5.4,26000,74.90039,1,0,0,1,1
7/16/2018,210500,68.08,68.486702,1225.7,10936.84961,-2.93,-0.233299,-13.9,-37800,-86.35059,0,0,0,0,0
7/17/2018,210600,68.76,68.720001,1226.3,11008.04981,0.68,0.233299,0.6,100,71.2002,1,1,1,1,1
7/18/2018,225500,69.46,68.356003,1222.4,10980.4502,0.7,-0.363998,-3.9,14900,-27.59961,1,0,0,1,0
7/19/2018,215400,70.46,68.615501,1229.5,10957.09961,1,0.259498,7.1,-10100,-23.35059,1,1,1,0,0
7/23/2018,229100,68.52,68.733299,1223.9,11084.75,-1.94,0.117798,-5.6,13700,127.65039,0,1,0,1,1
7/24/2018,205800,69.3,69.199997,1231.4,11134.29981,0.78,0.466698,7.5,-23300,49.54981,1,1,1,0,1
7/25/2018,205900,69.61,68.809998,1225.3,11132,0.31,-0.389999,-6.1,100,-2.29981,1,0,0,1,0
7/26/2018,365400,68.69,68.839996,1222.6,11167.29981,-0.92,0.029998,-2.7,159500,35.29981,0,1,0,1,1
7/30/2018,278800,68.76,68.614998,1223.7,11319.54981,0.07,-0.224998,1.1,-86600,152.25,1,0,1,0,1
7/31/2018,256500,67.66,68.684998,1217.9,11356.5,-1.1,0.07,-5.8,-22300,36.95019,0,1,0,0,1
8/1/2018,269700,68.96,68.496803,1210.6,11346.2002,1.3,-0.188195,-7.3,13200,-10.2998,1,0,0,1,0
8/2/2018,210000,68.49,68.307098,1214.2,11244.7002,-0.47,-0.189705,3.6,-59700,-101.5,0,0,1,0,0
8/6/2018,203700,69.17,68.504997,1209.6,11387.09961,0.68,0.197899,-4.6,-6300,142.39941,1,1,0,0,1
8/7/2018,226400,66.94,68.809998,1212.6,11389.4502,-2.23,0.305001,3,22700,2.35059,0,1,1,1,1
8/8/2018,210500,66.81,68.596001,1211.9,11450,-0.13,-0.213997,-0.7,-15900,60.5498,0,0,0,0,1
8/9/2018,302200,67.63,68.455002,1211.1,11470.7002,0.82,-0.140999,-0.8,91700,20.7002,1,0,0,1,1
8/13/2018,246900,67.04,69.084999,1193,11355.75,-0.59,0.629997,-18.1,-55300,-114.9502,0,1,0,0,0
8/14/2018,232600,65.01,69.949097,1177.5,11435.09961,-2.03,0.864098,-15.5,-14300,79.34961,0,1,0,0,1
8/16/2018,290600,65.91,70.660004,1176.5,11385.04981,0.9,0.710907,-1,58000,-50.0498,1,1,0,1,0
8/20/2018,232600,67.35,69.785004,1192.6,11551.75,1.44,-0.875,16.1,-58000,166.70019,1,0,1,0,1
8/21/2018,224200,67.86,69.739998,1196.3,11570.90039,0.51,-0.045006,3.7,-8400,19.15039,1,0,1,0,1
8/23/2018,248500,68.72,69.790001,1206.3,11582.75,0.86,0.050003,10,24300,11.84961,1,1,1,1,1
8/27/2018,199500,68.53,69.764999,1207.4,11691.9502,-0.19,-0.025002,1.1,-49000,109.2002,0,0,1,0,1
8/28/2018,241900,69.51,69.945,1204.5,11738.5,0.98,0.180001,-2.9,42400,46.5498,1,1,0,1,1
8/29/2018,251600,70.25,70.540001,1197.7,11691.90039,0.74,0.595001,-6.8,9700,-46.59961,1,1,0,1,0
8/30/2018,313800,69.8,70.910004,1200.3,11676.79981,-0.45,0.370003,2.6,62200,-15.10058,0,1,1,1,0
9/3/2018,234400,69.87,70.995003,1192.7,11582.34961,0.07,0.084999,-7.6,-79400,-94.4502,1,1,0,0,0
9/4/2018,254800,68.72,71.07,1194.9,11520.29981,-1.15,0.074997,2.2,20400,-62.0498,0,1,1,1,0
9/5/2018,246100,67.77,71.75,1197.9,11476.9502,-0.95,0.68,3,-8700,-43.34961,0,1,1,0,0
9/6/2018,247900,67.75,71.889999,1193.6,11536.90039,-0.02,0.139999,-4.3,1800,59.95019,0,1,0,1,1
9/10/2018,286700,69.25,72.095001,1195.4,11438.09961,1.5,0.205002,1.8,38800,-98.80078,1,1,1,1,0
9/11/2018,286600,70.37,72.445,1204.7,11287.5,1.12,0.349999,9.3,-100,-150.59961,1,1,1,0,0
9/12/2018,268200,68.59,72.989998,1202,11369.90039,-1.78,0.544998,-2.7,-18400,82.40039,0,1,0,0,1
9/17/2018,201400,69.85,72.095001,1196.8,11377.75,1.26,-0.894997,-5.2,-66800,7.84961,1,0,0,0,1
9/18/2018,240900,71.12,72.534798,1202.2,11278.90039,1.27,0.439797,5.4,39500,-98.84961,1,1,1,1,0
9/19/2018,250600,70.8,73.120003,1206.2,11234.34961,-0.32,0.585205,4,9700,-44.55078,0,1,1,1,0
9/24/2018,260700,72.28,72.230003,1200,10967.40039,1.48,-0.89,-6.2,10100,-266.94922,1,0,0,1,0
9/25/2018,405000,71.57,73.300003,1194,11067.4502,-0.71,1.07,-6,144300,100.04981,0,1,0,1,1
9/26/2018,340500,72.12,73.089996,1182.3,11053.79981,0.55,-0.210007,-11.7,-64500,-13.65039,1,0,0,0,0
9/27/2018,405700,73.25,72.769997,1191.5,10977.54981,1.13,-0.319999,9.2,65200,-76.25,1,0,1,1,0
10/1/2018,387000,75.23,72.504997,1202.4,11008.29981,1.98,-0.265,10.9,-18700,30.75,1,0,1,0,1
10/3/2018,386800,74.33,73.279999,1197.2,10858.25,-0.9,0.775002,-5.2,-200,-150.04981,0,1,0,0,0
10/4/2018,425100,74.34,73.849998,1201.2,10599.25,0.01,0.569999,4,38300,-259,1,1,1,1,0
10/8/2018,456200,74.96,73.763,1187.2,10348.04981,0.62,-0.086998,-14,31100,-251.20019,1,0,0,1,0
10/9/2018,430500,73.17,73.889999,1189.3,10301.04981,-1.79,0.126999,2.1,-25700,-47,0,1,1,0,0
10/10/2018,450500,70.97,74.550003,1223.5,10460.09961,-2.2,0.660004,34.2,20000,159.0498,0,1,1,1,1
10/11/2018,483500,71.34,74.599998,1218.1,10234.65039,0.37,0.049995,-5.4,33000,-225.44922,1,1,0,1,0
10/15/2018,259500,71.92,73.676003,1227.3,10512.5,0.58,-0.923995,9.2,-224000,277.84961,1,0,1,0,1
10/16/2018,265200,69.75,74.080002,1223.7,10584.75,-2.17,0.403999,-3.6,5700,72.25,0,1,0,1,1
10/17/2018,284800,68.65,73.455498,1226.5,10453.04981,-1.1,-0.624504,2.8,19600,-131.70019,0,0,1,1,0
10/22/2018,297300,66.43,73.464996,1233.4,10245.25,-2.22,0.009498,6.9,12500,-207.79981,0,1,1,1,0
10/23/2018,302600,66.82,73.859497,1227.8,10146.79981,0.39,0.394501,-5.6,5300,-98.45019,1,1,0,1,0
10/24/2018,351400,67.33,73.221298,1229.1,10224.75,0.51,-0.638199,1.3,48800,77.95019,1,0,1,1,1
10/25/2018,0,67.59,73.220497,1232.5,10124.90039,0.26,-0.000801,3.4,-351400,-99.84961,1,0,1,0,0
10/29/2018,364400,66.18,73.125,1222.6,10250.84961,-1.41,-0.095497,-9.9,364400,125.94922,0,0,0,1,1
10/30/2018,289800,65.31,73.590599,1212.3,10198.40039,-0.87,0.465599,-10.3,-74600,-52.44922,0,1,0,0,0
10/31/2018,375000,63.69,73.650002,1236,10386.59961,-1.62,0.059403,23.7,85200,188.19922,0,1,1,1,1
11/1/2018,348500,63.14,74.07,1230.9,10380.4502,-0.55,0.419998,-5.1,-26500,-6.14941,0,1,0,0,0
11/5/2018,301900,63.1,72.904999,1229.8,10524,-0.04,-1.165001,-1.1,-46600,143.5498,0,0,0,0,1
11/6/2018,0,62.21,72.860001,1223.8,10530,-0.89,-0.044998,-6,-301900,6,0,0,0,0,1
11/7/2018,31200,61.67,73.230003,1226.2,10598.40039,-0.54,0.370002,2.4,31200,68.40039,0,1,1,1,1
11/9/2018,296600,60.19,72.900002,1206.4,10585.2002,-1.48,-0.330001,-19.8,265400,-13.20019,0,0,0,1,0
11/12/2018,259700,59.93,72.470001,1201.3,10482.2002,-0.26,-0.430001,-5.1,-36900,-103,0,0,0,0,0
11/13/2018,254600,55.69,73.18,1199.2,10582.5,-4.24,0.709999,-2.1,-5100,100.2998,0,1,0,0,1
11/14/2018,384500,56.25,72.550003,1207.9,10576.29981,0.56,-0.629997,8.7,129900,-6.20019,1,0,1,1,0
11/15/2018,0,56.46,72.400002,1212.8,10616.7002,0.21,-0.150001,4.9,-384500,40.40039,1,0,1,0,1
11/16/2018,342800,56.46,71.891701,1220.8,10682.2002,0,-0.508301,8,342800,65.5,0,0,1,1,1
11/19/2018,272100,56.76,71.775002,1223.1,10763.40039,0.3,-0.116699,2.3,-70700,81.20019,1,0,1,0,1
11/20/2018,295200,53.43,71.690002,1219,10656.2002,-3.33,-0.085,-4.1,23100,-107.20019,0,0,0,1,0
11/21/2018,300900,54.63,71.415001,1225.8,10600.04981,1.2,-0.275001,6.8,5700,-56.15039,1,0,1,1,0
11/26/2018,0,51.63,70.669998,1220.2,10628.59961,-3,-0.745003,-5.6,-300900,28.5498,0,0,0,0,1
11/27/2018,0,51.56,70.809998,1211.2,10685.59961,-0.07,0.14,-9,0,57,0,1,0,0,1
11/28/2018,424500,50.29,70.879997,1221.4,10728.84961,-1.27,0.069999,10.2,424500,43.25,0,1,1,1,1
11/29/2018,691300,51.45,70.599998,1224.1,10858.7002,1.16,-0.279999,2.7,266800,129.85059,1,0,1,1,1
11/30/2018,453900,50.93,69.919998,1220.2,10876.75,-0.52,-0.68,-3.9,-237400,18.0498,0,0,0,0,1
12/3/2018,409700,52.95,69.760002,1233.9,10883.75,2.02,-0.159996,13.7,-44200,7,1,0,1,0,1
12/4/2018,322100,53.25,70.485001,1241.1,10869.5,0.3,0.724999,7.2,-87600,-14.25,1,1,1,0,0
12/6/2018,318500,51.49,70.870003,1238.1,10601.15039,-1.76,0.385002,-3,-3600,-268.34961,0,1,0,0,0
12/7/2018,325800,52.61,70.75,1246.8,10693.7002,1.12,-0.120003,8.7,7300,92.54981,1,0,1,1,1
12/10/2018,381300,51,71.364998,1243.7,10488.4502,-1.61,0.614998,-3.1,55500,-205.25,0,1,0,1,0
12/11/2018,425500,51.65,72.730003,1241.9,10549.15039,0.65,1.365005,-1.8,44200,60.70019,1,1,0,1,1
12/12/2018,360500,51.15,72.620003,1244.4,10737.59961,-0.5,-0.11,2.5,-65000,188.44922,0,0,1,0,1
12/13/2018,376200,52.58,72.150002,1242.7,10791.54981,1.43,-0.470001,-1.7,15700,53.9502,1,0,0,1,1
12/14/2018,340100,51.2,71.546997,1237,10805.4502,-1.38,-0.603005,-5.7,-36100,13.90039,0,0,0,0,1
12/17/2018,296900,49.88,71.910004,1247.4,10888.34961,-1.32,0.363007,10.4,-43200,82.89941,0,1,1,0,1
12/18/2018,286100,46.24,71.589996,1249.2,10908.7002,-3.64,-0.320008,1.8,-10800,20.35059,0,0,1,0,1
12/19/2018,312100,47.2,70.57,1252.1,10967.29981,0.96,-1.019996,2.9,26000,58.59961,1,0,1,1,1
12/20/2018,318900,45.88,70.685501,1263.6,10951.7002,-1.32,0.115501,11.5,6800,-15.59961,0,1,1,1,0
12/21/2018,377500,45.59,70.300003,1253.8,10754,-0.29,-0.385498,-9.8,58600,-197.7002,0,0,0,1,0
12/24/2018,223400,42.53,70.139999,1267.5,10663.5,-3.06,-0.160004,13.7,-154100,-90.5,0,0,1,0,0
12/26/2018,263700,46.22,70.239998,1269.2,10729.84961,3.69,0.099999,1.7,40300,66.34961,1,1,1,1,1
12/27/2018,456100,44.61,70.150002,1277.3,10779.79981,-1.61,-0.089996,8.1,192400,49.9502,0,0,1,1,1
12/28/2018,245500,45.33,69.989998,1279.9,10859.90039,0.72,-0.160004,2.6,-210600,80.10058,1,0,1,0,1
12/31/2018,180900,45.41,69.922501,1278.3,10862.54981,0.08,-0.067497,-1.6,-64600,2.64942,1,0,0,0,1
1/2/2019,309700,46.54,69.709999,1281,10792.5,1.13,-0.212502,2.7,128800,-70.04981,1,0,1,1,0
1/3/2019,286200,47.09,69.959999,1291.8,10672.25,0.55,0.25,10.8,-23500,-120.25,1,1,1,0,0
1/4/2019,296600,47.96,70.300003,1282.7,10727.34961,0.87,0.340004,-9.1,10400,55.09961,1,1,0,1,1
1/7/2019,269400,48.52,69.525002,1286.8,10771.79981,0.56,-0.775001,4.1,-27200,44.4502,1,0,1,0,1
1/8/2019,277700,49.78,69.809998,1283.2,10802.15039,1.26,0.284996,-3.6,8300,30.35058,1,1,0,1,1
1/9/2019,333000,52.36,70.330002,1289.3,10855.15039,2.58,0.520004,6.1,55300,53,1,1,1,1,1
1/10/2019,254400,52.59,70.550499,1284.7,10821.59961,0.23,0.220497,-4.6,-78600,-33.55078,1,1,0,0,0
1/11/2019,260800,51.59,70.720001,1287.1,10794.9502,-1,0.169502,2.4,6400,-26.64941,0,1,1,1,0
1/14/2019,298800,50.51,70.370003,1289.1,10737.59961,-1.08,-0.349998,2,38000,-57.35059,0,0,1,1,0
1/15/2019,310700,52.11,71.084999,1286.2,10886.79981,1.6,0.714996,-2.9,11900,149.2002,1,1,0,1,1
1/16/2019,276500,52.31,71.092499,1291.6,10890.29981,0.2,0.0075,5.4,-34200,3.5,1,1,1,0,1
1/17/2019,271700,52.07,71.364998,1291,10905.2002,-0.24,0.272499,-0.6,-4800,14.90039,0,1,0,0,1
1/18/2019,323800,53.8,71.030197,1281.3,10906.9502,1.73,-0.334801,-9.7,52100,1.75,1,0,0,1,1
1/22/2019,300800,52.57,71.5,1282.5,10922.75,-1.23,0.469803,1.2,-23000,15.7998,0,1,1,0,1
1/23/2019,298900,52.62,71.230202,1283.1,10831.5,0.05,-0.269798,0.6,-1900,-91.25,1,0,1,0,0
1/24/2019,361100,53.13,71.157303,1279.1,10849.79981,0.51,-0.072899,-4,62200,18.29981,1,0,0,1,1
1/25/2019,463400,53.69,70.989998,1297.4,10780.54981,0.56,-0.167305,18.3,102300,-69.25,1,0,1,1,0
1/28/2019,419700,51.99,70.974998,1302.4,10661.54981,-1.7,-0.015,5,-43700,-119,0,0,1,0,0
1/29/2019,356900,53.31,71.090103,1308.2,10652.2002,1.32,0.115105,5.8,-62800,-9.34961,1,1,1,0,0
1/30/2019,410100,54.23,71.620003,1309.9,10651.79981,0.92,0.5299,1.7,53200,-0.40039,1,1,1,1,0
1/31/2019,604800,53.79,71.120003,1319.7,10830.9502,-0.44,-0.5,9.8,194700,179.15039,0,0,1,1,1
2/1/2019,482300,55.26,71.199997,1316.9,10893.65039,1.47,0.079994,-2.8,-122500,62.70019,1,1,0,0,1
2/4/2019,318300,54.56,71.451698,1314.3,10912.25,-0.7,0.251701,-2.6,-164000,18.59961,0,1,0,0,1
2/5/2019,268100,53.66,71.684998,1314.2,10934.34961,-0.9,0.2333,-0.1,-50200,22.09961,0,1,0,0,1
2/6/2019,298500,54.01,71.769997,1309.5,11062.4502,0.35,0.084999,-4.7,30400,128.10059,1,1,0,1,1
2/7/2019,263500,52.64,71.540497,1309.4,11069.40039,-1.37,-0.2295,-0.1,-35000,6.95019,0,0,0,0,1
2/8/2019,352800,52.72,71.580002,1313.7,10943.59961,0.08,0.039505,4.3,89300,-125.80078,1,1,1,1,0
2/11/2019,286000,52.41,71.150002,1307,10888.79981,-0.31,-0.43,-6.7,-66800,-54.7998,0,0,0,0,0
2/12/2019,292300,53.1,71.230003,1309.2,10831.40039,0.69,0.080001,2.2,6300,-57.39942,1,1,1,1,0
2/14/2019,627000,54.41,70.865097,1309.8,10746.04981,1.31,-0.364906,0.6,334700,-85.35058,1,0,1,1,0
2/15/2019,521900,55.59,71.010002,1318.1,10724.40039,1.18,0.144905,8.3,-105100,-21.64942,1,1,1,0,0
2/19/2019,291500,56.09,71.699997,1340.1,10604.34961,0.5,0.689995,22,-230400,-120.05078,1,1,1,0,0
2/20/2019,289200,56.92,71.599998,1343.3,10735.4502,0.83,-0.099999,3.2,-2300,131.10059,1,0,1,0,1
2/21/2019,279600,56.96,71.300003,1323.5,10789.84961,0.04,-0.299995,-19.8,-9600,54.39941,1,0,0,0,1
2/22/2019,396800,57.26,71.184998,1329.2,10791.65039,0.3,-0.115005,5.7,117200,1.80078,1,0,1,1,1
2/25/2019,385900,55.48,71.030998,1325.9,10880.09961,-1.78,-0.154,-3.3,-10900,88.44922,0,0,0,0,1
2/26/2019,415000,55.5,71.089996,1325.1,10835.29981,0.02,0.058998,-0.8,29100,-44.7998,1,1,0,1,0
2/27/2019,381100,56.94,70.940002,1317.7,10806.65039,1.44,-0.149994,-7.4,-33900,-28.64942,1,0,0,0,0
2/28/2019,644200,57.22,71.190002,1312.8,10792.5,0.28,0.25,-4.9,263100,-14.15039,1,1,0,1,0
3/1/2019,308500,55.8,70.816002,1296.4,10863.5,-1.42,-0.374,-16.4,-335700,71,0,0,0,0,1
3/5/2019,373200,56.56,70.900002,1282,10987.4502,0.76,0.084,-14.4,64700,123.9502,1,1,0,1,1
3/6/2019,372600,56.22,70.7425,1284.9,11053,-0.34,-0.157502,2.9,-600,65.5498,0,0,1,0,1
3/7/2019,321200,56.66,70.364998,1283.8,11058.2002,0.44,-0.377502,-1.1,-51400,5.2002,1,0,0,0,1
3/8/2019,326600,56.07,70.487503,1297,11035.40039,-0.59,0.122505,13.2,5400,-22.79981,0,1,1,1,0
3/11/2019,352200,56.87,69.9869,1296.3,11168.04981,0.8,-0.500603,-0.7,25600,132.64942,1,0,0,1,1
3/12/2019,391300,58.26,69.7901,1307.5,11301.2002,1.39,-0.1968,11.2,39100,133.15039,1,0,1,1,1
3/13/2019,383000,58.61,69.845001,1293.4,11341.7002,0.35,0.054901,-14.1,-8300,40.5,1,1,0,0,1
3/14/2019,294500,58.52,69.726303,1301.8,11343.25,-0.09,-0.118698,8.4,-88500,1.5498,0,0,1,0,1
3/18/2019,320300,59.03,68.953003,1305,11462.2002,0.51,-0.7733,3.2,25800,118.9502,1,0,1,1,1
3/19/2019,326100,59.83,68.617996,1300.5,11532.40039,0.8,-0.335007,-4.5,5800,70.20019,1,0,0,1,1
3/20/2019,366300,59.98,69.317497,1306.1,11521.04981,0.15,0.699501,5.6,40200,-11.35058,1,1,1,1,0
3/25/2019,294500,59.94,69.1605,1314.3,11354.25,-0.04,-0.156997,8.2,-71800,-166.79981,0,0,1,0,0
3/26/2019,282600,59.41,68.923401,1309.9,11483.25,-0.53,-0.237099,-4.4,-11900,129,0,0,0,0,1
3/27/2019,350400,59.3,69.427498,1289.8,11445.04981,-0.11,0.504097,-20.1,67800,-38.20019,0,1,0,1,0
3/28/2019,527700,60.14,69.370003,1293,11570,0.84,-0.057495,3.2,177300,124.95019,1,0,1,1,1
4/1/2019,379600,62.58,69.43,1290,11669.15039,2.44,0.059997,-3,-148100,99.15039,1,1,0,0,1
4/2/2019,386100,62.46,69.195297,1289.9,11713.2002,-0.12,-0.234703,-0.1,6500,44.04981,0,0,0,1,1
4/3/2019,365800,62.1,68.910202,1289,11643.9502,-0.36,-0.285095,-0.9,-20300,-69.25,0,0,0,0,0
4/4/2019,349000,63.08,68.849998,1290.4,11598,0.98,-0.060204,1.4,-16800,-45.9502,1,0,1,0,0
4/8/2019,260900,63.98,69.160004,1303.5,11604.5,0.9,0.310006,13.1,-88100,6.5,1,1,1,0,1
4/9/2019,300500,64.61,69.552498,1309.1,11671.9502,0.63,0.392494,5.6,39600,67.4502,1,1,1,1,1
4/10/2019,359900,63.58,69.261803,1288.6,11584.29981,-1.03,-0.290695,-20.5,59400,-87.65039,0,0,0,1,0
4/11/2019,279800,63.89,69.140198,1290.6,11596.7002,0.31,-0.121605,2,-80100,12.40039,1,0,1,0,1
4/15/2019,290000,64.05,69.161003,1272.6,11690.34961,0.16,0.020805,-18,10200,93.64941,1,1,0,1,1
4/16/2019,354300,63.76,69.809998,1272.2,11787.15039,-0.29,0.648995,-0.4,64300,96.80078,0,1,0,1,1
4/22/2019,260400,66.3,69.360001,1269.3,11594.4502,2.54,-0.449997,-2.9,-93900,-192.70019,1,0,0,0,0
4/23/2019,272500,65.89,70.0625,1275.5,11575.9502,-0.41,0.702499,6.2,12100,-18.5,0,1,1,1,0
4/24/2019,335200,65.21,69.758003,1275.8,11726.15039,-0.68,-0.304497,0.3,62700,150.20019,0,0,1,1,1
4/25/2019,604400,63.3,70.095802,1284.9,11641.79981,-1.91,0.337799,9.1,269200,-84.35058,0,1,1,1,0
4/30/2019,532600,63.6,69.811798,1281.4,11748.15039,0.3,-0.284004,-3.5,-71800,106.35058,1,0,0,0,1
5/2/2019,380300,61.94,69.632896,1279.2,11724.75,-1.66,-0.178902,-2.2,-152300,-23.40039,0,0,0,0,0
5/6/2019,299000,61.4,69.167999,1283.5,11598.25,-0.54,-0.464897,4.3,-81300,-126.5,0,0,1,0,0
5/7/2019,337500,62.12,69.400299,1279.4,11497.90039,0.72,0.2323,-4.1,38500,-100.34961,1,1,0,1,0
5/8/2019,372800,61.7,69.910004,1283.5,11359.4502,-0.42,0.509705,4.1,35300,-138.45019,0,1,1,1,0
5/9/2019,373000,61.66,70.010002,1285.7,11301.79981,-0.04,0.099998,2.2,200,-57.65039,0,1,1,1,0
5/13/2019,357600,61.78,69.922501,1294.7,11148.2002,0.12,-0.087501,9,-15400,-153.59961,1,0,1,0,0
5/14/2019,398100,62.02,70.616997,1296.3,11222.04981,0.24,0.694496,1.6,40500,73.84961,1,1,1,1,1
5/15/2019,414200,62.87,70.306999,1285,11157,0.85,-0.309998,-11.3,16100,-65.04981,1,0,0,1,0
5/16/2019,350700,62.76,70.209198,1274.5,11257.09961,-0.11,-0.097801,-10.5,-63500,100.09961,0,0,0,0,1
5/20/2019,452100,62.99,70.281502,1272,11828.25,0.23,0.072304,-2.5,101400,571.15039,1,1,0,1,1
5/21/2019,381000,61.42,70.127502,1273.6,11709.09961,-1.57,-0.154,1.6,-71100,-119.15039,0,0,1,0,0
5/22/2019,355900,57.91,,1284.8,11737.90039,-3.51,-70.127502,11.2,-25100,28.80078,0,0,1,0,1
5/23/2019,569000,58.63,69.972504,1283,11657.04981,0.72,69.972504,-1.8,213100,-80.85058,1,1,0,1,0
5/27/2019,348400,59.14,69.360001,1276.5,11924.75,0.51,-0.612503,-6.5,-220600,267.70019,1,0,0,0,1
5/28/2019,598300,58.81,69.720001,1280.6,11928.75,-0.33,0.36,4.1,249900,4,0,1,1,1,1
5/29/2019,318100,56.59,69.875,1287.1,11861.09961,-2.22,0.154999,6.5,-280200,-67.65039,0,1,1,0,0
5/30/2019,421200,53.5,69.815002,1305.8,11945.90039,-3.09,-0.059998,18.7,103100,84.80078,0,0,1,1,1
6/3/2019,315300,53.48,69.569603,1323.4,12088.54981,-0.02,-0.245399,17.6,-105900,142.64942,0,0,1,0,1
6/4/2019,289200,51.68,69.161903,1328.3,12021.65039,-1.8,-0.4077,4.9,-26100,-66.89942,0,0,1,0,0
6/6/2019,415200,53.99,69.625,1341.2,11843.75,2.31,0.463097,12.9,126000,-177.90039,1,1,1,1,0
6/10/2019,303300,53.27,69.345001,1326.4,11922.7002,-0.72,-0.279999,-14.8,-111900,78.9502,0,0,0,0,1
6/11/2019,332200,51.14,69.523499,1331.9,11965.59961,-2.13,0.178498,5.5,28900,42.89941,0,1,1,1,1
6/12/2019,283700,52.28,69.386497,1339.2,11906.2002,1.14,-0.137002,7.3,-48500,-59.39941,1,0,1,0,0
6/13/2019,447900,52.51,69.699997,1340.1,11914.04981,0.23,0.3135,0.9,164200,7.84961,1,1,1,1,1
6/17/2019,295500,53.9,69.7705,1346.6,11672.15039,1.39,0.070503,6.5,-152400,-241.89942,1,1,1,0,0
6/18/2019,365500,53.76,70.112503,1344.6,11691.5,-0.14,0.342003,-2,70000,19.34961,0,1,0,1,1
6/19/2019,446900,56.65,69.764999,1392.9,11691.4502,2.89,-0.347504,48.3,81400,-0.0498,1,0,1,1,0
6/20/2019,442000,57.43,69.870003,1396.2,11831.75,0.78,0.105004,3.3,-4900,140.2998,1,1,1,0,1
6/24/2019,277600,57.83,69.569901,1414.9,11699.65039,0.4,-0.300102,18.7,-164400,-132.09961,1,0,1,0,0
6/25/2019,300500,59.38,69.602501,1411.6,11796.4502,1.55,0.0326,-3.3,22900,96.79981,1,1,0,1,1
6/26/2019,327900,59.43,69.637497,1408.4,11847.54981,0.05,0.034996,-3.2,27400,51.09961,1,1,0,1,1
6/27/2019,480200,58.47,69.602501,1409.7,11841.54981,-0.96,-0.034996,1.3,152300,-6,0,0,1,1,0
7/1/2019,278400,56.25,68.940498,1404.6,11865.59961,-2.22,-0.662003,-5.1,-201800,24.0498,0,0,0,0,1
7/3/2019,340500,57.34,69.082497,1417.7,11916.75,1.09,0.141999,13.1,62100,51.15039,1,1,1,1,1
7/4/2019,333600,57.51,69.0075,1396.7,11946.75,0.17,-0.074997,-21,-6900,30,1,0,0,0,1
7/8/2019,464000,57.83,68.440002,1397.5,11558.59961,0.32,-0.567498,0.8,130400,-388.15039,1,0,1,1,0
7/9/2019,442500,60.43,68.849998,1410.1,11555.90039,2.6,0.409996,12.6,-21500,-2.69922,1,1,1,0,0
7/10/2019,337600,60.2,68.764999,1404.3,11498.90039,-0.23,-0.084999,-5.8,-104900,-57,0,0,0,0,0
7/11/2019,317300,60.21,68.367599,1409.9,11582.90039,0.01,-0.3974,5.6,-20300,84,1,0,1,0,1
7/15/2019,368800,57.62,68.550301,1409.2,11588.34961,-2.59,0.182702,-0.7,51500,5.44922,0,1,0,1,1
7/16/2019,480200,56.78,68.747498,1421.3,11662.59961,-0.84,0.197197,12.1,111400,74.25,0,1,1,1,1
7/17/2019,464800,55.3,68.894997,1426.1,11687.5,-1.48,0.147499,4.8,-15400,24.90039,0,1,1,0,1
7/18/2019,498300,55.63,68.786003,1425.1,11596.90039,0.33,-0.108994,-1,33500,-90.59961,1,0,0,1,0
7/22/2019,516000,56.77,68.830002,1420.1,11346.2002,1.14,0.043999,-5,17700,-250.70019,1,1,0,1,0
7/23/2019,458900,55.88,69.160004,1422.8,11331.04981,-0.89,0.330002,2.7,-57100,-15.15039,0,1,1,0,0
7/24/2019,413200,56.02,69.019997,1413.9,11271.29981,0.14,-0.140007,-8.9,-45700,-59.75,1,0,0,0,0
7/25/2019,553700,56.2,69.184998,1418.5,11252.15039,0.18,0.165001,4.6,140500,-19.14942,1,1,1,1,0
7/29/2019,482900,58.05,68.870003,1429.7,11189.2002,1.85,-0.314995,11.2,-70800,-62.95019,1,0,1,0,0
7/30/2019,479100,58.58,68.949997,1426.1,11085.40039,0.53,0.079994,-3.6,-3800,-103.79981,1,1,0,0,0
7/31/2019,536700,53.95,69.077499,1420.9,11118,-4.63,0.127502,-5.2,57600,32.59961,0,1,0,1,1
8/1/2019,499900,55.66,69.404999,1445.6,10980,1.71,0.3275,24.7,-36800,-138,1,1,1,0,0
8/5/2019,506600,53.63,69.656898,1472.4,10862.59961,-2.03,0.251899,26.8,6700,-117.40039,0,1,1,1,0
8/6/2019,517900,51.09,71.519997,1507.3,10948.25,-2.54,1.863099,34.9,11300,85.65039,0,1,1,1,1
8/7/2019,548500,52.54,71.230003,1497.7,10855.5,1.45,-0.289994,-9.6,30600,-92.75,1,0,0,1,0
8/8/2019,482500,54.5,71.1651,1496.6,11032.4502,1.96,-0.064903,-1.1,-66000,176.9502,1,0,0,0,1
8/13/2019,624600,55.23,71.580002,1515.9,10925.84961,0.73,0.414902,19.3,142100,-106.60059,1,1,1,1,0
8/14/2019,511500,54.47,71.080002,1519.6,11029.40039,-0.76,-0.5,3.7,-113100,103.55078,0,0,1,0,1
8/19/2019,369500,56.34,71.132004,1504.6,11053.90039,1.87,0.052002,-15,-142000,24.5,1,1,0,0,1
8/20/2019,444700,55.68,71.995003,1504.6,11017,-0.66,0.862999,0,75200,-36.90039,0,1,0,1,0
8/21/2019,557900,55.35,71.809998,1497.3,10918.7002,-0.33,-0.185005,-7.3,113200,-98.2998,0,0,0,1,0
8/22/2019,668200,54.17,71.437798,1526.6,10741.34961,-1.18,-0.3722,29.3,110300,-177.35059,0,0,1,1,0
8/26/2019,684100,54.93,71.502502,1541,11057.84961,0.76,0.064704,14.4,15900,316.5,1,1,1,1,1
8/27/2019,685600,55.78,72.160004,1537.8,11105.34961,0.85,0.657502,-3.2,1500,47.5,1,1,0,1,1
8/28/2019,550000,56.71,71.535004,1526.5,11046.09961,0.93,-0.625,-11.3,-135600,-59.25,1,0,0,0,0
8/29/2019,649900,55.1,72.084999,1519.1,10948.29981,-1.61,0.549995,-7.4,99900,-97.7998,0,1,0,1,0
9/3/2019,483000,56.26,71.962097,1550.3,10797.90039,1.16,-0.122902,31.2,-166900,-150.39942,1,0,1,0,0
9/4/2019,508800,56.3,72.459999,1515.4,10844.65039,0.04,0.497902,-34.9,25800,46.75,1,1,0,1,1
9/5/2019,595700,56.52,71.955704,1506.2,10847.90039,0.22,-0.504295,-9.2,86900,3.25,1,0,0,1,1
9/9/2019,412500,57.4,71.669998,1490.3,11003.04981,0.88,-0.285706,-15.9,-183200,155.14942,1,0,0,0,1
9/11/2019,687100,55.09,71.859001,1498.7,11035.7002,-2.31,0.189003,8.4,274600,32.65039,0,1,1,1,1
9/12/2019,551400,54.85,71.560097,1490.9,10982.79981,-0.24,-0.298904,-7.8,-135700,-52.90039,0,0,0,0,0
9/16/2019,434500,59.34,71.020699,1505.1,11003.5,4.49,-0.539398,14.2,-116900,20.70019,1,0,1,0,1
9/17/2019,482000,58.11,71.7491,1507.5,10817.59961,-1.23,0.728401,2.4,47500,-185.90039,0,1,1,1,0
9/18/2019,519200,58.13,71.709999,1498.4,10840.65039,0.02,-0.039101,-9.1,37200,23.05078,1,0,0,1,1
9/19/2019,642600,58.09,71.542503,1507.3,10704.79981,-0.04,-0.167496,8.9,123400,-135.85058,0,0,1,1,0
9/23/2019,882800,57.29,71.191597,1532.1,11600.2002,-0.8,-0.350906,24.8,240200,895.40039,0,0,1,1,1
9/24/2019,651700,56.49,70.789597,1504.6,11588.2002,-0.8,-0.402,-27.5,-231100,-12,0,0,0,0,0
9/25/2019,629100,56.41,71.285004,1507.5,11440.2002,-0.08,0.495407,2.9,-22600,-148,0,1,1,0,0
9/26/2019,844500,55.91,71.309998,1499.1,11571.2002,-0.5,0.024994,-8.4,215400,131,0,1,0,1,1
9/30/2019,756800,53.62,70.498703,1482,11474.4502,-2.29,-0.811295,-17.1,-87700,-96.75,0,0,0,0,0
10/1/2019,1305400,52.64,70.922501,1501,11359.90039,-0.98,0.423798,19,548600,-114.54981,0,1,1,1,0
10/3/2019,1017500,52.81,71.141602,1506.2,11314,0.17,0.219101,5.2,-287900,-45.90039,1,1,1,0,0
10/7/2019,733200,52.63,70.815002,1497.2,11126.40039,-0.18,-0.3266,-9,-284300,-187.59961,0,0,0,0,0
10/9/2019,741100,53.55,71.209999,1494.8,11313.29981,0.92,0.394997,-2.4,7900,186.89942,1,1,0,1,1
10/10/2019,562000,54.7,71.410004,1482.7,11234.54981,1.15,0.200005,-12.1,-179100,-78.75,1,1,0,0,0
10/14/2019,587600,52.81,70.914001,1477.6,11341.15039,-1.89,-0.496003,-5.1,25600,106.60058,0,0,0,1,1
10/15/2019,527400,53.36,71.452499,1488,11428.29981,0.55,0.538498,10.4,-60200,87.14942,1,1,1,0,1
10/16/2019,533500,53.93,71.760002,1492.3,11464,0.57,0.307503,4.3,6100,35.70019,1,1,1,1,1
10/17/2019,797600,53.78,71.620003,1488.2,11586.34961,-0.15,-0.139999,-4.1,264100,122.34961,0,0,0,1,1
10/22/2019,867600,55.97,71.105003,1489.9,11588.34961,2.19,-0.515,1.7,70000,2,1,0,1,1,1
10/23/2019,664200,56.23,71.074997,1498.9,11604.09961,0.26,-0.030006,9,-203400,15.75,1,0,1,0,1
10/24/2019,700500,56.66,70.714996,1499.5,11582.59961,0.43,-0.360001,0.6,36300,-21.5,1,0,1,1,0
10/29/2019,,55.06,70.735001,1493.2,11786.84961,-1.6,0.020005,-6.3,-700500,204.25,0,1,0,0,1
10/30/2019,951700,54.18,70.884598,1511.4,11844.09961,-0.88,0.149597,18.2,951700,57.25,0,1,1,1,1
10/31/2019,725200,56.2,70.989998,1508,11877.4502,2.02,0.1054,-3.4,-226500,33.35059,1,1,0,0,1
11/4/2019,1414800,56.54,70.5121,1508,11941.29981,0.34,-0.477898,0,689600,63.84961,1,0,0,1,1
11/5/2019,823100,57.23,71,1480.8,11917.2002,0.69,0.4879,-27.2,-591700,-24.09961,1,1,0,0,0
11/6/2019,632000,56.35,70.894997,1490.2,11966.04981,-0.88,-0.105003,9.4,-191100,48.84961,0,0,1,0,1
11/7/2019,603400,57.15,71,1464.2,12012.04981,0.8,0.105003,-26,-28600,46,1,1,0,0,1
11/8/2019,563000,57.24,71.376503,1461.3,11908.15039,0.09,0.376503,-2.9,-40400,-103.89942,1,1,0,0,0
11/11/2019,789300,56.86,71.376503,1455.5,11913.4502,-0.38,0,-5.8,226300,5.29981,0,0,0,1,1
11/13/2019,549000,57.12,71.779999,1461.7,11840.4502,0.26,0.403496,6.2,-240300,-73,1,1,1,0,0
11/14/2019,659000,56.77,72.141502,1471.8,11872.09961,-0.35,0.361503,10.1,110000,31.64941,0,1,1,1,1
11/15/2019,559500,57.72,71.955803,1467.3,11895.4502,0.95,-0.185699,-4.5,-99500,23.35059,1,0,0,0,1
11/18/2019,580200,57.05,71.705803,1470.9,11884.5,-0.67,-0.25,3.6,20700,-10.9502,0,0,1,1,0
11/19/2019,514400,55.21,71.935097,1473.3,11940.09961,-1.84,0.229294,2.4,-65800,55.59961,0,1,1,0,1
11/20/2019,613900,57.11,71.850998,1473.3,11999.09961,1.9,-0.084099,0,99500,59,1,0,0,1,1
11/21/2019,646700,58.58,71.768204,1463.1,11968.40039,1.47,-0.082794,-10.2,32800,-30.69922,1,0,0,1,0
11/22/2019,557700,57.77,71.740501,1463.1,11914.40039,-0.81,-0.027703,0,-89000,-54,0,0,0,0,0
11/25/2019,486800,58.01,71.7826,1456.6,12073.75,0.24,0.042099,-6.5,-70900,159.34961,1,1,0,0,1
11/26/2019,534300,58.41,71.679497,1459.8,12037.7002,0.4,-0.103103,3.2,47500,-36.0498,1,0,1,1,0
11/27/2019,1201300,58.11,71.428398,1453.4,12100.7002,-0.3,-0.251099,-6.4,667000,63,0,0,0,1,1
11/29/2019,584200,55.17,71.547401,1465.6,12056.04981,-2.94,0.119003,12.2,-617100,-44.65039,0,1,1,0,0
12/2/2019,804400,55.96,71.723,1462.3,12048.2002,0.79,0.175599,-3.3,220200,-7.84961,1,1,0,1,0
12/3/2019,720900,56.1,71.625,1478.2,11994.2002,0.14,-0.098,15.9,-83500,-54,1,0,1,0,0
12/4/2019,605800,58.43,71.959999,1474,12043.2002,2.33,0.334999,-4.2,-115100,49,1,1,0,0,1
12/5/2019,747200,58.43,71.480103,1476.9,12018.40039,0,-0.479896,2.9,141400,-24.79981,0,0,1,1,0
12/6/2019,562200,59.2,71.385002,1459.1,11921.5,0.77,-0.095101,-17.8,-185000,-96.90039,1,0,0,0,0
12/9/2019,609200,59.02,71.286797,1459.3,11937.5,-0.18,-0.098205,0.2,47000,16,0,0,1,1,1
12/10/2019,599100,59.24,70.960197,1462.6,11856.79981,0.22,-0.3266,3.3,-10100,-80.70019,1,0,1,0,0
12/11/2019,650200,58.76,71.010002,1469.4,11910.15039,-0.48,0.049805,6.8,51100,53.35058,0,1,1,1,1
12/12/2019,997700,59.18,70.729301,1466.7,11971.79981,0.42,-0.280701,-2.7,347500,61.64942,1,0,0,1,1
12/13/2019,752600,60.07,70.559898,1475.6,12086.7002,0.89,-0.169403,8.9,-245100,114.90039,1,0,1,0,1
12/16/2019,597700,60.21,70.689003,1475,12053.9502,0.14,0.129105,-0.6,-154900,-32.75,1,1,0,0,0
12/17/2019,437700,60.94,70.920502,1474.6,12165,0.73,0.231499,-0.4,-160000,111.0498,1,1,0,0,1
12/18/2019,499600,60.93,71.214996,1472.6,12221.65039,-0.01,0.294494,-2,61900,56.65039,0,1,0,1,1
12/19/2019,518900,61.22,70.989899,1478.2,12259.7002,0.29,-0.225097,5.6,19300,38.04981,1,0,1,1,1
12/20/2019,623100,60.44,71.222702,1474.7,12271.79981,-0.78,0.232803,-3.5,104200,12.09961,0,1,0,1,1
12/23/2019,810700,60.52,71.024002,1482.5,12262.75,0.08,-0.1987,7.8,187600,-9.04981,1,0,1,1,0
12/24/2019,604800,61.11,71.210701,1499.1,12214.54981,0.59,0.186699,16.6,-205900,-48.20019,1,1,1,0,0
12/26/2019,470300,61.68,71.540001,1509.3,12126.54981,0.57,0.3293,10.2,-134500,-88,1,1,1,0,0
12/27/2019,520300,61.72,71.300301,1513.8,12245.79981,0.04,-0.2397,4.5,50000,119.25,1,0,1,1,1
12/30/2019,383800,61.68,71.313004,1514.5,12255.84961,-0.04,0.012703,0.7,-136500,10.0498,0,1,1,0,1
12/31/2019,411100,61.06,71.310997,1519.5,12168.4502,-0.62,-0.002007,5,27300,-87.39941,0,0,1,1,0
1/2/2020,426900,61.18,71.025002,1524.5,12282.2002,0.12,-0.285995,5,15800,113.75,1,0,1,1,1
1/3/2020,407700,63.05,71.415001,1549.2,12226.65039,1.87,0.389999,24.7,-19200,-55.54981,1,1,1,0,0
1/6/2020,428800,63.27,71.731003,1566.2,11993.04981,0.22,0.316002,17,21100,-233.60058,1,1,1,1,0
1/7/2020,396500,62.7,71.787003,1571.8,12052.9502,-0.57,0.056,5.6,-32300,59.90039,0,1,1,0,1
1/8/2020,447800,59.61,72.160004,1557.4,12025.34961,-3.09,0.373001,-14.4,51300,-27.60059,0,1,0,1,0
1/9/2020,446000,59.56,71.411903,1551.7,12215.90039,-0.05,-0.748101,-5.7,-1800,190.55078,0,0,0,0,1
1/10/2020,477500,59.04,71.194298,1557.5,12256.79981,-0.52,-0.217605,5.8,31500,40.89942,0,0,1,1,1
1/13/2020,660600,58.08,70.953003,1548.4,12329.54981,-0.96,-0.241295,-9.1,183100,72.75,0,0,0,1,1
1/14/2020,501000,58.23,70.718903,1542.4,12362.29981,0.15,-0.2341,-6,-159600,32.75,1,0,0,0,1
1/15/2020,616300,57.81,70.8451,1552.1,12343.29981,-0.42,0.126197,9.7,115300,-19,0,1,1,1,0
1/16/2020,684400,58.52,70.718002,1549,12355.5,0.71,-0.127098,-3.1,68100,12.20019,1,0,0,1,1
1/17/2020,395700,58.54,70.945602,1558.8,12352.34961,0.02,0.2276,9.8,-288700,-3.15039,1,1,1,0,0
1/21/2020,502100,58.34,71.030998,1556.4,12169.84961,-0.2,0.085396,-2.4,106400,-182.5,0,1,0,1,0
1/22/2020,400,56.74,71.169998,1555.3,12106.90039,-1.6,0.139,-1.1,-501700,-62.94922,0,1,0,0,0
1/23/2020,500,55.59,71.078102,1564.6,12180.34961,-1.15,-0.091896,9.3,100,73.44922,0,0,1,1,1
1/24/2020,867700,54.19,71.320999,1571.1,12248.25,-1.4,0.242897,6.5,867200,67.90039,0,1,1,1,1
1/27/2020,593200,53.14,71.324997,1576.8,12119,-1.05,0.003998,5.7,-274500,-129.25,0,1,1,0,0
1/28/2020,441200,53.48,71.440002,1569.2,12055.79981,0.34,0.115005,-7.6,-152000,-63.20019,1,1,0,0,0
1/29/2020,478500,53.33,71.2304,1569.8,12129.5,-0.15,-0.209602,0.6,37300,73.70019,0,0,1,1,1
1/30/2020,514400,52.14,71.300003,1583.5,12035.79981,-1.19,0.069603,13.7,35900,-93.70019,0,1,1,1,0
1/31/2020,538100,51.56,71.639999,1582.9,11962.09961,-0.58,0.339996,-0.6,23700,-73.7002,0,1,0,1,0
2/3/2020,771300,50.11,71.496498,1577.2,11707.90039,-1.45,-0.143501,-5.7,233200,-254.19922,0,0,0,1,0
2/4/2020,669800,49.61,71.314102,1550.4,11979.65039,-0.5,-0.182396,-26.8,-101500,271.75,0,0,0,0,1
2/5/2020,560400,50.75,71.099998,1557.8,12089.15039,1.14,-0.214104,7.4,-109400,109.5,1,0,1,0,1
2/6/2020,758000,50.95,71.18,1565.1,12137.9502,0.2,0.080002,7.3,197600,48.79981,1,1,1,1,1
2/7/2020,565100,50.32,71.470001,1568.6,12098.34961,-0.63,0.290001,3.5,-192900,-39.60059,0,1,1,0,0
2/10/2020,473500,49.57,71.515503,1574.7,12031.5,-0.75,0.045502,6.1,-91600,-66.84961,0,1,1,0,0
2/11/2020,524700,49.94,71.279999,1565.6,12107.90039,0.37,-0.235504,-9.1,51200,76.40039,1,0,0,1,1
2/12/2020,480000,51.17,71.275299,1567.4,12201.2002,1.23,-0.0047,1.8,-44700,93.29981,1,0,1,0,1
2/13/2020,411700,51.42,71.296204,1575.1,12174.65039,0.25,0.020905,7.7,-68300,-26.54981,1,1,1,0,0
2/14/2020,501200,52.05,71.268501,1582.7,12113.4502,0.63,-0.027703,7.6,89500,-61.20019,1,0,1,1,0
2/18/2020,622800,52.05,71.349197,1600,11992.5,0,0.080696,17.3,121600,-120.9502,0,1,1,1,0
2/19/2020,676900,53.29,71.574997,1607.5,12125.90039,1.24,0.2258,7.5,54100,133.40039,1,1,1,1,1
2/20/2020,513600,53.78,71.827499,1616.6,12080.84961,0.49,0.252502,9.1,-163300,-45.05078,1,1,1,0,0
2/24/2020,502600,51.43,71.886803,1672.4,11829.40039,-2.35,0.059304,55.8,-11000,-251.44922,0,1,1,0,0
2/25/2020,490800,49.9,72.0467,1646.9,11797.90039,-1.53,0.159897,-25.5,-11800,-31.5,0,1,0,0,0
2/26/2020,461000,48.73,71.870003,1640,11678.5,-1.17,-0.176697,-6.9,-29800,-119.40039,0,0,0,0,0
2/27/2020,567600,47.09,71.663399,1640,11633.29981,-1.64,-0.206604,0,106600,-45.20019,0,0,0,1,0
2/28/2020,608600,44.76,71.93,1564.1,11201.75,-2.33,0.266601,-75.9,41000,-431.54981,0,1,0,1,0
3/2/2020,809900,46.75,72.150002,1592.3,11132.75,1.99,0.220002,28.2,201300,-69,1,1,1,1,0
3/3/2020,680800,47.18,72.824997,1642.1,11303.29981,0.43,0.674995,49.8,-129100,170.54981,1,1,1,0,1
3/4/2020,696500,46.78,73.342003,1641.1,11251,-0.4,0.517006,-1,15700,-52.29981,0,1,0,1,0
3/5/2020,797700,45.9,74.042503,1666.4,11269,-0.88,0.7005,25.3,101200,18,0,1,1,1,1
3/6/2020,1352500,41.28,73.855103,1670.8,10989.4502,-4.62,-0.1874,4.4,554800,-279.5498,0,0,1,1,0
3/9/2020,1811000,34.36,73.9953,1659.1,10451.4502,-6.92,0.140197,-11.7,458500,-538,0,1,0,1,0
3/11/2020,1565500,31.5,74.205002,1589.3,10458.40039,-2.86,0.209702,-69.8,-245500,6.95019,0,1,0,0,1
3/12/2020,1218500,31.73,74.760002,1515.7,9590.150391,0.23,0.555,-73.6,-347000,-868.249999,1,1,0,0,0
3/16/2020,1343500,26.95,73.903999,1524.9,9197.400391,-4.78,-0.856003,9.2,125000,-392.75,0,0,1,1,0
3/17/2020,897700,20.37,75.154999,1477.3,8967.049805,-6.58,1.251,-47.6,-445800,-230.350586,0,1,0,0,0
3/18/2020,935600,25.22,74.012398,1478.6,8468.799805,4.85,-1.142601,1.3,37900,-498.25,1,0,1,1,0
3/19/2020,1516600,22.43,74.982002,1484,8263.450195,-2.79,0.969604,5.4,581000,-205.34961,0,1,1,1,0
3/23/2020,925700,24.01,75.622101,1660.2,7610.25,1.58,0.640099,176.2,-590900,-653.200195,1,1,1,0,0
3/24/2020,653500,24.49,76.505997,1632.3,7801.049805,0.48,0.883896,-27.9,-272200,190.799805,1,1,0,0,1
3/25/2020,738400,22.6,77.260002,1650.1,8317.849609,-1.89,0.754005,17.8,84900,516.799804,0,1,1,1,1
3/26/2020,736900,21.51,75.845497,1623.9,8641.450195,-1.09,-1.414505,-26.2,-1500,323.600586,0,0,0,0,1
3/30/2020,865600,20.48,75.464996,1583.4,8281.099609,-1.03,-0.380501,-40.5,128700,-360.350586,0,0,0,1,0
3/31/2020,593300,20.31,75.400002,1578.2,8597.75,-0.17,-0.064994,-5.2,-272300,316.650391,0,0,0,0,1
4/1/2020,712700,25.32,75.324997,1625.7,8253.799805,5.01,-0.075005,47.5,119400,-343.950195,1,0,1,1,0
4/7/2020,506300,25.09,75.964897,1665.4,8792.200195,-0.23,0.6399,39.7,-206400,538.40039,0,1,1,0,1
4/8/2020,814200,22.76,76.660004,1736.2,8748.75,-2.33,0.695107,70.8,307900,-43.450195,0,1,1,1,0
4/13/2020,896500,20.11,76.166496,1756.7,8993.849609,-2.65,-0.493508,20.5,82300,245.099609,0,0,1,1,1
4/15/2020,644000,19.87,75.931,1720.4,8925.299805,-0.24,-0.235496,-36.3,-252500,-68.549804,0,0,0,0,0
4/16/2020,879100,18.27,77.212502,1689.2,8992.799805,-1.6,1.281502,-31.2,235100,67.5,0,1,0,1,1
4/20/2020,719400,10.01,76.559998,1678.2,9261.849609,-8.26,-0.652504,-11,-159700,269.049804,0,0,0,0,1
4/21/2020,726400,13.78,77.209999,1728.7,8981.450195,3.77,0.650001,50.5,7000,-280.399414,1,1,1,1,0
4/22/2020,655100,16.5,76.969398,1733.3,9187.299805,2.72,-0.240601,4.6,-71300,205.84961,1,0,1,0,1
4/23/2020,734400,16.94,76.400002,1723.5,9313.900391,0.44,-0.569396,-9.8,79300,126.600586,1,0,0,1,1
4/27/2020,666700,12.34,76.2715,1710.5,9282.299805,-4.6,-0.128502,-13,-67700,-31.600586,0,0,0,0,0
4/28/2020,512800,15.06,76.186302,1703.4,9380.900391,2.72,-0.085198,-7.1,-153900,98.600586,1,0,0,0,1
4/29/2020,614500,18.84,76.464996,1684.2,9553.349609,3.78,0.278694,-19.2,101700,172.449218,1,1,0,1,1
4/30/2020,653000,19.78,75.258499,1694.5,9859.900391,0.94,-1.206497,10.3,38500,306.550782,1,0,1,1,1
5/4/2020,931200,24.56,75.600502,1704.4,9293.5,4.78,0.342003,9.9,278200,-566.400391,1,1,1,1,0
5/5/2020,687500,23.99,75.849998,1684.2,9205.599609,-0.57,0.249496,-20.2,-243700,-87.900391,0,1,0,0,0
5/6/2020,725200,23.55,76.169998,1721.8,9270.900391,-0.44,0.32,37.6,37700,65.300782,0,1,1,1,1
5/7/2020,722200,24.74,76.151299,1709.9,9199.049805,1.19,-0.018699,-11.9,-3000,-71.850586,1,0,0,0,0
5/11/2020,708700,25.78,75.525002,1704.4,9239.200195,1.04,-0.626297,-5.5,-13500,40.15039,1,0,0,0,1
5/12/2020,704600,25.29,76.309998,1713.9,9196.549805,-0.49,0.784996,9.5,-4100,-42.65039,0,1,1,0,0
5/13/2020,805500,27.56,75.68,1738.1,9383.549805,2.27,-0.629998,24.2,100900,187,1,0,1,1,1
5/14/2020,846400,29.43,75.426201,1753.4,9142.75,1.87,-0.253799,15.3,40900,-240.799805,1,0,1,1,0
5/18/2020,602600,32.5,75.82,1744.2,8823.25,3.07,0.393799,-9.2,-243800,-319.5,1,1,0,0,0
5/19/2020,773000,33.49,75.600098,1750.6,8879.099609,0.99,-0.219902,6.4,170400,55.849609,1,0,1,1,1
5/20/2020,762200,33.92,76,1720.5,9066.549805,0.43,0.399902,-30.1,-10800,187.450196,1,1,0,0,1
5/21/2020,622300,33.25,75.779999,1734.6,9106.25,-0.67,-0.220001,14.1,-139900,39.700195,0,0,1,0,1
5/26/2020,631500,32.81,76.110001,1710.3,9029.049805,-0.44,0.330002,-24.3,9200,-77.200195,0,1,0,1,0
5/27/2020,655000,33.71,75.82,1713.3,9314.950195,0.9,-0.290001,3,23500,285.90039,1,0,1,1,1
5/28/2020,763500,35.49,76.129997,1736.9,9490.099609,1.78,0.309997,23.6,108500,175.149414,1,1,1,1,1
6/1/2020,837900,36.81,75.513199,1725.2,9826.150391,1.32,-0.616798,-11.7,74400,336.050782,1,0,0,1,1
6/2/2020,794200,37.29,75.730003,1697.8,9979.099609,0.48,0.216804,-27.4,-43700,152.949218,1,1,0,0,1
6/3/2020,770200,37.41,75.065804,1718.9,10061.54981,0.12,-0.664199,21.1,-24000,82.450201,1,0,1,0,1
6/4/2020,794700,39.55,75.544998,1676.2,10029.09961,2.14,0.479194,-42.7,24500,-32.4502,1,1,0,1,0
6/8/2020,775100,38.94,75.5177,1714.7,10167.4502,-0.61,-0.027298,38.5,-19600,138.35059,0,0,1,0,1
6/9/2020,936500,39.6,75.625,1713.3,10046.65039,0.66,0.1073,-1.4,161400,-120.79981,1,1,0,1,0
6/10/2020,754200,36.34,75.509804,1732,10116.15039,-3.26,-0.115196,18.7,-182300,69.5,0,0,1,0,1
6/11/2020,632400,36.26,75.875,1729.3,9902,-0.08,0.365196,-2.7,-121800,-214.15039,0,1,0,0,0
6/15/2020,715500,38.38,75.956802,1729.6,9813.700195,2.12,0.081802,0.3,83100,-88.299805,1,1,1,1,0
6/16/2020,716100,37.96,75.977997,1729.2,9914,-0.42,0.021195,-0.4,600,100.299805,0,1,0,1,1
6/17/2020,899900,38.84,76.654999,1724.8,9881.150391,0.88,0.677002,-4.4,183800,-32.849609,1,1,0,1,0
6/18/2020,685400,39.75,76.550003,1745.9,10091.65039,0.91,-0.104996,21.1,-214500,210.499999,1,0,1,0,1
6/22/2020,622900,40.37,76.252098,1772.1,10311.2002,0.62,-0.297905,26.2,-62500,219.54981,1,0,1,0,1
6/23/2020,685400,38.01,75.789803,1765.8,10471,-2.36,-0.462295,-6.3,62500,159.7998,0,0,0,1,1
6/24/2020,669200,38.72,75.607803,1762.1,10305.29981,0.71,-0.182,-3.7,-16200,-165.70019,1,0,0,0,0
6/25/2020,854800,38.49,75.970001,1772.5,10288.90039,-0.23,0.362198,10.4,185600,-16.39942,0,1,1,1,0
6/29/2020,994200,39.27,75.619797,1793,10312.40039,0.78,-0.350204,20.5,139400,23.5,1,0,1,1,1
6/30/2020,574500,39.82,75.699997,1773.2,10302.09961,0.55,0.0802,-19.8,-419700,-10.30078,1,1,0,0,0
7/1/2020,556200,40.65,75.75,1784,10430.04981,0.83,0.050003,10.8,-18300,127.9502,1,1,1,0,1
7/6/2020,573600,40.62,74.679298,1804.2,10763.65039,-0.03,-1.070702,20.2,17400,333.60058,0,0,1,1,1
7/7/2020,571200,40.9,74.607597,1815.5,10799.65039,0.28,-0.071701,11.3,-2400,36,1,0,1,0,1
7/8/2020,636800,39.62,75.125,1799.2,10705.75,-1.28,0.517403,-16.3,65600,-93.90039,0,1,0,1,0
7/9/2020,767900,40.55,74.939903,1798.2,10813.4502,0.93,-0.185097,-1,131100,107.7002,1,0,0,1,1
7/13/2020,618700,40.29,75.158501,1810.6,10802.7002,-0.26,0.218598,12.4,-149200,-10.75,0,1,1,0,0
7/14/2020,554100,41.2,75.449997,1811.4,10607.34961,0.91,0.291496,0.8,-64600,-195.35059,1,1,1,0,0
7/15/2020,532400,40.75,75.574997,1798.7,10618.2002,-0.45,0.125,-12.7,-21700,10.85059,0,1,0,0,1
7/16/2020,715900,40.59,75.124901,1808.3,10739.9502,-0.16,-0.450096,9.6,183500,121.75,0,0,1,1,1
7/20/2020,694400,41.96,74.897301,1842.4,11022.2002,1.37,-0.2276,34.1,-21500,282.25,1,0,1,0,1
7/21/2020,554300,41.9,74.989998,1864.1,11162.25,-0.06,0.092697,21.7,-140100,140.0498,0,1,1,0,1
7/22/2020,772000,41.07,74.769997,1889.1,11132.59961,-0.83,-0.220001,25,217700,-29.65039,0,0,1,1,0
7/23/2020,765100,41.29,74.82,1897.3,11215.4502,0.22,0.050003,8.2,-6900,82.85059,1,1,1,0,1
7/27/2020,621600,41.04,74.759804,1944.7,11131.79981,-0.25,-0.060196,47.4,-143500,-83.65039,0,0,1,0,0
7/28/2020,588100,41.27,75,1953.5,11300.54981,0.23,0.240196,8.8,-33500,168.75,1,1,1,0,1
7/29/2020,683900,39.92,75.089996,1942.3,11202.84961,-1.35,0.089996,-11.2,95800,-97.7002,0,1,0,1,0
7/30/2020,600700,40.27,74.8312,1962.8,11102.15039,0.35,-0.258796,20.5,-83200,-100.69922,1,0,1,0,0
8/3/2020,677800,41.7,74.917801,2001.2,10891.59961,1.43,0.086601,38.4,77100,-210.55078,1,1,1,1,0
8/4/2020,680900,42.19,75.330002,2031.1,11095.25,0.49,0.412201,29.9,3100,203.65039,1,1,1,1,1
8/5/2020,625700,41.95,75.25,2051.5,11101.65039,-0.24,-0.080002,20.4,-55200,6.40039,0,0,1,0,1
8/6/2020,667600,41.22,74.882202,2010.1,11200.15039,-0.73,-0.367798,-41.4,41900,98.5,0,0,0,1,1
8/10/2020,600400,41.61,75.024803,1932.6,11270.15039,0.39,0.142601,-77.5,-67200,70,1,1,0,0,1
8/11/2020,492000,42.67,75.099998,1934.9,11322.5,1.06,0.075195,2.3,-108400,52.34961,1,1,1,0,1
8/12/2020,586100,42.24,74.900002,1956.7,11308.40039,-0.43,-0.199996,21.8,94100,-14.09961,0,0,1,1,0
8/13/2020,609900,42.01,74.772102,1937,11300.4502,-0.23,-0.1279,-19.7,23800,-7.95019,0,0,0,1,0
8/17/2020,562400,42.89,74.902802,1999.4,11247.09961,0.88,0.1307,62.4,-47500,-53.35059,1,1,1,0,0
8/18/2020,634000,42.93,75,1958.7,11385.34961,0.04,0.097198,-40.7,71600,138.25,1,1,0,1,1
8/19/2020,579200,42.58,74.794998,1933.8,11408.40039,-0.35,-0.205002,-24.9,-54800,23.05078,0,0,0,0,1
8/20/2020,626200,42.34,74.966797,1934.6,11312.2002,-0.24,0.171799,0.8,47000,-96.20019,0,1,1,1,0
8/24/2020,791600,43.35,74.921799,1911.8,11466.4502,1.01,-0.044998,-22.8,165400,154.25,1,0,0,1,1
8/25/2020,532900,43.39,74.400002,1940.7,11472.25,0.04,-0.521797,28.9,-258700,5.7998,1,0,1,0,1
8/26/2020,638200,43.04,74.452499,1921.6,11549.59961,-0.35,0.052497,-19.1,105300,77.34961,0,1,0,1,1
8/27/2020,743400,42.97,74.240097,1964.6,11559.25,-0.07,-0.212402,43,105200,9.65039,0,0,1,1,1
8/31/2020,719800,42.76,73.128304,1968.2,11387.5,-0.21,-1.111793,3.6,-23600,-171.75,0,0,1,0,0
9/1/2020,1371800,41.51,73.669998,1934.4,11470.25,-1.25,0.541694,-33.8,652000,82.75,0,1,0,1,1
9/2/2020,783800,41.37,73.269997,1927.6,11535,-0.14,-0.400001,-6.8,-588000,64.75,0,0,0,0,1
9/3/2020,593500,39.77,73.248497,1923.9,11527.4502,-1.6,-0.0215,-3.7,-190300,-7.5498,0,0,0,0,0
9/7/2020,607100,36.76,73.290298,1933,11355.04981,-3.01,0.041801,9.1,13600,-172.40039,0,1,1,1,0
9/8/2020,560300,38.05,73.650002,1944.7,11317.34961,1.29,0.359704,11.7,-46800,-37.7002,1,1,1,0,0
9/9/2020,572200,37.3,73.786797,1954.2,11278,-0.75,0.136795,9.5,11900,-39.34961,0,1,1,1,0
9/10/2020,728900,37.33,73.550003,1937.8,11449.25,0.03,-0.236794,-16.4,156700,171.25,1,0,0,1,1
9/14/2020,679400,38.28,73.4786,1956.3,11440.04981,0.95,-0.071403,18.5,-49500,-9.20019,1,0,1,0,0
9/15/2020,642300,40.16,73.614998,1960.2,11521.79981,1.88,0.136398,3.9,-37100,81.75,1,1,1,0,1
9/16/2020,506700,40.97,73.800003,1940,11604.54981,0.81,0.185005,-20.2,-135600,82.75,1,1,0,0,1
9/17/2020,527800,41.11,73.550697,1952.1,11516.09961,0.14,-0.249306,12.1,21100,-88.4502,1,0,1,1,0
9/21/2020,0,39.6,73.534798,1898.6,11250.54981,-1.51,-0.015899,-53.5,-527800,-265.5498,0,0,0,0,0
9/22/2020,602900,39.93,73.579803,1859.9,11153.65039,0.33,0.045005,-38.7,602900,-96.89942,1,1,0,1,0
9/23/2020,672200,40.31,73.502998,1868.3,11131.84961,0.38,-0.076805,8.4,69300,-21.80078,1,0,1,1,0
9/24/2020,714900,40.25,73.778397,1857.7,10805.54981,-0.06,0.275399,-10.6,42700,-326.2998,0,1,0,1,0
9/28/2020,706100,39.29,73.699303,1894.3,11227.54981,-0.96,-0.079094,36.6,-8800,422,0,0,1,0,1
9/29/2020,472800,40.22,73.974998,1887.5,11222.40039,0.93,0.275695,-6.8,-233300,-5.14942,1,1,0,0,0
9/30/2020,498300,38.72,73.845001,1908.4,11247.54981,-1.5,-0.129997,20.9,25500,25.14942,0,0,1,1,1
10/1/2020,499300,37.05,73.705002,1900.2,11416.9502,-1.67,-0.139999,-8.2,1000,169.40039,0,0,0,1,1
10/5/2020,447700,40.67,73.322403,1901.1,11503.34961,3.62,-0.382599,0.9,-51600,86.39941,1,0,1,0,1
10/6/2020,530600,39.95,73.108299,1883.6,11662.40039,-0.72,-0.214104,-17.5,82900,159.05078,0,0,0,1,1
10/7/2020,561400,41.19,73.815002,1888.6,11738.84961,1.24,0.706703,5,30800,76.44922,1,1,1,1,1
10/8/2020,513400,40.6,73.542503,1919.5,11834.59961,-0.59,-0.272499,30.9,-48000,95.75,0,0,1,0,1
10/12/2020,608800,40.2,73.014801,1888.5,11930.9502,-0.4,-0.527702,-31,95400,96.35059,0,0,0,1,1
10/13/2020,522600,41.04,73.3508,1901.3,11934.5,0.84,0.335999,12.8,-86200,3.5498,1,1,1,0,1
10/14/2020,458300,40.96,73.620003,1903.2,11971.04981,-0.08,0.269203,1.9,-64300,36.54981,0,1,1,0,1
10/15/2020,569200,40.88,73.296204,1900.8,11680.34961,-0.08,-0.323799,-2.4,110900,-290.7002,0,0,0,1,0
10/19/2020,608900,41.46,73.443802,1910.4,11873.04981,0.58,0.147598,9.6,39700,192.7002,1,1,1,1,1
10/20/2020,541400,40.03,73.574997,1924.6,11896.79981,-1.43,0.131195,14.2,-67500,23.75,0,1,1,0,1
10/21/2020,453600,40.64,73.647499,1901.1,11937.65039,0.61,0.072502,-23.5,-87800,40.85058,1,1,0,0,1
10/22/2020,623700,39.85,73.681297,1902,11896.4502,-0.79,0.033798,0.9,170100,-41.20019,0,1,1,1,0
10/26/2020,544900,39.57,73.822899,1908.8,11767.75,-0.28,0.141602,6.8,-78800,-128.7002,0,1,1,0,0
10/27/2020,519800,37.39,73.948502,1876.2,11889.40039,-2.18,0.125603,-32.6,-25100,121.65039,0,1,0,0,1
10/28/2020,616300,36.17,73.805,1865.6,11729.59961,-1.22,-0.143502,-10.6,96500,-159.80078,0,0,0,1,0
10/29/2020,704000,35.79,74.440002,1877.4,11670.79981,-0.38,0.635002,11.8,87700,-58.7998,0,1,1,1,0
11/2/2020,555000,36.81,74.550499,1890.4,11669.15039,1.02,0.110497,13,-149000,-1.64942,1,1,1,0,0
11/3/2020,568400,37.66,74.456802,1908.5,11813.5,0.85,-0.093697,18.1,13400,144.34961,1,0,1,1,1
11/4/2020,674300,39.15,74.655602,1894.6,11908.5,1.49,0.1988,-13.9,105900,95,1,1,0,1,1
11/5/2020,667300,38.79,74.379997,1945.3,12120.29981,-0.36,-0.275605,50.7,-7000,211.79981,0,0,1,0,1
11/6/2020,632500,37.14,74.120003,1950.3,12263.54981,-1.65,-0.259994,5,-34800,143.25,0,0,1,0,1
11/9/2020,576800,40.29,73.979797,1853.2,12461.04981,3.15,-0.140206,-97.1,-55700,197.5,1,0,0,0,1
11/10/2020,553400,41.36,73.953201,1875.4,12631.09961,1.07,-0.026596,22.2,-23400,170.0498,1,0,1,0,1
11/11/2020,847500,41.45,74.281601,1860.7,12749.15039,0.09,0.3284,-14.7,294100,118.05078,1,1,0,1,1
11/12/2020,880500,41.12,74.57,1872.6,12690.79981,-0.33,0.288399,11.9,33000,-58.35058,0,1,1,1,0
11/13/2020,622000,40.13,74.864998,1885.7,12719.9502,-0.99,0.294998,13.1,-258500,29.15039,0,1,1,0,1
11/17/2020,513900,41.43,74.418098,1884.5,12874.2002,1.3,-0.4469,-1.2,-108100,154.25,1,0,0,0,1
11/18/2020,707700,41.82,74.479698,1873.5,12938.25,0.39,0.0616,-11,193800,64.0498,1,1,0,1,1
11/19/2020,731300,41.74,74.419998,1861.1,12771.7002,-0.08,-0.0597,-12.4,23600,-166.5498,0,0,0,1,0
11/20/2020,768800,42.15,74.099602,1872.6,12859.04981,0.41,-0.320396,11.5,37500,87.34961,1,0,1,1,1
11/23/2020,664000,43.06,74.162399,1837.8,12926.4502,0.91,0.062797,-34.8,-104800,67.40039,1,1,0,0,1
11/24/2020,633100,44.91,74.244904,1804.8,13055.15039,1.85,0.082505,-33,-30900,128.70019,1,1,0,0,1
11/25/2020,571900,45.71,73.9608,1805.7,12858.40039,0.8,-0.284104,0.9,-61200,-196.75,1,0,1,0,0
11/27/2020,679000,45.53,74.048798,1781.9,12968.9502,-0.18,0.087998,-23.8,107100,110.54981,0,1,0,1,1
12/1/2020,1162400,44.55,74.0252,1814.1,13109.04981,-0.98,-0.023598,32.2,483400,140.09961,0,0,1,1,1
12/2/2020,583600,45.28,73.654999,1825.7,13113.75,0.73,-0.370201,11.6,-578800,4.70019,1,0,1,0,1
12/3/2020,717700,45.64,73.662598,1836.8,13133.90039,0.36,0.007599,11.1,134100,20.15039,1,1,1,1,1
12/4/2020,713700,46.26,73.864899,1835.9,13258.54981,0.62,0.202301,-0.9,-4000,124.64942,1,1,0,0,1
12/7/2020,640500,45.76,73.790298,1861.8,13355.75,-0.5,-0.074601,25.9,-73200,97.20019,0,0,1,0,1
12/8/2020,591700,45.6,74.019997,1870.8,13392.9502,-0.16,0.229699,9,-48800,37.2002,0,1,1,0,1
12/9/2020,543200,45.52,73.726402,1834.6,13529.09961,-0.08,-0.293595,-36.2,-48500,136.14941,0,0,0,0,1
12/10/2020,502600,46.78,73.934998,1833.6,13478.29981,1.26,0.208596,-1,-40600,-50.7998,1,1,0,0,0
12/11/2020,553400,46.57,73.7267,1839.8,13513.84961,-0.21,-0.208298,6.2,50800,35.5498,0,0,1,1,1
12/14/2020,787700,46.99,73.737999,1828.7,13558.15039,0.42,0.011299,-11.1,234300,44.30078,1,1,0,1,1
12/15/2020,558400,47.62,73.860001,1852.3,13567.84961,0.63,0.122002,23.6,-229300,9.69922,1,1,1,0,1
12/16/2020,497600,47.82,73.759804,1856.1,13682.7002,0.2,-0.100197,3.8,-60800,114.85059,1,0,1,0,1
12/17/2020,462200,48.36,73.6166,1887.2,13740.7002,0.54,-0.143204,31.1,-35400,58,1,0,1,0,1
12/18/2020,416000,49.1,73.5298,1885.7,13760.54981,0.74,-0.0868,-1.5,-46200,19.84961,1,0,0,0,1
12/21/2020,519400,47.74,73.6036,1879.2,13328.40039,-1.36,0.0738,-6.5,103400,-432.14942,0,1,0,1,0
12/22/2020,687300,47.02,73.935303,1866.6,13466.29981,-0.72,0.331703,-12.6,167900,137.89942,0,1,0,1,1
12/23/2020,696200,48.12,74.269997,1874.7,13601.09961,1.1,0.334694,8.1,8900,134.7998,1,1,1,1,1
12/24/2020,458700,48.23,73.839798,1879.9,13749.25,0.11,-0.430199,5.2,-237500,148.15039,1,0,1,0,1
12/28/2020,471400,47.62,73.689003,1877.2,13873.2002,-0.61,-0.150795,-2.7,12700,123.9502,0,0,0,1,1
12/29/2020,403600,48,73.544899,1879.7,13932.59961,0.38,-0.144104,2.5,-67800,59.39941,1,0,1,0,1
12/30/2020,439600,48.4,73.453598,1891,13981.9502,0.4,-0.091301,11.3,36000,49.35059,1,0,1,1,1
12/31/2020,380700,48.52,73.134003,1893.1,13981.75,0.12,-0.319595,2.1,-58900,-0.2002,1,0,1,0,0
1/4/2021,452400,47.62,73.092003,1944.7,14132.90039,-0.9,-0.042,51.6,71700,151.15039,0,0,1,1,1
1/5/2021,495000,49.93,73.32,1952.7,14199.5,2.31,0.227997,8,42600,66.59961,1,1,1,1,1
1/6/2021,492500,50.63,73.374802,1906.9,14146.25,0.7,0.054802,-45.8,-2500,-53.25,1,1,0,0,0
1/7/2021,632300,50.83,73.360001,1912.3,14137.34961,0.2,-0.014801,5.4,139800,-8.90039,1,0,1,1,0
1/8/2021,559200,52.24,73.445999,1834.1,14347.25,1.41,0.085998,-78.2,-73100,209.90039,1,1,0,0,1
1/11/2021,613500,52.25,73.373398,1849.6,14484.75,0.01,-0.072601,15.5,54300,137.5,1,0,1,1,1
1/12/2021,672900,53.21,73.513496,1842.9,14563.4502,0.96,0.140098,-6.7,59400,78.7002,1,1,0,1,1
1/13/2021,929600,52.91,73.165001,1853.6,14564.84961,-0.3,-0.348495,10.7,256700,1.39941,0,0,1,1,1
1/14/2021,874000,53.57,73.169899,1850.3,14595.59961,0.66,0.004898,-3.3,-55600,30.75,1,1,0,0,1
1/15/2021,620200,52.36,73.087601,1829.3,14433.7002,-1.21,-0.082298,-21,-253800,-161.89941,0,0,0,0,0
1/19/2021,789600,52.98,73.188698,1839.5,14521.15039,0.62,0.101097,10.2,169400,87.45019,1,1,1,1,1
1/20/2021,546100,53.24,73.191902,1865.9,14644.7002,0.26,0.003204,26.4,-243500,123.54981,1,1,1,0,1
1/21/2021,623100,53.13,72.910896,1865.3,14590.34961,-0.11,-0.281006,-0.6,77000,-54.35059,0,0,0,1,0
1/22/2021,704600,52.27,72.954903,1855.7,14371.90039,-0.86,0.044007,-9.6,81500,-218.44922,0,1,0,1,0
1/25/2021,776800,52.77,72.995903,1854.9,14238.90039,0.5,0.041,-0.8,72200,-133,1,1,0,1,0
1/27/2021,618600,52.85,72.919998,1844.9,13967.5,0.08,-0.075905,-10,-158200,-271.40039,1,0,0,0,0
1/28/2021,660700,52.34,73.037102,1837.9,13817.54981,-0.51,0.117104,-7,42100,-149.95019,0,1,0,1,0
1/29/2021,637900,52.2,72.938797,1847.3,13634.59961,-0.14,-0.098305,9.4,-22800,-182.9502,0,0,1,0,0
2/1/2021,753200,53.55,72.906601,1860.8,14281.2002,1.35,-0.032196,13.5,115300,646.60059,1,0,1,1,1
2/2/2021,870500,54.76,73.119797,1830.5,14647.84961,1.21,0.213196,-30.3,117300,366.64941,1,1,0,1,1
2/3/2021,915000,55.69,72.916298,1832.2,14789.9502,0.93,-0.203499,1.7,44500,142.10059,1,0,1,1,1
2/4/2021,869500,56.23,72.858002,1788.9,14895.65039,0.54,-0.058296,-43.3,-45500,105.70019,1,0,0,0,1
2/5/2021,884700,56.85,72.945702,1810.9,14924.25,0.62,0.0877,22,15200,28.59961,1,1,1,1,1
2/8/2021,935600,57.97,72.784798,1831.9,15115.79981,1.12,-0.160904,21,50900,191.54981,1,0,1,1,1
2/9/2021,671200,58.36,72.929901,1835.3,15109.29981,0.39,0.145103,3.4,-264400,-6.5,1,1,1,0,0
2/10/2021,713300,58.68,72.854897,1840.6,15106.5,0.32,-0.075004,5.3,42100,-2.79981,1,0,1,1,0
2/11/2021,624800,58.24,72.807297,1824.9,15173.29981,-0.44,-0.0476,-15.7,-88500,66.79981,0,0,0,0,1
2/12/2021,500100,59.47,72.709503,1821.6,15163.29981,1.23,-0.097794,-3.3,-124700,-10,1,0,0,0,0
2/16/2021,571800,60.05,72.638702,1797.2,15313.4502,0.58,-0.070801,-24.4,71700,150.15039,1,0,0,1,1
2/17/2021,648500,61.14,72.934998,1771.1,15208.90039,1.09,0.296296,-26.1,76700,-104.54981,1,1,0,1,0
2/18/2021,504800,60.52,72.797302,1773.4,15118.9502,-0.62,-0.137696,2.3,-143700,-89.95019,0,0,1,0,0
2/19/2021,770600,59.24,72.6054,1775.8,14981.75,-1.28,-0.191902,2.4,265800,-137.2002,0,0,1,1,0
2/22/2021,712200,61.49,72.553001,1806.7,14675.7002,2.25,-0.052399,30.9,-58400,-306.0498,1,0,1,0,0
2/23/2021,609900,61.67,72.444,1804.4,14707.79981,0.18,-0.109001,-2.3,-102300,32.09961,1,0,0,0,1
2/24/2021,744100,63.22,72.376999,1796.4,14982,1.55,-0.067001,-8,134200,274.20019,1,0,0,1,1
2/25/2021,403800,63.53,72.400002,1774.4,15097.34961,0.31,0.023003,-22,-340300,115.34961,1,1,0,0,1
2/26/2021,803900,61.5,73.150902,1728.1,14529.15039,-2.03,0.7509,-46.3,400100,-568.19922,0,1,0,1,0
3/1/2021,1103600,60.64,73.595901,1722.5,14761.54981,-0.86,0.444999,-5.6,299700,232.39942,0,1,0,1,1
3/2/2021,507300,59.75,73.309402,1733.1,14919.09961,-0.89,-0.286499,10.6,-596300,157.5498,0,0,1,0,1
3/3/2021,621700,61.28,73.277496,1715.3,15245.59961,1.53,-0.031906,-17.8,114400,326.5,1,0,0,1,1
3/4/2021,544200,63.83,72.880699,1700.2,15080.75,2.55,-0.396797,-15.1,-77500,-164.84961,1,0,0,0,0
3/5/2021,534900,66.09,73.131798,1698,14938.09961,2.26,0.251099,-2.2,-9300,-142.65039,1,1,0,0,0
3/8/2021,640700,65.05,73.1334,1677.7,14956.2002,-1.04,0.001602,-20.3,105800,18.10059,0,1,0,1,1
3/9/2021,0,64.01,73.330002,1716.6,15098.40039,-1.04,0.196602,38.9,-640700,142.20019,0,1,1,0,1
3/10/2021,675300,64.44,72.775902,1721.5,15174.79981,0.43,-0.5541,4.9,675300,76.39942,1,0,1,1,1
3/12/2021,404600,65.61,72.639,1719.5,15030.9502,1.17,-0.136902,-2,-270700,-143.84961,1,0,0,0,0
3/15/2021,493200,64.8,72.682999,1730.6,14929.5,-0.81,0.043999,11.1,88600,-101.4502,0,1,1,1,0
3/16/2021,467500,64.6,72.515297,1726.8,14910.4502,-0.2,-0.167702,-3.8,-25700,-19.0498,0,0,0,0,0
3/17/2021,100,60,72.515602,1732.2,14721.29981,-4.6,0.000305,5.4,-467400,-189.15039,0,1,1,0,0
3/18/2021,100,61.42,72.295601,1741.4,14557.84961,1.42,-0.220001,9.2,0,-163.4502,1,0,1,0,0
3/22/2021,542200,57.76,72.404999,1724.7,14736.40039,-3.66,0.109398,-16.7,542100,178.55078,0,1,0,1,1
3/23/2021,459000,61.18,72.380501,1732.9,14814.75,3.42,-0.024498,8.2,-83200,78.34961,1,0,1,0,1
3/24/2021,474200,58.56,72.612198,1724.9,14549.40039,-2.62,0.231697,-8,15200,-265.34961,0,1,0,1,0
3/25/2021,456400,60.97,72.645599,1732.2,14324.90039,2.41,0.033401,7.3,-17800,-224.5,1,1,1,0,0
3/30/2021,606800,59.16,72.741898,1713.8,14845.09961,-1.81,0.096299,-18.4,150400,520.19922,0,1,0,1,1
3/31/2021,594500,61.45,73.445297,1726.5,14690.7002,2.29,0.703399,12.7,-12300,-154.39941,1,1,1,0,0
4/5/2021,463900,59.33,73.375999,1741.5,14637.79981,-2.12,-0.069298,15,-130600,-52.90039,0,0,1,0,0
4/6/2021,509700,59.77,73.279503,1740.1,14683.5,0.44,-0.096496,-1.4,45800,45.70019,1,0,0,1,1
4/7/2021,475300,59.6,73.489998,1756.8,14819.04981,-0.17,0.210495,16.7,-34400,135.54981,0,1,1,0,1
4/8/2021,0,59.32,74.401497,1743.3,14873.79981,-0.28,0.911499,-13.5,-475300,54.75,0,1,0,0,1
4/12/2021,514800,60.18,74.7295,1746.2,14310.79981,0.86,0.328003,2.9,514800,-563,1,1,1,1,0
4/13/2021,650200,63.15,74.990997,1734.9,14504.79981,2.97,0.261497,-11.3,135400,194,1,1,0,1,1
4/15/2021,605100,63.13,75.0261,1779,14581.4502,-0.02,0.035103,44.1,-45100,76.65039,0,1,1,0,1
4/19/2021,568000,62.44,74.563202,1777.3,14359.4502,-0.69,-0.462898,-1.7,-37100,-222,0,0,0,0,0
4/20/2021,512300,61.35,74.878197,1792.3,14296.40039,-1.09,0.314995,15,-55700,-63.04981,0,1,1,0,0
4/22/2021,467400,62.14,75.429497,1777,14406.15039,0.79,0.5513,-15.3,-44900,109.75,1,1,0,0,1
4/26/2021,524600,62.94,74.868103,1778,14485,0.8,-0.561394,1,57200,78.84961,1,0,1,1,1
4/27/2021,452700,63.86,74.814903,1773.2,14653.04981,0.92,-0.0532,-4.8,-71900,168.04981,1,0,0,0,1
4/28/2021,451800,65.01,74.574997,1768.1,14864.54981,1.15,-0.239906,-5.1,-900,211.5,1,0,0,0,1
4/29/2021,457000,63.58,74.311798,1767.3,14894.90039,-1.43,-0.263199,-0.8,5200,30.35058,0,0,0,1,1
5/3/2021,517500,65.69,74.094803,1775.8,14634.15039,2.11,-0.216995,8.5,60500,-260.75,1,0,1,1,0
5/4/2021,448900,65.63,73.837502,1784.1,14496.5,-0.06,-0.257301,8.3,-68600,-137.65039,0,0,1,0,0
5/5/2021,503400,64.71,73.7789,1815.5,14617.84961,-0.92,-0.058602,31.4,54500,121.34961,0,0,1,1,1
5/6/2021,455900,64.9,73.7994,1831.1,14724.79981,0.19,0.0205,15.6,-47500,106.9502,1,1,1,0,1
5/10/2021,467800,65.28,73.290298,1835.9,14942.34961,0.38,-0.509102,4.8,11900,217.5498,1,0,1,1,1
5/11/2021,522000,66.08,73.5,1822.6,14850.75,0.8,0.209702,-13.3,54200,-91.59961,1,1,0,1,0
5/12/2021,647400,63.82,73.375099,1823.8,14696.5,-2.26,-0.124901,1.2,125400,-154.25,0,0,1,1,0
5/17/2021,643800,65.49,73.2789,1867.8,14923.15039,1.67,-0.096199,44,-3600,226.65039,1,0,1,0,1
5/18/2021,546400,63.36,73.269699,1881.3,15108.09961,-2.13,-0.009201,13.5,-97400,184.94922,0,0,1,0,1
5/19/2021,583900,62.05,73.128197,1881.8,15030.15039,-1.31,-0.141502,0.5,37500,-77.94922,0,0,1,1,0
5/20/2021,569100,63.58,73.2229,1876.7,14906.04981,1.53,0.094703,-5.1,-14800,-124.10058,1,1,0,0,0
5/24/2021,480300,66.07,72.909798,1898.1,15197.7002,2.49,-0.313102,21.4,-88800,291.65039,1,0,1,0,1
5/25/2021,579800,66.21,72.836601,1901.3,15208.4502,0.14,-0.073197,3.2,99500,10.75,1,0,1,1,1
5/26/2021,441500,66.85,72.804901,1895.7,15301.4502,0.64,-0.0317,-5.6,-138300,93,1,0,0,0,1
5/27/2021,384000,66.32,72.672501,1902.5,15337.84961,-0.53,-0.1324,6.8,-57500,36.39941,0,0,1,0,1
5/31/2021,0,67.72,72.393501,1902.9,15582.79981,1.4,-0.279,0.4,-384000,244.9502,1,0,1,0,1
6/1/2021,436000,68.83,72.487198,1907.5,15574.84961,1.11,0.093697,4.6,436000,-7.9502,1,1,1,1,0
6/2/2021,409600,68.81,72.855003,1871.2,15576.2002,-0.02,0.367805,-36.3,-26400,1.35059,0,1,0,0,1
6/3/2021,428600,69.62,72.965103,1889.8,15690.34961,0.81,0.1101,18.6,19000,114.14941,1,1,1,1,1
6/7/2021,410200,70.05,72.909698,1892.2,15751.65039,0.43,-0.055405,2.4,-18400,61.30078,1,0,1,0,1
6/8/2021,394000,69.96,72.809402,1893.2,15740.09961,-0.09,-0.100296,1,-16200,-11.55078,0,0,1,0,0
6/9/2021,378200,70.29,72.975304,1894.2,15635.34961,0.33,0.165902,1,-15800,-104.75,1,1,1,0,0
6/10/2021,457900,70.91,72.985298,1877.4,15737.75,0.62,0.009994,-16.8,79700,102.40039,1,1,0,1,1
6/14/2021,298300,72.12,73.231598,1854.5,15811.84961,1.21,0.2463,-22.9,-159600,74.09961,1,1,0,0,1
6/15/2021,392900,72.15,73.180801,1859.5,15869.25,0.03,-0.050797,5,94600,57.40039,1,0,1,1,1
6/16/2021,323300,71.04,73.344704,1773.8,15767.54981,-1.11,0.163903,-85.7,-69600,-101.70019,0,1,0,0,0
6/17/2021,340200,71.64,73.824097,1767.9,15691.40039,0.6,0.479393,-5.9,16900,-76.14942,1,1,0,1,0
6/21/2021,357600,73.06,74.143898,1776.3,15746.5,1.42,0.319801,8.4,17400,55.09961,1,1,1,1,1
6/22/2021,351500,73.08,74.135201,1782.3,15772.75,0.02,-0.008697,6,-6100,26.25,1,0,1,0,1
6/23/2021,322200,73.3,74.332199,1775.6,15686.9502,0.22,0.196998,-6.7,-29300,-85.7998,1,1,0,0,0
6/24/2021,287500,74.05,74.246902,1776.6,15790.4502,0.75,-0.085297,1,-34700,103.5,1,0,1,0,1
6/28/2021,316700,72.98,74.212997,1762.8,15814.7002,-1.07,-0.033905,-13.8,29200,24.25,0,0,0,1,1
6/29/2021,255100,73.47,74.2854,1770.8,15748.4502,0.49,0.072403,8,-61600,-66.25,1,1,1,0,0
6/30/2021,360300,75.23,74.287598,1775.9,15721.5,1.76,0.002198,5.1,105200,-26.9502,1,1,1,1,0
7/1/2021,262400,75.16,74.371002,1782.6,15680,-0.07,0.083404,6.7,-97900,-41.5,0,1,1,0,0
7/5/2021,224900,73.37,74.481796,1793.5,15834.34961,-1.79,0.110794,10.9,-37500,154.34961,0,1,1,0,1
7/6/2021,207000,72.2,74.317802,1801.5,15818.25,-1.17,-0.163994,8,-17900,-16.09961,0,0,1,0,0
7/7/2021,391400,72.94,74.762901,1799.6,15879.65039,0.74,0.445099,-1.9,184400,61.40039,1,1,0,1,1
7/8/2021,329300,74.56,74.821899,1810,15727.90039,1.62,0.058998,10.4,-62100,-151.75,1,1,1,0,0
7/12/2021,307900,75.25,74.490501,1809.4,15692.59961,0.69,-0.331398,-0.6,-21400,-35.30078,1,0,0,0,0
7/13/2021,216300,73.13,74.541702,1824.3,15812.34961,-2.12,0.051201,14.9,-91600,119.75,0,1,1,0,1
7/14/2021,246700,71.65,74.659103,1828.4,15853.9502,-1.48,0.117401,4.1,30400,41.60059,0,1,1,1,1
7/15/2021,0,71.81,74.469101,1814.5,15924.2002,0.16,-0.190002,-13.9,-246700,70.25,1,0,0,0,1
7/19/2021,284900,67.42,74.631798,1810.9,15752.40039,-4.39,0.162697,-3.6,284900,-171.79981,0,1,0,1,0
7/20/2021,242100,70.3,74.993401,1802.9,15632.09961,2.88,0.361603,-8,-42800,-120.30078,1,1,0,0,0
7/22/2021,274300,72.07,74.440201,1801.4,15824.04981,1.77,-0.5532,-1.5,32200,191.9502,1,0,0,1,1
7/26/2021,265300,71.65,74.448898,1799.5,15824.4502,-0.42,0.008697,-1.9,-9000,0.40039,0,1,0,0,1
7/27/2021,267100,72.39,74.289497,1799.5,15746.4502,0.74,-0.159401,0,1800,-78,1,0,0,1,0
7/28/2021,311000,73.62,74.502296,1831.2,15709.40039,1.23,0.212799,31.7,43900,-37.04981,1,1,1,1,0
7/29/2021,318600,73.95,74.389999,1812.6,15778.4502,0.33,-0.112297,-18.6,7600,69.04981,1,0,0,1,1
8/2/2021,401600,70.56,74.379097,1810.1,15885.15039,-3.39,-0.010902,-2.5,83000,106.70019,0,0,0,1,1
8/3/2021,244800,68.15,74.332001,1810.5,16130.75,-2.41,-0.047096,0.4,-156800,245.59961,0,0,1,0,1
8/4/2021,341300,69.09,74.214401,1805.1,16258.79981,0.94,-0.1176,-5.4,96500,128.04981,1,0,0,1,1
8/5/2021,427300,68.28,74.183998,1760,16294.59961,-0.81,-0.030403,-45.1,86000,35.7998,0,0,0,1,1
8/9/2021,418200,68.29,74.491402,1728.8,16258.25,0.01,0.307404,-31.2,-9100,-36.34961,1,1,0,0,0
8/10/2021,240500,69.25,74.466202,1750.4,16280.09961,0.96,-0.0252,21.6,-177700,21.84961,1,0,1,0,1
8/11/2021,288000,69.09,74.435501,1749,16282.25,-0.16,-0.030701,-1.4,47500,2.15039,0,0,0,1,1
8/12/2021,277900,68.44,74.102997,1775.2,16364.40039,-0.65,-0.332504,26.2,-10100,82.15039,0,0,1,0,1
8/16/2021,280200,66.59,74.216797,1785,16563.05078,-1.85,0.1138,9.8,2300,198.65039,0,1,1,1,1
8/17/2021,254000,65.46,74.135002,1781.6,16614.59961,-1.13,-0.081795,-3.4,-26200,51.54883,0,0,0,0,1
8/18/2021,297400,63.69,74.364502,1780.2,16568.84961,-1.77,0.2295,-1.4,43400,-45.75,0,1,0,1,0
8/23/2021,251800,67.54,74.301498,1805.6,16496.44922,3.85,-0.063004,25.4,-45600,-72.40039,1,0,1,0,0
8/24/2021,275600,68.36,74.105904,1788.2,16624.59961,0.82,-0.195594,-17.4,23800,128.15039,1,0,0,1,1
8/25/2021,275400,67.42,74.144798,1792.2,16634.65039,-0.94,0.038894,4,-200,10.05078,0,1,1,0,1
8/26/2021,265900,68.74,74.099998,1816.6,16636.90039,1.32,-0.0448,24.4,-9500,2.25,1,0,1,0,1
8/30/2021,253500,68.5,73.496597,1815,16931.05078,-0.24,-0.603401,-1.6,-12400,294.15039,0,0,0,0,1
8/31/2021,283500,68.59,73.411201,1813.1,17132.19922,0.09,-0.085396,-1.9,30000,201.14844,1,0,0,1,1
9/1/2021,464400,69.99,72.996696,1808.7,17076.25,1.4,-0.414505,-4.4,180900,-55.94922,1,0,0,1,0
9/2/2021,301900,69.29,72.9851,1830.9,17234.15039,-0.7,-0.011596,22.2,-162500,157.90039,0,0,1,0,1
9/6/2021,242400,68.35,72.994499,1795.9,17377.80078,-0.94,0.009399,-35,-59500,143.65039,0,1,0,0,1
9/7/2021,228000,69.3,73.110001,1790.7,17362.09961,0.95,0.115502,-5.2,-14400,-15.70117,1,1,0,0,0
9/8/2021,243400,68.14,73.390404,1797.4,17353.5,-1.16,0.280403,6.7,15400,-8.59961,0,1,1,1,0
9/9/2021,252700,69.72,73.789001,1789.6,17369.25,1.58,0.398597,-7.8,9300,15.75,1,1,0,1,1
9/13/2021,241500,70.46,73.5243,1804.7,17355.30078,0.74,-0.264701,15.1,-11200,-13.94922,1,0,1,0,0
9/14/2021,241100,72.61,73.540802,1792.4,17380,2.15,0.016502,-12.3,-400,24.69922,1,1,0,0,1
9/15/2021,230400,72.61,73.650803,1754.6,17519.44922,0,0.110001,-37.8,-10700,139.44922,0,1,0,0,1
9/16/2021,388200,71.97,73.438004,1749.4,17629.5,-0.64,-0.212799,-5.2,157800,110.05078,0,0,0,1,1
9/20/2021,503300,70.56,73.696098,1776,17396.90039,-1.41,0.258094,26.6,115100,-232.59961,0,1,1,1,0
9/21/2021,339100,72.23,73.658997,1776.7,17562,1.67,-0.037101,0.7,-164200,165.09961,1,0,1,0,1
9/22/2021,363600,73.3,73.792702,1747.7,17546.65039,1.07,0.133705,-29,24500,-15.34961,1,1,0,1,0
9/23/2021,295200,73.98,73.874901,1749.7,17822.94922,0.68,0.082199,2,-68400,276.29883,1,1,1,0,1
9/27/2021,320500,75.29,73.812897,1735.8,17855.09961,1.31,-0.062004,-13.9,25300,32.15039,1,0,0,1,1
9/28/2021,295700,74.83,73.825302,1721.5,17748.59961,-0.46,0.012405,-14.3,-24800,-106.5,0,1,0,0,0
9/29/2021,398000,75.03,74.1633,1755.3,17711.30078,0.2,0.337998,33.8,102300,-37.29883,1,1,1,1,0
9/30/2021,562200,75.88,74.321999,1757,17618.15039,0.85,0.158699,1.7,164200,-93.15039,1,1,1,1,0
10/4/2021,378600,78.93,74.1521,1759.6,17691.25,3.05,-0.169899,2.6,-183600,73.09961,1,0,1,0,1
10/5/2021,295800,77.43,74.5728,1760.5,17822.30078,-1.5,0.4207,0.9,-82800,131.05078,0,1,1,0,1
10/6/2021,427000,78.3,74.563202,1757.9,17646,0.87,-0.009598,-2.6,131200,-176.30078,1,0,0,1,0
10/7/2021,395800,79.35,74.760002,1756.3,17790.34961,1.05,0.1968,-1.6,-31200,144.34961,1,1,0,0,1
10/11/2021,419900,80.64,75.305801,1758.3,17945.94922,1.29,0.545799,2,24100,155.59961,1,1,1,1,1
10/12/2021,375800,80.44,75.402603,1793.7,17991.94922,-0.2,0.096802,35.4,-44100,46,0,1,1,0,1
10/13/2021,355600,81.31,75.483902,1796.7,18161.75,0.87,0.081299,3,-20200,169.80078,1,1,1,0,1
10/14/2021,506700,82.28,75.306297,1767.2,18338.55078,0.97,-0.177605,-29.5,151100,176.80078,1,0,0,1,1
10/18/2021,538700,82.96,75.005898,1769.7,18477.05078,0.68,-0.300399,2.5,32000,138.5,1,0,1,1,1
10/19/2021,469900,83.87,75.235497,1784.1,18418.75,0.91,0.229599,14.4,-68800,-58.30078,1,1,1,0,0
10/20/2021,368200,82.5,75.120102,1781.2,18266.59961,-1.37,-0.115395,-2.9,-101700,-152.15039,0,0,0,0,0
10/21/2021,371300,83.76,74.809196,1795.5,18178.09961,1.26,-0.310906,14.3,3100,-88.5,1,0,1,1,0
10/25/2021,365900,84.65,74.993698,1792.7,18125.40039,0.89,0.184502,-2.8,-5400,-52.69922,1,1,0,0,0
10/26/2021,418700,82.66,75.089897,1797.9,18268.40039,-1.99,0.096199,5.2,52800,143,0,1,1,1,1
10/27/2021,341400,82.81,74.888901,1801.6,18210.94922,0.15,-0.200996,3.7,-77300,-57.45117,1,0,1,0,0
10/28/2021,335200,83.57,75.050003,1783,17857.25,0.76,0.161102,-18.6,-6200,-353.69922,1,1,0,0,0
11/1/2021,374200,83.91,74.928299,1788.7,17929.65039,0.34,-0.121704,5.7,39000,72.40039,1,0,1,1,1
11/2/2021,281200,80.86,74.829903,1763.6,17888.94922,-3.05,-0.098396,-25.1,-93000,-40.70117,0,0,0,0,0
11/3/2021,296400,78.81,74.711998,1793,17829.19922,-2.05,-0.117905,29.4,15200,-59.75,0,0,1,1,0
11/4/2021,331000,81.27,74.435501,1816.4,17916.80078,2.46,-0.276497,23.4,34600,87.60156,1,0,1,1,1
11/8/2021,48500,81.93,74.191101,1827.4,18068.55078,0.66,-0.2444,11,-282500,151.75,1,0,1,0,1
11/9/2021,338900,84.15,73.918503,1830.2,18044.25,2.22,-0.272598,2.8,290400,-24.30078,1,0,1,1,0
11/10/2021,270200,81.34,74.174797,1847.6,18017.19922,-2.81,0.256294,17.4,-68700,-27.05078,0,1,1,0,0
11/11/2021,261400,81.59,74.4049,1863.2,17873.59961,0.25,0.230103,15.6,-8800,-143.59961,1,1,1,0,0
11/12/2021,232100,80.79,74.322098,1867.9,18102.75,-0.8,-0.082802,4.7,-29300,229.15039,0,0,1,0,1
11/15/2021,249100,80.88,74.339996,1866.1,18109.44922,0.09,0.017898,-1.8,17000,6.69922,1,1,0,1,1
11/16/2021,280400,80.76,74.435097,1853.6,17999.19922,-0.12,0.095101,-12.5,31300,-110.25,0,1,0,1,0
11/17/2021,267400,78.36,74.458603,1869.7,17898.65039,-2.4,0.023506,16.1,-13000,-100.54883,0,1,1,0,0
11/18/2021,295700,79.01,74.259804,1861,17764.80078,0.65,-0.198799,-8.7,28300,-133.84961,1,0,0,1,0
11/22/2021,278400,76.75,74.302597,1806,17416.55078,-2.26,0.042793,-55,-17300,-348.25,0,1,0,0,0
11/23/2021,356400,78.5,74.429802,1783.5,17503.34961,1.75,0.127205,-22.5,78000,86.79883,1,1,0,1,1
11/24/2021,308800,78.39,74.446999,1784.1,17415.05078,-0.11,0.017197,0.6,-47600,-88.29883,0,1,1,0,0
11/25/2021,298100,78.03,74.625,1791.4,17536.25,-0.36,0.178001,7.3,-10700,121.19922,0,1,1,0,1
11/26/2021,255900,68.15,74.505798,1785.3,17026.44922,-9.88,-0.119202,-6.1,-42200,-509.80078,0,0,0,0,0
11/29/2021,356300,69.95,74.981598,1782.3,17053.94922,1.8,0.4758,-3,100400,27.5,1,1,0,1,1
11/30/2021,348900,66.18,75.054901,1773.6,16983.19922,-3.77,0.073303,-8.7,-7400,-70.75,0,1,0,0,0
12/1/2021,498000,65.57,75.050903,1781.6,17166.90039,-0.61,-0.003998,8,149100,183.70117,0,0,1,1,1
12/2/2021,295500,66.5,75.017899,1760.7,17401.65039,0.93,-0.033004,-20.9,-202500,234.75,1,0,0,0,1
12/3/2021,279900,66.26,74.983498,1782,17196.69922,-0.24,-0.034401,21.3,-15600,-204.95117,0,0,1,0,0
12/6/2021,292500,69.49,75.234001,1777.5,16912.25,3.23,0.250503,-4.5,12600,-284.44922,1,1,0,1,0
12/7/2021,231700,72.05,75.391296,1782.6,17176.69922,2.56,0.157295,5.1,-60800,264.44922,1,1,1,0,1
12/8/2021,254100,72.36,75.4086,1783.4,17469.75,0.31,0.017304,0.8,22400,293.05078,1,1,1,1,1
12/9/2021,257800,70.94,75.383301,1774.6,17516.84961,-1.42,-0.025299,-8.8,3700,47.09961,0,0,0,1,1
12/10/2021,237200,71.67,75.599197,1782.9,17511.30078,0.73,0.215896,8.3,-20600,-5.54883,1,1,1,0,0
12/13/2021,204500,71.29,75.709999,1786.3,17368.25,-0.38,0.110802,3.4,-32700,-143.05078,0,1,1,0,0
12/14/2021,256600,70.73,75.826897,1770.4,17324.90039,-0.56,0.116898,-15.9,52100,-43.34961,0,1,0,1,0
12/15/2021,271000,70.87,76.047203,1762.6,17221.40039,0.14,0.220306,-7.8,14400,-103.5,1,1,0,1,0
12/16/2021,215000,72.38,76.211403,1796.6,17248.40039,1.51,0.1642,34,-56000,27,1,1,1,0,1
12/17/2021,219500,70.86,76.167503,1803.8,16985.19922,-1.52,-0.0439,7.2,4500,-263.20117,0,0,1,1,0
12/20/2021,354600,68.23,76.005997,1793.7,16614.19922,-2.63,-0.161506,-10.1,135100,-371,0,0,0,1,0
12/21/2021,330600,71.12,75.758698,1787.9,16770.84961,2.89,-0.247299,-5.8,-24000,156.65039,1,0,0,0,1
12/22/2021,241000,72.76,75.686401,1801.6,16955.44922,1.64,-0.072297,13.7,-89600,184.59961,1,0,1,0,1
12/23/2021,207900,73.79,75.458504,1811.2,17072.59961,1.03,-0.227897,9.6,-33100,117.15039,1,0,1,0,1
12/27/2021,197000,75.57,75.315002,1808.1,17086.25,1.78,-0.143502,-3.1,-10900,13.65039,1,0,0,0,1
12/28/2021,144800,75.98,74.980301,1810.2,17233.25,0.41,-0.334701,2.1,-52200,147,1,0,1,0,1
12/29/2021,176000,76.56,74.745003,1805.1,17213.59961,0.58,-0.235298,-5.1,31200,-19.65039,1,0,0,1,0
12/30/2021,161700,76.99,74.570297,1812.7,17203.94922,0.43,-0.174706,7.6,-14300,-9.65039,1,0,1,0,0
12/31/2021,320800,75.21,74.431198,1827.5,17354.05078,-1.78,-0.139099,14.8,159100,150.10156,0,0,1,1,1
1/3/2022,167000,76.08,74.513802,1799.4,17625.69922,0.87,0.082604,-28.1,-153800,271.64844,1,1,0,0,1
1/4/2022,200500,76.99,74.403297,1814,17805.25,0.91,-0.110505,14.6,33500,179.55078,1,0,1,1,1
1/5/2022,247400,77.85,74.534897,1824.6,17925.25,0.86,0.1316,10.6,46900,120,1,1,1,1,1
1/6/2022,251500,79.46,74.430099,1788.7,17745.90039,1.61,-0.104798,-35.9,4100,-179.34961,1,0,0,1,0
1/7/2022,236500,78.9,74.419296,1797,17812.69922,-0.56,-0.010803,8.3,-15000,66.79883,0,0,1,0,1
1/10/2022,239300,78.23,74.269997,1798.4,18003.30078,-0.67,-0.149299,1.4,2800,190.60156,0,0,1,1,1
1/11/2022,232400,81.22,74.056999,1818.6,18055.75,2.99,-0.212998,20.2,-6900,52.44922,1,0,1,0,1
1/12/2022,220200,82.64,73.8153,1827.2,18212.34961,1.42,-0.241699,8.6,-12200,156.59961,1,0,1,0,1
1/13/2022,245000,82.12,73.799103,1821.2,18257.80078,-0.52,-0.016197,-6,24800,45.45117,0,0,0,1,1
1/14/2022,303700,83.82,73.972298,1816.5,18255.75,1.7,0.173195,-4.7,58700,-2.05078,1,1,0,1,0
1/18/2022,229500,85.43,74.255096,1812.3,18113.05078,1.61,0.282798,-4.2,-74200,-142.69922,1,1,0,0,0
1/19/2022,227500,86.96,74.619698,1843.1,17938.40039,1.53,0.364602,30.8,-2000,-174.65039,1,1,1,0,0
1/20/2022,276700,86.9,74.449203,1842.5,17757,-0.06,-0.170495,-0.6,49200,-181.40039,0,0,0,1,0
1/21/2022,258100,85.14,74.452202,1831.8,17617.15039,-1.76,0.002999,-10.7,-18600,-139.84961,0,1,0,0,0
1/24/2022,277600,83.31,74.4132,1841.7,17149.09961,-1.83,-0.039002,9.9,19500,-468.05078,0,0,1,1,0
1/25/2022,323800,85.6,74.644798,1852.7,17277.94922,2.29,0.231598,11,46200,128.84961,1,1,1,1,1
1/27/2022,326500,86.61,74.894997,1793.3,17110.15039,1.01,0.250199,-59.4,2700,-167.79883,1,1,0,1,0
1/28/2022,395600,86.82,75.209297,1784.9,17101.94922,0.21,0.3143,-8.4,69100,-8.20117,1,1,0,1,0
1/31/2022,355300,88.15,75.039001,1795,17339.84961,1.33,-0.170296,10.1,-40300,237.90039,1,0,1,0,1
2/1/2022,321700,88.2,74.555801,1800.3,17576.84961,0.05,-0.4832,5.3,-33600,237,1,0,1,0,1
2/2/2022,386400,88.26,74.745499,1809.2,17780,0.06,0.189698,8.9,64700,203.15039,1,1,1,1,1
2/3/2022,271200,90.27,74.822403,1803,17560.19922,2.01,0.076904,-6.2,-115200,-219.80078,1,1,0,0,0
2/4/2022,226600,92.31,74.643898,1806.6,17516.30078,2.04,-0.178505,3.6,-44600,-43.89844,1,0,1,0,0
2/7/2022,261400,91.32,74.642197,1820.6,17213.59961,-0.99,-0.001701,14,34800,-302.70117,0,0,1,1,0
2/8/2022,265000,89.36,74.658302,1826.6,17266.75,-1.96,0.016105,6,3600,53.15039,0,1,1,1,1
2/9/2022,268500,89.66,74.695198,1835.2,17463.80078,0.3,0.036896,8.6,3500,197.05078,1,1,1,1,1
2/10/2022,236400,89.88,74.808899,1836.2,17605.84961,0.22,0.113701,1,-32100,142.04883,1,1,1,0,1
2/11/2022,273600,93.1,75.538399,1840.8,17374.75,3.22,0.7295,4.6,37200,-231.09961,1,1,1,1,0
2/14/2022,253100,95.46,75.341003,1868,16842.80078,2.36,-0.197396,27.2,-20500,-531.94922,1,0,1,0,0
2/15/2022,305500,92.07,75.685402,1854.8,17352.44922,-3.39,0.344399,-13.2,52400,509.64844,0,1,0,1,1
2/16/2022,298700,93.66,75.174797,1870.2,17322.19922,1.59,-0.510605,15.4,-6800,-30.25,1,0,1,0,0
2/17/2022,244500,91.76,75.042,1900.7,17304.59961,-1.9,-0.132797,30.5,-54200,-17.59961,0,0,1,0,0
2/18/2022,232100,91.07,75.063004,1898.6,17276.30078,-0.69,0.021004,-2.1,-12400,-28.29883,0,1,0,0,0
2/22/2022,189600,92.35,74.516998,1906.1,17092.19922,1.28,-0.546006,7.5,-42500,-184.10156,1,0,1,0,0
2/23/2022,300100,92.1,74.623001,1909.2,17063.25,-0.25,0.106003,3.1,110500,-28.94922,0,1,1,1,0
2/24/2022,200200,92.81,74.633003,1925.1,16247.9502,0.71,0.010002,15.9,-99900,-815.2998,1,1,1,0,0
2/25/2022,458000,91.59,75.408302,1886.5,16658.40039,-1.22,0.775299,-38.6,257800,410.45019,0,1,0,1,1
2/28/2022,329800,95.72,75.068001,1899.4,16793.90039,4.13,-0.340301,12.9,-128200,135.5,1,0,1,0,1
3/2/2022,404200,110.6,75.801201,1920.9,16605.94922,14.88,0.7332,21.5,74400,-187.95117,1,1,1,1,0
3/3/2022,517700,107.67,75.630997,1934.4,16498.05078,-2.93,-0.170204,13.5,113500,-107.89844,0,0,1,1,0
3/4/2022,442100,115.68,75.891701,1965.1,16245.34961,8.01,0.260704,30.7,-75600,-252.70117,1,1,1,0,0
3/7/2022,456100,119.4,76.417999,1993.9,15863.15039,3.72,0.526298,28.8,14000,-382.19922,1,1,1,1,0
3/8/2022,585400,123.7,77.080803,2040.1,16013.4502,4.3,0.662804,46.2,129300,150.29981,1,1,1,1,1
3/9/2022,543600,108.7,76.914497,1985.9,16345.34961,-15,-0.166306,-54.2,-41800,331.89941,0,0,0,0,1
3/10/2022,462200,106.02,76.134903,1998.1,16594.90039,-2.68,-0.779594,12.2,-81400,249.55078,0,0,1,0,1
3/11/2022,486400,109.33,76.310303,1982.7,16630.44922,3.31,0.1754,-15.4,24200,35.54883,1,1,0,1,1
3/14/2022,343700,96.44,76.7537,1928.5,16871.30078,-12.89,0.443397,-54.2,-142700,240.85156,0,1,0,0,1
3/15/2022,314700,95.04,76.490097,1908,16663,-1.4,-0.263603,-20.5,-29000,-208.30078,0,0,0,0,0
3/16/2022,381600,102.98,76.2659,1942.1,16975.34961,7.94,-0.224197,34.1,66900,312.34961,1,0,1,1,1
3/17/2022,260000,104.7,76.0242,1928.2,17287.05078,1.72,-0.2417,-13.9,-121600,311.70117,1,0,0,0,1
3/21/2022,448300,111.76,75.946404,1920.7,17117.59961,7.06,-0.077796,-7.5,188300,-169.45117,1,0,0,1,0
3/22/2022,285500,114.93,76.307098,1936.6,17315.5,3.17,0.360694,15.9,-162800,197.90039,1,1,1,0,1
3/23/2022,338300,112.34,76.101898,1961.6,17245.65039,-2.59,-0.2052,25,52800,-69.84961,0,0,1,1,0
3/24/2022,292100,113.9,76.552399,1953.8,17222.75,1.56,0.450501,-7.8,-46200,-22.90039,1,1,0,0,0
3/28/2022,290300,104.24,76.278503,1912,17222,-9.66,-0.273896,-41.8,-1800,-0.75,0,0,0,0,0
3/29/2022,253200,107.82,76.034103,1933.5,17325.30078,3.58,-0.2444,21.5,-37100,103.30078,1,0,1,0,1
3/30/2022,235100,100.28,75.666702,1949.2,17498.25,-7.54,-0.367401,15.7,-18100,172.94922,0,0,1,0,1
3/31/2022,505000,99.27,75.827797,1919.1,17464.75,-1.01,0.161095,-30.1,269900,-33.5,0,1,0,1,0
4/4/2022,281100,101.96,75.994797,1922.9,18053.40039,2.69,0.167,3.8,-223900,588.65039,1,1,1,0,1
4/5/2022,345500,96.23,75.477997,1918.4,17957.40039,-5.73,-0.5168,-4.5,64400,-96,0,0,0,1,0
4/6/2022,283500,96.03,75.450699,1933.8,17807.65039,-0.2,-0.027298,15.4,-62000,-149.75,0,0,1,0,0
4/7/2022,328800,98.26,75.945099,1941.6,17639.55078,2.23,0.4944,7.8,45300,-168.09961,1,1,1,1,0
4/11/2022,308800,100.6,75.917297,1972.1,17674.94922,2.34,-0.027802,30.5,-20000,35.39844,1,0,1,0,1
4/12/2022,251700,104.25,75.836998,1981,17530.30078,3.65,-0.080299,8.9,-57100,-144.64844,1,0,1,0,0
4/13/2022,266000,106.95,76.149803,1970.9,17475.65039,2.7,0.312805,-10.1,14300,-54.65039,1,1,0,1,0
4/18/2022,245100,102.56,76.331398,1955.7,17173.65039,-4.39,0.181595,-15.2,-20900,-302,0,1,0,0,0
4/19/2022,376100,102.75,76.280197,1952.3,16958.65039,0.19,-0.051201,-3.4,131000,-215,1,0,0,1,0
4/20/2022,401400,103.79,76.445396,1944.9,17136.55078,1.04,0.165199,-7.4,25300,177.90039,1,1,0,1,1
4/21/2022,286100,102.07,76.276199,1931,17392.59961,-1.72,-0.169197,-13.9,-115300,256.04883,0,0,0,0,1
4/25/2022,285200,101.7,76.463501,1901.4,16953.94922,-0.37,0.187302,-29.6,-900,-438.65039,0,1,0,0,0
4/26/2022,275700,102.02,76.527802,1885.9,17200.80078,0.32,0.064301,-15.5,-9500,246.85156,1,1,0,0,1
4/27/2022,261100,105.36,76.794098,1888.7,17038.40039,3.34,0.266296,2.8,-14600,-162.40039,1,1,1,0,0
4/28/2022,265100,104.69,76.472198,1909.3,17245.05078,-0.67,-0.3219,20.6,4000,206.65039,0,0,1,1,1
5/2/2022,312900,102.41,76.523102,1868.8,17069.09961,-2.28,0.050904,-40.5,47800,-175.95117,0,1,0,1,0
5/4/2022,278200,108.26,76.4673,1874,16677.59961,5.85,-0.055802,5.2,-34700,-391.5,1,0,1,0,0
5/5/2022,310600,109.77,76.001602,1881.2,16682.65039,1.51,-0.465698,7.2,32400,5.05078,1,0,1,1,1
5/9/2022,265800,99.76,76.957497,1839.9,16301.84961,-10.01,0.955895,-41.3,-44800,-380.80078,0,1,0,0,0
5/10/2022,288400,105.71,77.365501,1852.6,16240.04981,5.95,0.408004,12.7,22600,-61.7998,1,1,1,1,0
5/11/2022,283100,106.13,77.2714,1823.8,16167.09961,0.42,-0.094101,-28.8,-5300,-72.9502,1,0,0,0,0
5/12/2022,284300,110.49,77.418404,1807.4,15808,4.36,0.147004,-16.4,1200,-359.09961,1,1,0,1,0
5/16/2022,314900,112.4,77.486298,1818.2,15842.29981,1.91,0.067894,10.8,30600,34.29981,1,1,1,1,1
5/17/2022,217600,109.59,77.805397,1815.9,16259.29981,-2.81,0.319099,-2.3,-97300,417,0,1,0,0,1
5/18/2022,295700,112.21,77.372398,1841.2,16240.29981,2.62,-0.432999,25.3,78100,-19,1,0,1,1,0
5/19/2022,290400,113.23,77.82,1841.8,15809.40039,1.02,0.447602,0.6,-5300,-430.89942,1,1,1,0,0
5/23/2022,313900,109.77,77.818398,1865.1,16214.7002,-3.46,-0.001602,23.3,23500,405.29981,0,0,1,1,1
5/24/2022,293800,110.33,77.526802,1846.2,16125.15039,0.56,-0.291596,-18.9,-20100,-89.54981,1,0,0,0,0
5/25/2022,249800,114.09,77.478798,1847.4,16025.79981,3.76,-0.048004,1.2,-44000,-99.35058,1,0,1,0,0
5/26/2022,243300,115.07,77.497299,1851.3,16170.15039,0.98,0.018501,3.9,-6500,144.35058,1,1,1,0,1
5/30/2022,314300,114.67,77.692001,1842.7,16661.40039,-0.4,0.194702,-8.6,71000,491.25,0,1,0,1,1
5/31/2022,251400,115.26,77.520897,1843.3,16584.55078,0.59,-0.171104,0.6,-62900,-76.84961,1,0,1,0,0
6/1/2022,651600,116.87,77.598999,1866.5,16522.75,1.61,0.078102,23.2,400200,-61.80078,1,1,1,1,0
6/2/2022,249600,118.87,77.584099,1845.4,16628,2,-0.0149,-21.1,-402000,105.25,1,0,0,0,1
6/6/2022,236000,119.41,77.694199,1847.5,16569.55078,0.54,0.1101,2.1,-13600,-58.44922,1,1,1,0,0
6/7/2022,233600,122.11,77.820999,1851.9,16416.34961,2.7,0.1268,4.4,-2400,-153.20117,1,1,1,0,0
6/8/2022,233800,121.51,77.670601,1848.8,16356.25,-0.6,-0.150398,-3.1,200,-60.09961,0,0,0,1,0
6/9/2022,243500,120.67,77.724297,1871.5,16478.09961,-0.84,0.053696,22.7,9700,121.84961,0,1,1,1,1
6/13/2022,205000,118.93,78.177597,1809.5,15774.40039,-1.74,0.4533,-62,-38500,-703.69922,0,1,0,0,0
6/14/2022,225500,115.31,78.160599,1815.3,15732.09961,-3.62,-0.016998,5.8,20500,-42.30078,0,0,1,1,0
6/15/2022,225400,117.59,77.985497,1845.7,15692.15039,2.28,-0.175102,30.4,-100,-39.94922,1,0,1,0,0
6/16/2022,183000,109.56,77.9002,1835.6,15360.59961,-8.03,-0.085297,-10.1,-42400,-331.55078,0,0,0,0,0
6/20/2022,264700,110.65,77.961403,1834.6,15350.15039,1.09,0.061203,-1,81700,-10.44922,1,1,0,1,0
6/21/2022,260000,106.19,77.933998,1834.3,15638.79981,-4.46,-0.027405,-0.3,-4700,288.64942,0,0,0,0,1
6/22/2022,262800,104.27,78.134903,1825.7,15413.29981,-1.92,0.200905,-8.6,2800,-225.5,0,1,0,1,0
6/23/2022,220900,107.62,78.1931,1826.5,15556.65039,3.35,0.058197,0.8,-41900,143.35058,1,1,1,0,1
6/27/2022,259200,111.76,78.252296,1817.5,15832.04981,4.14,0.059196,-9,38300,275.39942,1,1,0,1,1
6/28/2022,210900,109.78,78.441101,1813.7,15850.2002,-1.98,0.188805,-3.8,-48300,18.15039,0,1,0,0,1
6/29/2022,251900,105.76,79.073196,1804.1,15799.09961,-4.02,0.632095,-9.6,41000,-51.10059,0,1,0,1,0
6/30/2022,444900,108.43,78.8983,1798.9,15780.25,2.67,-0.174896,-5.2,193000,-18.84961,1,0,0,1,0
7/4/2022,306000,99.5,78.950699,1761.8,15835.34961,-8.93,0.052399,-37.1,-138900,55.09961,0,1,0,0,1
7/5/2022,304300,98.53,78.939499,1734.9,15810.84961,-0.97,-0.0112,-26.9,-1700,-24.5,0,0,0,0,0
7/6/2022,254200,102.73,79.368401,1737.9,15989.79981,4.2,0.428902,3,-50100,178.9502,1,1,1,0,1
7/7/2022,288400,104.79,79.0439,1740.6,16132.90039,2.06,-0.324501,2.7,34200,143.10058,1,0,1,1,1
7/11/2022,264600,95.84,79.331398,1723.3,16216,-8.95,0.287498,-17.3,-23800,83.09961,0,1,0,0,1
7/12/2022,255900,96.3,79.477798,1734.2,16058.29981,0.46,0.1464,10.9,-8700,-157.70019,1,1,1,0,0
7/13/2022,208600,95.78,79.476402,1704.5,15966.65039,-0.52,-0.001396,-29.7,-47300,-91.64942,0,0,0,0,0
7/14/2022,233300,97.59,79.807503,1702.4,15938.65039,1.81,0.331101,-2.1,24700,-28,1,1,0,1,0
7/18/2022,228600,104.22,79.720497,1710,16278.5,6.63,-0.087006,7.6,-4700,339.84961,1,0,1,0,1
7/19/2022,227700,102.26,80.030296,1699.5,16340.54981,-1.96,0.309799,-10.5,-900,62.04981,0,1,0,0,1
7/20/2022,222600,96.35,79.855904,1712.7,16520.84961,-5.91,-0.174392,13.2,-5100,180.2998,0,0,1,0,1
7/21/2022,284400,94.7,80.003403,1727.1,16605.25,-1.65,0.147499,14.4,61800,84.40039,0,1,1,1,1
7/25/2022,243600,94.98,79.876801,1717.7,16631,0.28,-0.126602,-9.4,-40800,25.75,1,0,0,0,1
7/26/2022,211400,97.26,79.722504,1719.1,16483.84961,2.28,-0.154297,1.4,-32200,-147.15039,1,0,1,0,0
7/27/2022,208200,96.42,79.841202,1750.3,16641.80078,-0.84,0.118698,31.2,-3200,157.95117,0,1,1,0,1
7/28/2022,185200,98.62,79.847397,1762.9,16929.59961,2.2,0.006195,12.6,-23000,287.79883,1,1,1,0,1
8/1/2022,376300,94.42,79.194801,1771.1,17340.05078,-4.2,-0.652596,8.2,191100,410.45117,0,0,1,1,1
8/2/2022,381500,90.66,78.955704,1758,17345.44922,-3.76,-0.239097,-13.1,5200,5.39844,0,0,0,1,1
8/3/2022,333600,88.54,78.6045,1788.5,17388.15039,-2.12,-0.351204,30.5,-47900,42.70117,0,0,1,0,1
8/4/2022,285400,89.01,79.118301,1772.9,17382,0.47,0.513801,-15.6,-48200,-6.15039,1,1,0,0,0
8/8/2022,325000,90.5,79.410599,1794,17525.09961,1.49,0.292298,21.1,39600,143.09961,1,1,1,1,1
8/10/2022,257000,94.34,79.5784,1789.7,17534.75,3.84,0.167801,-4.3,-68000,9.65039,1,1,0,0,1
8/11/2022,312700,92.09,79.097801,1798.6,17659,-2.25,-0.480599,8.9,55700,124.25,0,0,1,1,1
8/16/2022,311200,88.11,79.552902,1760.3,17825.25,-3.98,0.455101,-38.3,-1500,166.25,0,1,0,0,1
8/17/2022,0,90.5,79.146004,1755.3,17944.25,2.39,-0.406898,-5,-311200,119,1,0,0,0,1
8/18/2022,262800,90.77,79.359703,1747.6,17956.5,0.27,0.213699,-7.7,262800,12.25,1,1,0,1,1
8/22/2022,263900,93.74,79.9179,1746.8,17490.69922,2.97,0.558197,-0.8,1100,-465.80078,1,1,0,1,0
8/23/2022,287600,94.89,79.883797,1747.8,17577.5,1.15,-0.034103,1,23700,86.80078,1,0,1,1,1
8/24/2022,285600,92.52,79.8545,1757.7,17604.94922,-2.37,-0.029297,9.9,-2000,27.44922,0,0,1,0,1
8/25/2022,262000,93.06,79.796799,1736.1,17522.44922,0.54,-0.057701,-21.6,-23600,-82.5,1,0,0,0,0
8/29/2022,230200,91.64,79.959099,1723.2,17312.90039,-1.42,0.1623,-12.9,-31800,-209.54883,0,1,0,0,0
8/30/2022,244900,89.55,79.967903,1712.8,17759.30078,-2.09,0.008804,-10.4,14700,446.40039,0,1,0,1,1
9/1/2022,324700,86.87,79.548798,1709.8,17542.80078,-2.68,-0.419105,-3,79800,-216.5,0,0,0,1,0
9/5/2022,308500,86.88,79.724503,1700.4,17665.80078,0.01,0.175705,-9.4,-16200,123,1,1,0,0,1
9/6/2022,230300,81.94,79.782997,1715.3,17655.59961,-4.94,0.058494,14.9,-78200,-10.20117,0,1,1,0,0
9/7/2022,251200,83.54,79.895103,1708,17624.40039,1.6,0.112106,-7.3,20900,-31.19922,1,1,0,1,0
9/8/2022,354100,86.79,79.649803,1716.2,17798.75,3.25,-0.2453,8.2,102900,174.34961,1,0,1,1,1
9/12/2022,279800,87.31,79.6558,1705,17936.34961,0.52,0.005997,-11.2,-74300,137.59961,1,1,0,0,1
9/13/2022,228200,88.48,79.355301,1696.5,18070.05078,1.17,-0.300499,-8.5,-51600,133.70117,1,0,0,0,1
9/14/2022,259900,85.1,79.602402,1665.4,18003.75,-3.38,0.247101,-31.1,31700,-66.30078,0,1,0,1,0
9/15/2022,365900,85.11,79.453697,1671.7,17877.40039,0.01,-0.148705,6.3,106000,-126.34961,1,0,1,1,0
9/19/2022,289600,84.45,79.689499,1659.7,17622.25,-0.66,0.235802,-12,-76300,-255.15039,0,1,0,0,0
9/20/2022,258300,82.94,79.707497,1664.6,17816.25,-1.51,0.017998,4.9,-31300,194,0,1,1,0,1
9/21/2022,263100,83.49,79.762703,1670.8,17718.34961,0.55,0.055206,6.2,4800,-97.90039,1,1,1,1,0
9/22/2022,245500,78.74,80.050697,1645.3,17629.80078,-4.75,0.287994,-25.5,-17600,-88.54883,0,1,0,0,0
9/26/2022,284100,78.5,81.254799,1626.7,17016.30078,-0.24,1.204102,-18.6,38600,-613.5,0,1,0,1,0
9/27/2022,492000,82.15,81.615799,1660.4,17007.40039,3.65,0.361,33.7,207900,-8.90039,1,1,1,1,0
9/28/2022,359900,81.23,81.724602,1658.5,16858.59961,-0.92,0.108803,-1.9,-132100,-148.80078,0,1,0,0,0
9/29/2022,323900,79.49,81.428703,1662.4,16818.09961,-1.74,-0.295899,3.9,-36000,-40.5,0,0,1,0,0
10/3/2022,340000,86.52,81.521301,1721.1,16887.34961,7.03,0.092598,58.7,16100,69.25,1,1,1,1,1
10/4/2022,278400,87.76,81.495003,1711.4,17274.30078,1.24,-0.026298,-9.7,-61600,386.95117,1,0,0,0,1
10/6/2022,226000,92.64,81.648804,1700.5,17331.80078,4.88,0.153801,-10.9,-52400,57.5,1,1,0,0,1
10/10/2022,265500,89.35,82.832298,1678.7,17241,-3.29,1.183494,-21.8,39500,-90.80078,0,1,0,1,0
10/11/2022,234000,87.27,82.4207,1670.3,16983.55078,-2.08,-0.411598,-8.4,-31500,-257.44922,0,0,0,0,0
10/12/2022,282600,89.11,82.273903,1670,17123.59961,1.84,-0.146797,-0.3,48600,140.04883,1,0,0,1,1
10/13/2022,256000,85.61,82.199997,1641.7,17014.34961,-3.5,-0.073906,-28.3,-26600,-109.25,0,0,0,0,0
10/17/2022,266400,82.82,82.412804,1649,17311.80078,-2.79,0.212807,7.3,10400,297.45117,0,1,1,1,1
10/18/2022,212200,85.55,82.194702,1627.5,17486.94922,2.73,-0.218102,-21.5,-54200,175.14844,1,0,0,0,1
10/19/2022,239500,85.98,82.2864,1630.8,17512.25,0.43,0.091698,3.3,27300,25.30078,1,1,1,1,1
10/20/2022,210500,85.05,82.997002,1651,17563.94922,-0.93,0.710602,20.2,-29000,51.69922,0,1,1,0,1
10/24/2022,249600,85.32,82.541298,1652.8,17730.75,0.27,-0.455704,1.8,39100,166.80078,1,0,1,1,1
10/25/2022,45000,87.91,82.761497,1664,17656.34961,2.59,0.220199,11.2,-204600,-74.40039,1,1,1,0,0
10/27/2022,251400,87.9,82.049599,1639.6,17736.94922,-0.01,-0.711898,-24.4,206400,80.59961,0,0,0,1,1
10/31/2022,324600,88.37,82.239197,1645,18012.19922,0.47,0.189598,5.4,73200,275.25,1,1,1,1,1
11/1/2022,227200,90,82.728996,1645.7,18145.40039,1.63,0.489799,0.7,-97400,133.20117,1,1,1,0,1
11/2/2022,349900,88.17,82.684502,1627.3,18082.84961,-1.83,-0.044494,-18.4,122700,-62.55078,0,0,0,1,0
11/3/2022,270900,92.61,82.888397,1672.5,18052.69922,4.44,0.203895,45.2,-79000,-30.15039,1,1,1,0,0
11/7/2022,213000,91.79,81.974998,1676.5,18202.80078,-0.82,-0.913399,4,-57900,150.10156,0,0,1,0,1
11/9/2022,314800,85.83,81.405197,1710.1,18157,-5.96,-0.569801,33.6,101800,-45.80078,0,0,1,1,0
11/10/2022,307200,86.47,81.343803,1750.3,18028.19922,0.64,-0.061394,40.2,-7600,-128.80078,1,0,1,0,0
11/11/2022,256500,88.96,80.482903,1766,18349.69922,2.49,-0.8609,15.7,-50700,321.5,1,0,1,0,1
11/14/2022,378500,85.87,80.497002,1773.6,18329.15039,-3.09,0.014099,7.6,122000,-20.54883,0,1,1,1,0
11/15/2022,301400,86.92,80.991997,1773.8,18403.40039,1.05,0.494995,0.2,-77100,74.25,1,1,1,0,1
11/16/2022,250900,85.59,81.071404,1773,18409.65039,-1.33,0.079407,-0.8,-50500,6.25,0,1,0,0,1
11/17/2022,219300,81.64,81.4953,1760.8,18343.90039,-3.95,0.423896,-12.2,-31600,-65.75,0,1,0,0,0
11/18/2022,200500,80.08,81.524902,1751.9,18307.65039,-1.56,0.029602,-8.9,-18800,-36.25,0,1,0,0,0
11/21/2022,198800,79.73,81.519897,1737.4,18159.94922,-0.35,-0.005005,-14.5,-1700,-147.70117,0,0,0,0,0
